日付,場コード,レース,決まり手,3連単配当,1着の枠,1着(立役者),1枠(飛んだイン)
20260313,8,4,まくり,39090,5,生方靖亜,安田政彦
20260313,8,5,まくり,44970,6,乙藤智史,安井瑞紀
20260313,8,6,まくり,10100,6,川口貴久,西橋奈未
20260313,7,4,まくり,18090,3,三好勇人,乃村康友
20260313,7,5,まくり差し,16310,4,近藤颯斗,犬童千秋
20260313,7,9,まくり,16120,2,宮村勇哉,大田直弥
20260313,11,8,まくり差し,16320,6,黒野元基,山本兼士
20260313,11,10,差し,10030,2,高橋勲,福来剛
20260313,11,11,まくり,10480,3,廣瀬凜,竹田和哉
20260313,11,12,差し,13100,5,金田諭,服部幸男
20260313,14,1,差し,170890,2,岡崎凪汰,馬場剛
20260313,14,5,まくり,15110,4,松本弓雄,杉山正樹
20260313,14,10,まくり,27120,4,高岡竜也,竹井貴史
20260313,14,11,まくり差し,13870,3,松本弓雄,田中京介
20260313,5,9,まくり,17310,3,為本智也,三浦洋次朗
20260313,18,12,差し,12910,4,平高奈菜,鎌倉涼
20260313,16,6,差し,26820,4,嶋田貴支,今井貴士
20260313,16,7,差し,62170,2,井上未都,鈴木章司
20260313,20,3,まくり,10890,5,川上剛,深川和仁
20260313,20,7,まくり,16360,4,梶山涼斗,山下昂大
20260313,20,9,まくり,13620,5,寺島吉彦,大串重幸
20260313,21,2,差し,19780,4,佐々木完太,宮崎奨
20260313,21,11,まくり,10410,5,西野雄貴,丹下将
20260313,24,7,差し,142250,2,今泉友吾,石野貴之
20260313,24,11,まくり,30310,5,今垣光太郎,中田竜太
20260312,1,4,まくり差し,21740,4,武田光史,田中豪
20260312,1,6,まくり差し,20920,6,伯母芳恒,長谷川晴哉
20260312,1,7,差し,130500,2,太田潮,西野翔太
20260312,1,8,まくり差し,16980,5,柳瀬幹太,三品隆浩
20260312,8,5,まくり差し,28150,4,西川新太郎,乙藤智史
20260312,8,9,まくり,13280,3,浜田亜理沙,森智也
20260312,6,1,まくり差し,15430,3,松浦勝,野中義生
20260312,2,9,抜き,50980,3,河内一馬,網代良芽
20260312,2,10,まくり差し,20090,4,荒木颯斗,中亮太
20260312,2,12,まくり差し,63370,5,竹間隆晟,田中駿兵
20260312,11,4,まくり,22500,3,星野政彦,百武翔
20260312,11,8,まくり,25330,2,多羅尾達之,鈴木智啓
20260312,11,10,まくり,42060,2,廣瀬凜,室田泰史
20260312,7,1,抜き,15260,2,深水慎一郎,平見真彦
20260312,14,8,抜き,23720,2,三原司,岡田憲行
20260312,14,9,まくり,20040,3,馬場剛,村上功祐
20260312,14,10,まくり差し,34070,6,田中京介,角浜修
20260312,14,11,まくり差し,22220,3,黒澤めぐみ,平野和明
20260312,16,2,まくり,15310,4,谷口丞,長谷川雅和
20260312,21,1,まくり差し,15660,4,淺香文武,大橋栄里佳
20260312,21,7,差し,27170,2,北川幸典,中嶋誠一郎
20260312,21,8,まくり差し,10010,3,深井利寿,淺香文武
20260312,18,8,まくり,18780,2,清埜翔子,石井裕美
20260312,24,1,まくり差し,20710,4,栗城匠,浜先真範
20260312,24,7,差し,14280,4,久田敏之,井口佳典
20260312,22,4,まくり,12060,4,野間大樹,神里琴音
20260312,22,8,まくり,15280,3,神里琴音,畑竜生
20260312,22,11,まくり,15790,3,松尾昂明,平田忠則
20260312,20,2,まくり,34640,5,木谷賢太,梶山涼斗
20260312,20,12,差し,33850,4,吉村誠,里岡右貴
20260311,8,4,差し,10700,4,鳥居塚孝博,森智也
20260311,8,10,まくり,25700,6,石川真二,佐藤大佑
20260311,1,3,差し,50470,2,表健太,久保原秀人
20260311,1,6,まくり差し,126390,4,黒田誠司,川上聡介
20260311,1,11,まくり,12220,4,濱崎直矢,角谷健吾
20260311,13,11,まくり差し,14230,3,藤森陸斗,佐々木和伸
20260311,5,3,まくり,27110,4,数原魁,長谷川充
20260311,5,7,抜き,14740,6,濱本優一,永田秀二
20260311,16,1,まくり差し,83040,6,泉具巳,丸尾義孝
20260311,16,4,まくり,10170,3,門間雄大,栗山繁洋
20260311,16,8,まくり差し,18700,5,坪口竜也,古場輝義
20260311,2,3,抜き,25520,6,青木蓮,川原涼
20260311,2,5,まくり,63630,3,佐藤航,成貞琳平
20260311,10,5,差し,11220,2,金子貴志,相原利章
20260311,10,8,差し,10390,2,松竹大輔,田路朋史
20260311,20,6,まくり差し,16970,5,山一鉄也,天野晶夫
20260311,18,5,まくり差し,12290,4,渡辺千草,中谷朋子
20260311,18,7,まくり差し,33450,6,平高奈菜,篠木亜衣花
20260311,22,3,まくり,39840,2,大西賢,谷口知優
20260311,22,6,まくり,18690,3,嶋義信,川崎智稔
20260311,24,9,まくり差し,12260,5,新田雄史,今垣光太郎
20260311,24,11,まくり差し,33190,3,原田才一郎,上條暢嵩
20260310,1,10,まくり,28120,5,田中豪,笠原亮
20260310,8,6,まくり,19630,4,東口晃,乙藤智史
20260310,2,1,まくり差し,18710,4,高井駿弥,香月大輝
20260310,2,7,差し,14780,2,長谷川暖,中野希一
20260310,10,6,まくり差し,17230,6,萩原秀人,片岡大地
20260310,17,2,差し,22920,4,滝沢織寧,橋本明
20260310,17,3,まくり,11250,3,奥田誠,小林一樹
20260310,17,4,差し,22360,4,今村暢孝,鈴木裕隆
20260310,17,10,まくり差し,29790,5,植田太一,木下陽介
20260310,18,8,まくり,13260,3,福山恵里奈,笠野友紀恵
20260310,18,11,まくり,10730,4,竹井奈美,佐々木裕美
20260310,13,9,差し,14370,2,吉川昭男,田川大貴
20260310,20,3,まくり差し,19490,3,木山和幸,小林孝弘
20260310,20,5,差し,37940,2,野口勝弘,郷原章平
20260310,20,10,まくり,17250,6,水摩敦,川上剛
20260310,24,8,抜き,26170,2,白井英治,辻栄蔵
20260310,24,10,まくり差し,53270,5,澤田尚也,井口佳典
20260310,22,9,まくり,28950,3,峰重力也,小池哲也
20260309,10,2,まくり,10160,3,加藤優弥,相原利章
20260309,10,3,まくり差し,12030,3,萩原秀人,渡邉俊介
20260309,10,5,差し,39820,4,本吉正樹,近藤友宝
20260309,10,11,差し,14800,2,田路朋史,興津藍
20260309,12,1,まくり差し,11510,5,濱崎誠,新田智彰
20260309,12,3,まくり,67910,4,野相弘司,深澤達徳
20260309,12,8,まくり,20780,4,奈須啓太,金子萌
20260309,8,3,まくり,14570,4,乙藤智史,東口晃
20260309,8,6,まくり差し,13990,6,太田和美,藤堂里香
20260309,8,8,まくり,21240,3,丹下健,國崎良春
20260309,8,11,まくり,12020,2,天野友和,長野壮志郎
20260309,13,8,抜き,240360,6,松尾夏海,渡邉睦広
20260309,2,10,まくり,80080,2,屋良龍紀,上野俊樹
20260309,1,2,抜き,124130,6,内山峻輔,黒田誠司
20260309,1,3,まくり,11690,3,三浦敬太,野見山拓己
20260309,23,4,まくり差し,147660,6,八戸琉楓,宮野仁
20260309,23,10,まくり差し,11450,4,中澤和志,岡部大輔
20260309,24,2,まくり,15300,3,松田祐季,今泉友吾
20260309,24,8,まくり差し,12160,3,今泉友吾,小池修平
20260309,24,11,まくり,17700,5,上條暢嵩,瓜生正義
20260308,1,5,まくり,40170,4,山崎裕司,田中豪
20260308,11,1,まくり差し,191230,6,志賀美優,佐藤ほのか
20260308,11,4,まくり,55260,3,吉田彩乃,来田衣織
20260308,11,5,差し,13010,4,村上奈穂,永井聖美
20260308,11,6,まくり,13030,4,深尾巴恵,落合直子
20260308,10,6,差し,17850,3,竹之内極,守屋大地
20260308,10,12,差し,15920,2,廣瀬真也,横田貴満
20260308,12,3,まくり,17140,3,一柳和孝,奈須啓太
20260308,12,11,まくり差し,39660,4,森永隆,石本裕武
20260308,8,5,まくり差し,23300,5,佐藤大佑,石田政吾
20260308,8,6,まくり,10750,2,上田紗奈,浜田亜理沙
20260308,8,9,差し,10540,2,鈴木秀茉,酒見峻介
20260308,17,11,まくり差し,18030,4,清水敦揮,上條嘉嗣
20260308,13,9,抜き,17500,4,庄司孝輔,森悠稀
20260308,24,4,抜き,43020,5,木下翔太,前田将太
20260308,23,4,まくり,27020,3,野末智一,佐藤旭
20260308,23,11,まくり差し,237130,6,海野ゆかり,山下和彦
20260307,2,11,まくり,19260,5,笹木香吾,塚越海斗
20260307,10,5,まくり,16050,3,萩原秀人,廣瀬真也
20260307,10,6,まくり差し,27300,5,伊倉光,宮地博士
20260307,10,7,まくり,28020,6,片岡大地,堂原洋史
20260307,1,5,差し,14400,2,中村有裕,表健太
20260307,17,2,差し,24650,4,中田友也,滝沢織寧
20260307,16,5,まくり差し,27780,3,吉田裕平,深谷知博
20260307,16,11,差し,25840,2,茅原悠紀,村岡賢人
20260307,20,2,まくり差し,10900,6,樋口亮,大江純
20260307,12,4,まくり,14360,5,石本裕武,後藤盛也
20260307,12,8,まくり,180000,2,萩原知哉,川崎智幸
20260307,11,1,まくり,33790,3,岩崎麗子,薮内瑞希
20260307,11,3,まくり差し,152950,6,山下奈緒,武藤綾子
20260307,11,6,差し,17340,5,大橋栄里佳,深見亜由美
20260307,11,11,まくり差し,44420,4,津田裕絵,樋口由加里
20260307,23,1,まくり,33100,3,岡部大輔,馬袋義則
20260307,23,6,差し,35270,2,佐藤旭,山谷央
20260307,23,12,まくり差し,34460,6,武井莉里佳,中村晃朋
20260306,12,10,まくり差し,141130,6,竹田辰也,重野哲之
20260306,11,3,まくり差し,29470,5,樋口由加里,野田部宏子
20260306,6,2,まくり差し,12510,3,大谷直弘,東健介
20260306,6,11,まくり差し,158090,5,大平誉史明,伊藤将吉
20260306,17,3,まくり,36690,6,木下陽介,上田隆章
20260306,17,6,まくり,12680,4,川島圭司,宮嵜隆太郎
20260306,1,8,まくり,70170,4,小林基樹,杉山貴博
20260306,1,10,まくり差し,19860,5,岡部大輝,井上恵一
20260306,16,2,まくり,11090,4,塩田北斗,片岡雅裕
20260306,16,11,まくり差し,14440,3,藤原碧生,村岡賢人
20260306,16,12,差し,10240,2,松井繁,吉田拡郎
20260305,16,10,まくり差し,20220,5,上野真之介,菅章哉
20260305,11,9,まくり,17160,4,野田部宏子,岩崎麗子
20260305,12,1,まくり,96010,6,金子萌,新田智彰
20260305,12,8,まくり,37450,5,吉村正明,丸岡正典
20260305,18,6,抜き,35670,4,笠雅雄,森定晃史
20260305,6,1,まくり差し,27350,5,乙津康志,豊田訓靖
20260305,6,9,まくり差し,12200,6,高橋勲,杉江浩明
20260305,15,11,差し,11940,2,久田武,大澤大夢
20260305,15,12,抜き,42410,3,西島義則,吉川貴仁
20260305,7,10,抜き,129670,5,岡村将也,北野輝季
20260305,22,7,抜き,37140,3,横田海人,永田秀二
20260305,20,5,差し,41230,2,宗行治哉,田村隆信
20260305,21,7,まくり差し,11610,5,川島拓郎,高橋二朗
20260305,21,9,まくり,26410,2,山口隆史,菅沼佳昭
20260304,13,9,差し,10820,2,土屋智則,小坂宗司
20260304,15,8,まくり,10520,4,鈴木孝明,百武翔
20260304,15,9,差し,22730,2,西島義則,丸尾義孝
20260304,15,12,まくり,41870,2,倉尾大介,鈴木孝明
20260304,7,2,差し,24170,2,谷口健一,高山秀雄
20260304,7,8,まくり,96620,3,小池哲也,原豊土
20260304,16,3,まくり差し,11620,5,山田康二,塩田北斗
20260304,16,5,まくり差し,10360,5,菅章哉,坪井康晴
20260304,16,10,まくり,14380,3,中野次郎,森高一真
20260304,16,11,まくり差し,15080,3,海野康志郎,末永和也
20260304,16,12,まくり差し,20760,4,茅原悠紀,西山貴浩
20260304,12,3,まくり差し,29820,3,谷本幸司,飯島誠
20260304,12,6,まくり,11070,2,石本裕武,桑原将光
20260304,12,8,まくり,10150,3,黒崎竜也,北山康介
20260304,11,6,まくり,119330,2,落合直子,深見亜由美
20260304,11,9,まくり差し,13050,5,池田紫乃,武藤綾子
20260304,6,1,まくり,22570,5,香月大介,前田光昭
20260304,18,4,差し,15650,2,福田雅一,藤田浩人
20260304,18,5,まくり,20520,3,沼田大都,楠原翔太
20260304,18,12,差し,28360,2,竹井貴史,吉田一郎
20260304,20,7,差し,40020,2,松田憲幸,倉田茂将
20260304,20,10,抜き,14620,5,樋口亮,篠原飛翔
20260304,21,9,まくり差し,17980,5,森口和紀,中島昂章
20260304,22,5,差し,10630,2,羽田妃希,沖島広和
20260303,13,1,まくり差し,42970,5,中嶋達也,土井歩夢
20260303,13,5,まくり,17760,3,沢田昭宏,荒牧凪沙
20260303,13,10,恵まれ,32900,6,数原魁,末永由楽
20260303,18,12,まくり,62000,4,渡邊裕貴,黒野元基
20260303,11,4,まくり,19320,5,深見亜由美,山崎小葉音
20260303,11,7,まくり,20210,3,樋口由加里,土屋実沙希
20260303,11,9,まくり,10570,5,来田衣織,中尾彩香
20260303,16,6,差し,58620,4,松井繁,稲田浩二
20260303,16,7,差し,14510,4,畑田汰一,中野次郎
20260303,16,12,まくり,16530,3,吉田拡郎,桐生順平
20260303,20,7,まくり,13900,3,松本弓雄,山田晃大
20260303,21,4,まくり差し,64030,6,滝川真由子,吉田俊彦
20260303,22,6,まくり,188280,5,稲生夏季,横田海人
20260303,24,8,まくり差し,25300,3,長谷川暖,岡崎凪汰
20260302,15,1,まくり,12340,3,赤池修平,森安弘雅
20260302,15,12,まくり差し,16630,6,吉川貴仁,江口晃生
20260302,13,6,差し,26750,2,宮本夏樹,永井源
20260302,13,10,まくり,99790,4,数原魁,山一鉄也
20260302,6,4,まくり差し,19190,6,佐々木康幸,宮迫暢彦
20260302,6,5,まくり差し,12920,3,後藤正宗,東健介
20260302,6,7,抜き,18190,4,加木郁,寳田亮治
20260302,18,9,まくり,33130,2,長谷川雅和,花田凱成
20260302,18,10,まくり差し,15540,6,松崎祐太郎,松尾基成
20260302,18,11,差し,10380,3,黒野元基,三村岳人
20260302,16,1,まくり,39010,4,井上一輝,入海馨
20260302,16,3,まくり,25390,5,吉田拡郎,西岡顕心
20260302,16,8,まくり,30380,6,藤原碧生,井上一輝
20260302,19,11,まくり,33750,4,中野夢斗,北川幸典
20260302,21,10,まくり差し,26980,6,山田哲也,草場康幸
20260302,20,1,まくり,51100,3,武田正紀,松下誉士
20260302,24,1,抜き,80250,2,大島隆乃介,坂井滉哉
20260302,24,12,差し,33340,2,高橋龍治,前田翔
20260301,8,1,まくり,83230,3,前川守嗣,木下翔太
20260301,8,3,抜き,27290,1,藤田美代,藤田美代
20260301,8,8,まくり,18010,3,大塚康雅,島倉都
20260301,1,7,まくり差し,52660,5,金子怜央,荒井翔伍
20260301,6,2,差し,11610,4,都築正治,中村裕将
20260301,6,5,まくり差し,30570,5,大谷直弘,中島友和
20260301,6,6,まくり,12410,3,中村裕将,松尾宣邦
20260301,7,2,まくり,25570,6,森竜也,森作広大
20260301,7,3,まくり,20950,4,中澤宏奈,藤丸光一
20260301,7,5,まくり,12880,4,上瀧絢也,関口智久
20260301,2,4,まくり,18280,3,横田茂,滝沢崚
20260301,2,8,差し,19650,6,池田雄祐,古場輝義
20260301,2,10,まくり,11760,3,佐藤悠,梶原正
20260301,2,12,差し,37180,6,里岡右貴,濱崎直矢
20260301,14,3,差し,13640,4,井上未都,細川裕子
20260301,14,10,差し,15720,3,藤原菜希,香川素子
20260301,21,1,まくり,16660,4,川崎智稔,鳥飼眞
20260301,21,10,まくり,13470,3,石井孝之,岡谷健吾
20260301,20,2,まくり,23050,2,松本弓雄,重冨勇哉
20260301,20,10,抜き,11410,3,新田洋一,平野和明
20260301,24,3,まくり差し,15920,4,岩下巧斗,小宮涼雅
20260228,7,1,まくり差し,58440,4,熊本英一,木幡純也
20260228,7,5,まくり,11130,3,品田直樹,井上大輔
20260228,7,11,まくり差し,13230,4,藤原早菜,黒澤めぐみ
20260228,12,1,抜き,22360,6,品川二千翔,立具敬司
20260228,12,5,差し,21320,2,伊藤喜智,上原崚
20260228,12,6,抜き,18910,6,山口晃朋,山本兼士
20260228,1,4,まくり,21900,3,稗田聖也,吉川喜継
20260228,1,7,まくり差し,27580,4,渡邊雄斗,須藤博倫
20260228,8,3,まくり,11970,2,西丸侑太朗,藤原孝斗
20260228,8,9,まくり,46240,6,松下一也,峰重力也
20260228,14,6,差し,13100,6,守屋美穂,登みひ果
20260228,14,8,差し,11220,2,寺島美里,倉持莉々
20260228,14,12,抜き,12790,2,小野生奈,遠藤エミ
20260228,18,2,差し,119750,2,栗原直也,服部幸男
20260228,19,5,抜き,11020,5,定松勇樹,中野夢斗
20260228,19,7,まくり差し,10960,4,妻鳥晋也,藤井公人
20260228,22,1,まくり,49080,4,吉岡誠,前田滉
20260228,22,4,まくり差し,10180,5,眞鳥章太,飯田庄吾
20260228,24,4,まくり,15870,2,豊田祥生,石田勇斗
20260228,24,6,抜き,23550,5,山下大輝,梅原祥平
20260228,23,7,まくり,83040,3,川上清人,安東幸治
20260227,13,3,まくり差し,83960,6,石田章央,内山文典
20260227,13,4,差し,22700,6,佐竹太一,山崎鉄平
20260227,13,10,抜き,15340,4,森下愛梨,関野文
20260227,11,4,まくり差し,49040,5,柳瀬興志,西舘健
20260227,2,4,まくり,14220,5,池田雄祐,夏山亮平
20260227,2,8,まくり差し,67860,6,松井友汰,齋藤和政
20260227,2,11,まくり,15700,4,中野孝二,池田雄祐
20260227,14,1,まくり,21590,4,岩崎芳美,平高奈菜
20260227,12,3,まくり,23790,3,上原崚,白井友晴
20260227,12,5,抜き,15150,2,堤昇,渡邉俊介
20260227,12,6,まくり差し,29860,4,渡辺崇,和田操拓
20260227,12,9,抜き,35870,2,渡邉俊介,前田篤哉
20260227,1,10,まくり,58760,4,横田貴満,下條雄太郎
20260227,1,12,まくり差し,12740,5,仲本舜,村田修次
20260227,24,1,まくり差し,25130,4,大島隆乃介,網代良芽
20260227,18,5,まくり差し,22240,5,笠雅雄,福田雅一
20260227,16,4,まくり差し,18070,3,菅沼佳昭,山本梨菜
20260227,16,8,まくり差し,39700,4,森林太,岩橋裕馬
20260227,19,5,差し,10250,2,森清友翔,杉村賢也
20260226,1,2,差し,25470,6,古結宏,稗田聖也
20260226,1,3,まくり,26650,3,亀山雅幸,淺香文武
20260226,8,4,まくり,17790,2,宇留田翔平,服部剛
20260226,5,2,差し,81230,2,塚田修二,品川賢次
20260226,5,3,まくり,15600,4,田中勇輔,佐藤大騎
20260226,5,7,まくり,32330,3,田中勇輔,表憲一
20260226,13,3,まくり,23590,4,大西賢,山口広樹
20260226,14,5,まくり,19680,4,川野芽唯,川井萌
20260226,14,8,まくり,27450,4,前田紗希,藤堂里香
20260226,14,9,差し,14170,2,鎌倉涼,海野ゆかり
20260226,14,11,まくり,11950,2,山口真喜子,中村桃佳
20260226,11,7,まくり差し,26880,4,山ノ内雅人,柳瀬興志
20260226,15,1,まくり,43960,3,川添英正,米田隆弘
20260226,15,4,差し,59480,6,廣瀬真也,吉川勇作
20260226,16,1,まくり,15660,3,森林太,松尾光広
20260226,19,4,差し,11620,2,中野夢斗,三苫晃幸
20260226,19,8,まくり,92100,4,柴田大輔,大原祥昌
20260226,19,9,差し,36710,2,藤井公人,定松勇樹
20260226,19,12,差し,19890,4,萩原秀人,馬場貴也
20260226,24,7,まくり,26960,3,高山敬悟,前田翔
20260226,24,12,まくり差し,30170,3,若林義人,鰐部太空海
20260226,21,3,まくり,14160,4,小野信樹,三浦洋次朗
20260226,23,11,差し,18180,4,若狭奈美子,宮嵜隆太郎
20260225,5,1,まくり,26620,5,佐藤大騎,塚田修二
20260225,5,7,まくり,24710,3,滝沢芳行,高橋正男
20260225,5,10,まくり差し,27380,4,佐藤大騎,中辻博訓
20260225,12,5,差し,11360,3,伊藤喜智,佐藤大佑
20260225,13,3,まくり差し,10170,5,原田秀弥,笠野友紀恵
20260225,13,4,差し,19020,3,山崎鉄平,齊藤優
20260225,13,5,差し,10860,4,堤啓輔,伊藤尚汰
20260225,14,4,差し,10790,2,清埜翔子,倉持莉々
20260225,1,1,まくり,52050,5,須藤博倫,佐口達也
20260225,2,1,抜き,13140,4,古場輝義,松本浩貴
20260225,2,3,まくり,16200,5,梶原正,荻野裕介
20260225,2,8,まくり,75980,4,横田茂,古場輝義
20260225,11,9,抜き,15000,4,石川哲秀,飯島昌弘
20260225,17,6,抜き,17650,3,幸野史明,原田才一郎
20260225,16,1,まくり,23160,4,岡部大輔,角浜修
20260225,16,4,まくり,10770,2,登玉隼百,菅沼佳昭
20260225,16,9,まくり差し,23800,5,吉村正明,松下知幸
20260225,16,11,まくり,81580,6,向井田直弥,古澤光紀
20260225,19,4,抜き,36220,5,後藤盛也,庄司孝輔
20260225,15,4,まくり差し,42780,5,久田敏之,野長瀬正孝
20260225,23,5,まくり,15320,4,山本浩輔,北村征嗣
20260224,11,3,まくり差し,33480,6,鈴木雄登,三馬崇史
20260224,11,4,まくり,49500,2,柳瀬興志,石川哲秀
20260224,11,6,まくり差し,19530,3,金子龍斗,松尾祭
20260224,11,10,まくり差し,53350,5,金子龍斗,江夏満
20260224,1,1,差し,17210,2,國崎良春,近藤稔也
20260224,1,3,差し,11300,2,小林遼太,東口晃
20260224,6,9,まくり,25100,2,井上慧人,中島秀治
20260224,14,2,まくり,31200,3,香川素子,向井美鈴
20260224,14,3,まくり,25720,3,竹井奈美,寺田千恵
20260224,14,6,まくり差し,70480,5,寺島美里,岩崎芳美
20260224,5,7,差し,32270,6,高橋正男,佐藤大騎
20260224,5,12,まくり差し,45900,4,乙津康志,中辻博訓
20260224,16,4,まくり差し,10190,3,田中太一郎,國弘翔平
20260224,16,9,まくり,30910,5,田中太一郎,天野友和
20260224,17,2,まくり,30860,3,深川和仁,荒川健太
20260224,17,7,まくり差し,16760,4,深川和仁,渡邊雄一郎
20260224,21,3,抜き,14830,5,高岡竜也,田中豪
20260223,12,7,まくり差し,19160,3,吉村誠,中亮太
20260223,6,2,まくり,18480,4,原豊土,成貞琳平
20260223,6,3,まくり,16720,4,鈴木猛,山室展弘
20260223,6,9,まくり差し,10610,4,深水慎一郎,池千夏
20260223,5,7,まくり差し,25810,5,浅見宗孝,表憲一
20260223,15,5,まくり差し,10000,4,田中宏典,宮内直哉
20260223,11,2,まくり,10080,2,大賀龍之介,中村駿平
20260223,17,1,まくり,19700,3,山崎昂介,百武翔
20260223,17,5,まくり,12020,2,作間章,板倉敦史
20260223,17,8,差し,15450,4,池上隆行,星野政彦
20260223,18,4,まくり差し,28850,3,木幡純也,宗行治哉
20260223,22,7,まくり,23180,4,高橋淳美,藤原早菜
20260223,21,2,まくり,27130,4,中澤和志,奈須啓太
20260223,23,7,差し,14310,3,坪内実,山下流心
20260223,23,12,差し,30000,4,北村征嗣,安河内将
20260222,12,4,抜き,23370,3,白井友晴,鈴木賢一
20260222,12,5,まくり,71420,2,山本兼士,藤山翔大
20260222,12,6,抜き,10380,4,柳生泰二,乙藤智史
20260222,15,9,まくり差し,52190,4,佐藤航,廣瀬真也
20260222,5,4,まくり,15470,6,金子拓矢,新田智彰
20260222,13,10,まくり,41360,4,篠原晟弥,鰐部太空海
20260222,7,12,まくり差し,56600,6,森野正弘,海野康志郎
20260222,6,9,まくり差し,10580,3,田川大貴,中島秀治
20260222,11,6,まくり,10060,2,川原祐明,大賀龍之介
20260222,11,9,まくり差し,16200,4,柳瀬興志,松本一毅
20260222,17,7,まくり,11790,1,渡辺空依,渡辺空依
20260222,17,10,まくり差し,15280,5,渡邊雄一郎,小野勇作
20260222,18,3,まくり,83460,3,佐藤旭,井本昌也
20260222,19,9,差し,74860,3,小林一樹,上田洋平
20260222,19,10,まくり差し,18650,3,谷口佳蓮,山下夏鈴
20260222,24,1,差し,60520,3,津留浩一郎,大須賀友
20260222,24,2,まくり,17310,4,馬場剛,長尾章平
20260222,24,8,まくり差し,13060,6,豊田健士郎,西尾亮輔
20260222,21,8,抜き,10620,3,松村康太,飯島誠
20260222,21,10,まくり,16770,4,高濱芳久,高岡竜也
20260222,22,4,まくり,27920,3,松本怜,西澤日花里
20260221,10,1,抜き,12420,5,佐竹友樹,竹腰正樹
20260221,10,8,まくり差し,20340,3,松本真広,梅木敬太
20260221,10,10,差し,25520,4,尾崎雄二,酒井俊弘
20260221,10,11,差し,10340,2,小池哲也,入澤友治
20260221,13,3,まくり,16070,5,川原涼,藤井公人
20260221,13,5,まくり,18030,3,山下大輝,鈴木唯央
20260221,19,1,まくり差し,13510,4,安達裕樹,中島航
20260221,18,6,差し,75850,4,小畑実成,真子奈津実
20260221,7,12,まくり,51110,4,秋元哲,柳沢一
20260221,6,7,まくり差し,14190,4,八木治樹,倉尾大介
20260221,6,11,差し,43410,3,谷野錬志,田川大貴
20260221,15,4,差し,11990,2,松竹大輔,伊藤雄二
20260221,15,5,まくり差し,20080,6,大峯豊,星栄爾
20260221,21,1,まくり差し,147670,6,飯島誠,奈須啓太
20260221,21,8,まくり,10760,4,高岡竜也,岸本隆
20260221,21,10,まくり,35150,2,山下奈緒,西野翔太
20260220,13,10,まくり差し,10540,3,西岡蒼志,前田翔
20260220,17,1,まくり,57840,2,幸野史明,渡邊雄一郎
20260220,20,1,差し,19240,2,石本裕武,里岡右貴
20260220,10,2,差し,101330,2,上原健次郎,小池哲也
20260220,10,5,まくり差し,44120,5,眞鳥章太,宇田川信一
20260220,18,4,差し,18460,2,前野竜一,松尾拓
20260220,16,6,差し,12640,2,喜多那由夏,宇野博之
20260220,16,7,まくり差し,21480,6,浮田圭浩,楠原正剛
20260220,6,6,まくり,43120,4,廣瀬将亨,成貞琳平
20260220,6,12,差し,11510,2,濱崎誠,君島秀三
20260220,19,2,まくり,14740,5,杉山裕也,村田敦
20260220,22,7,まくり,26240,3,中尾彩香,薮内瑞希
20260220,24,1,差し,11080,2,佐竹恒彦,崎利仁
20260219,10,11,まくり差し,15410,3,一色凌雅,上原健次郎
20260219,19,3,まくり,11000,2,野田彩加,坂咲友理
20260219,19,11,まくり,22840,4,服部幸男,武田光史
20260219,6,7,まくり,53940,3,増田進,廣瀬将亨
20260219,6,12,抜き,15350,4,高田ひかる,谷野錬志
20260219,20,2,抜き,120260,5,竹下大樹,堀本和也
20260219,20,3,まくり,12240,3,池永太,辻栄蔵
20260219,13,12,まくり差し,268090,6,谷口丞,西丸侑太朗
20260219,16,5,まくり差し,18520,5,遠藤エミ,三浦永理
20260219,16,6,まくり,13310,2,宮本夏樹,石井伸長
20260219,16,8,まくり差し,25500,4,宮武英司,宮田龍馬
20260219,16,9,まくり,11000,4,盛本真輔,渋谷明憲
20260219,23,6,差し,18600,4,佐々木翔斗,原村拓也
20260219,23,8,まくり差し,28860,4,鳥飼眞,中嶋誠一郎
20260219,24,9,まくり差し,10140,5,金子猛志,白水勝也
20260218,13,6,まくり,26520,3,上野俊樹,青木蓮
20260218,13,7,まくり,50680,2,谷口丞,楠将太郎
20260218,13,9,まくり差し,12680,3,山下拓巳,竹間隆晟
20260218,16,3,まくり差し,19880,3,宮本夏樹,小野寺智洋
20260218,16,6,まくり差し,13270,5,渡邉優美,高木圭大
20260218,16,7,差し,10810,2,宇野博之,深山祐二
20260218,16,12,差し,27400,4,山田佑樹,遠藤エミ
20260218,11,2,差し,13380,2,前田健太郎,小川知行
20260218,11,4,まくり,31810,6,網代良芽,松井友汰
20260218,11,9,まくり差し,28390,3,吉田和仁,赤井睦
20260218,11,10,差し,10520,4,松井友汰,中田夕貴
20260218,10,6,まくり差し,53150,4,中嶋健一郎,木村亮太
20260218,10,10,差し,17620,5,松本純平,宇土泰就
20260218,8,8,差し,11290,2,近藤雄一郎,冨名腰桃奈
20260218,19,2,恵まれ,10370,4,萬正嗣,岸本雄貴
20260218,1,12,差し,58700,2,竹井貴史,大澤風葵
20260218,20,6,差し,27560,2,白井英治,原田幸哉
20260218,23,9,まくり差し,23640,5,大串重幸,木山誠一
20260218,23,12,まくり差し,132470,4,福岡泉水,赤岩善生
20260218,22,2,まくり,52160,4,大山千広,高橋淳美
20260218,22,9,まくり,27900,6,野田部宏子,大山千広
20260217,11,8,まくり差し,10000,4,米田隆弘,田路朋史
20260217,11,9,まくり,49280,4,小玉啓太,吉田和仁
20260217,11,11,まくり,39180,4,井上恵一,木谷賢太
20260217,1,1,まくり差し,10200,6,河内一馬,角山雄哉
20260217,1,3,まくり差し,18800,6,秦英悟,大塚浩二
20260217,16,3,まくり,12620,4,杉田篤光,山崎小葉音
20260217,17,8,差し,10140,2,吉岡誠,吉原聖人
20260217,13,6,抜き,24890,5,高橋龍治,中野希一
20260217,13,8,まくり,12260,4,山下大輝,川原涼
20260217,13,9,まくり,18640,3,村松栄太,塚越海斗
20260217,13,12,まくり差し,19820,6,田中駿兵,山下大輝
20260217,19,2,差し,14450,2,真庭明志,胡本悟志
20260217,19,7,まくり,48510,6,武田光史,杉山裕也
20260217,10,3,まくり差し,13730,5,尾崎雄二,竹腰正樹
20260217,10,5,まくり,10340,3,小山勉,中島真二
20260217,10,12,差し,57660,5,黒野元基,笠原亮
20260217,8,9,まくり,17500,5,間嶋仁志,小澤学
20260217,8,10,差し,10470,4,田中信一郎,伊久間陽優
20260217,20,6,まくり差し,24500,5,定松勇樹,大上卓人
20260217,23,10,抜き,17420,3,楠原翔太,村上功祐
20260216,8,3,まくり差し,11830,5,平山智加,小倉康典
20260216,8,5,抜き,10010,4,寳田亮治,小森信雄
20260216,8,11,まくり,12630,3,米丸乃絵,伊久間陽優
20260216,1,1,まくり,12080,3,坪井爽佑,村上彰一
20260216,1,11,まくり差し,10510,5,高井雄基,山本隆幸
20260216,1,12,差し,19930,2,柴田大輔,太田和美
20260216,7,4,まくり差し,26740,6,大島隆乃介,松田隆司
20260216,7,9,まくり,24300,3,岸蔭亮,森作雄大
20260216,18,12,抜き,35680,5,末永由楽,鈴木博
20260216,20,3,差し,28640,4,堀本和也,下條雄太郎
20260216,20,5,まくり差し,16240,3,原田幸哉,重成一人
20260216,16,7,まくり,19360,6,楠原正剛,香川陽太
20260216,16,9,抜き,32640,6,遠藤エミ,大野芳顕
20260216,23,4,差し,28370,2,福田雅一,原村拓也
20260216,21,2,まくり差し,65760,6,前田光昭,森智也
20260215,6,2,まくり差し,212600,6,浅井翼,竹本太樹
20260215,6,12,まくり差し,26100,4,新田泰章,毒島誠
20260215,8,4,差し,38330,4,中田元泰,山谷央
20260215,7,1,まくり差し,11250,4,大月遊雅,松竹大輔
20260215,11,7,抜き,23380,5,前田健太郎,三好勇人
20260215,11,10,差し,16700,5,濱野斗馬,春園功太
20260215,11,11,まくり差し,17720,4,小芦るり華,井上遥妃
20260215,17,2,抜き,20590,1,垂水悠,垂水悠
20260215,17,6,差し,19200,2,坂口貴彦,村越篤
20260215,17,11,まくり差し,13540,3,南佑典,横田貴満
20260215,13,8,まくり差し,20760,6,岩橋裕馬,荒川健太
20260215,13,11,まくり,70890,5,河野主樹,竹井奈美
20260215,16,2,まくり差し,15980,3,山田佑樹,川崎公靖
20260215,16,8,まくり,13030,5,上條嘉嗣,杉山勝匡
20260215,16,12,まくり差し,38850,3,吉川喜継,遠藤エミ
20260215,1,10,まくり差し,116320,6,岡部哲,一瀬明
20260215,1,12,まくり差し,20330,3,木田峰由季,秦英悟
20260215,20,10,まくり,10060,4,山崎郡,末永和也
20260215,23,8,まくり差し,43350,5,伯母芳恒,梶原正
20260215,18,4,差し,19890,2,大澤誠也,中辻博訓
20260215,21,12,まくり,24080,2,安東幸治,實森美祐
20260214,8,5,抜き,10720,1,中野夢斗,中野夢斗
20260214,11,5,まくり差し,21690,5,金田大輔,井上恵一
20260214,11,6,まくり,17310,4,吉田和仁,向井田佑紀
20260214,13,1,差し,32720,2,伊藤啓三,岩橋裕馬
20260214,13,4,まくり差し,54180,5,松本弓雄,江本真治
20260214,14,2,まくり,44050,2,坪内実,湯淺紀香
20260214,14,8,差し,57920,2,高橋真吾,三馬崇史
20260214,14,9,まくり差し,12070,4,長畑友輔,芝田京介
20260214,15,1,抜き,21000,2,森弘行,加藤奈月
20260214,15,6,まくり差し,12600,6,松村康太,坂本雄紀
20260214,15,7,まくり差し,11290,5,細川裕子,山田晃大
20260214,6,8,まくり差し,74180,3,松尾祭,和田操拓
20260214,1,8,まくり,33760,4,大塚浩二,宮崎奨
20260214,7,3,まくり,12720,2,渡邊裕貴,山本稔太朗
20260214,19,1,まくり,11850,4,内田圭,山田真聖
20260214,21,6,抜き,22440,1,服部剛,服部剛
20260214,21,8,まくり,16310,4,佐藤悠,中島友和
20260214,17,2,差し,10090,5,山地正樹,池田雷太
20260214,18,10,まくり差し,16220,4,鈴木博,牧山敦也
20260213,15,6,まくり差し,25640,3,土屋蘭,山田晃大
20260213,15,11,差し,10470,2,西野翔太,岡崎恭裕
20260213,7,9,まくり,13750,3,下出卓矢,内堀学
20260213,7,12,まくり,22360,1,村上遼,村上遼
20260213,14,3,差し,12410,2,廣中良一,松瀬弘美
20260213,14,12,差し,57550,3,岡部浩,吉村誠
20260213,6,11,差し,55490,2,竹本太樹,桐本康臣
20260213,18,8,差し,39870,3,待鳥雄紀,金子順一
20260213,18,10,差し,14150,6,渡邉和将,井上茂
20260213,11,1,まくり,10540,5,杉江浩明,山本浩輔
20260213,11,2,まくり差し,17250,5,米田隆弘,新田芳美
20260213,11,5,抜き,24660,3,土井祥伍,田路朋史
20260213,13,5,抜き,20820,5,田口節子,永田楽
20260213,17,2,まくり,50160,4,常盤海心,大場恒季
20260213,17,7,まくり差し,14180,3,垂水悠,常盤海心
20260213,21,4,まくり差し,39730,5,山川雄大,今村暢孝
20260213,21,6,まくり,21600,6,近江翔吾,関口智久
20260213,19,1,まくり,12960,4,小林京平,来田衣織
20260213,19,9,差し,15200,4,品川二千翔,山崎祥
20260213,19,10,まくり差し,13570,4,福田宗平,高岡竜也
20260212,7,9,まくり差し,42060,6,浜本裕己,下出卓矢
20260212,19,5,差し,32160,3,門田栞,安河内鈴之介
20260212,6,1,まくり,20270,4,三浦裕貴,豊田祥生
20260212,15,1,まくり,25940,2,山本景士郎,近藤稔也
20260212,15,3,まくり,24670,2,妻鳥晋也,藤井徹
20260212,15,6,まくり,16550,6,重富伸也,坂本雄紀
20260212,15,9,まくり,23390,3,西野翔太,山田晃大
20260212,17,1,差し,11160,3,桑原将光,杉村賢也
20260212,17,3,まくり差し,23360,5,山下流心,鈴木章司
20260212,17,9,まくり,49600,4,鈴木章司,古田祐貴
20260212,17,12,まくり,24100,3,濱崎直矢,村岡賢人
20260212,13,3,差し,12350,4,長野壮志郎,福田翔吾
20260212,13,5,まくり差し,46450,5,登みひ果,飯田庄吾
20260212,13,8,差し,83170,4,羽田妃希,関野文
20260212,18,2,まくり,21870,3,中村有裕,末永由楽
20260212,14,5,まくり,10040,2,土屋実沙希,伊藤玲奈
20260212,14,8,まくり,15870,4,大廣咲季,坪内実
20260212,14,12,抜き,16150,2,宮脇遼太,古賀繁輝
20260212,21,5,抜き,51910,2,近江翔吾,室田泰史
20260211,5,4,まくり,43990,2,飛田江己,中野希一
20260211,2,8,まくり,10970,3,高田綾,宮崎安奈
20260211,10,1,まくり差し,30480,4,大場広孝,高橋英之
20260211,10,5,差し,12050,4,南野利騰,北川幸典
20260211,10,8,まくり,23990,6,都築正治,滝沢崚
20260211,10,12,まくり差し,12360,4,武田光史,小坂宗司
20260211,7,10,まくり,52840,4,大月遊雅,桑原悠
20260211,14,1,まくり差し,16900,3,久保原秀人,清水攻二
20260211,14,4,まくり差し,49580,4,芝田京介,渡邊伸太郎
20260211,14,6,まくり,13310,3,上田隆章,平瀬城啓
20260211,13,1,抜き,13870,2,岩橋裕馬,宇恵有香
20260211,13,3,抜き,39470,6,福田翔吾,三苫晃幸
20260211,13,4,まくり,51690,2,永田楽,星野太郎
20260211,20,8,まくり,30780,6,川崎智稔,大神康司
20260211,20,10,まくり差し,11800,4,櫻本あゆみ,長尾章平
20260211,21,6,差し,11610,5,今村暢孝,岡部貴司
20260211,19,1,差し,12000,2,小林京平,小林基樹
20260211,19,2,まくり,15300,4,堀本裕也,佐藤駿介
20260211,19,5,まくり,16890,2,島川海輝,三浦洋次朗
20260211,23,1,抜き,64740,3,岩永節也,柘植政浩
20260211,23,3,まくり差し,10140,5,齊藤廉,鈴木裕隆
20260211,23,4,まくり差し,27390,5,吉川晴人,網代良芽
20260211,23,7,差し,19320,4,鈴木裕隆,森清友翔
20260210,8,4,まくり,24790,5,鰐部太空海,服部幸男
20260210,8,6,恵まれ,14170,4,三浦永理,河合佑樹
20260210,8,7,まくり,14480,2,高田ひかる,吉田凌太朗
20260210,2,2,まくり,11400,2,柳内敬太,森林太
20260210,5,8,まくり,36880,3,金田諭,倉持莉々
20260210,5,10,まくり,41570,5,久田敏之,佐藤翼
20260210,7,7,差し,32460,2,今坂晃広,郷原章平
20260210,7,9,まくり,21080,3,石塚裕介,天野友和
20260210,7,12,まくり,24200,4,桑原悠,村上遼
20260210,10,9,まくり,81260,6,橋口真樹,金児隆太
20260210,10,12,まくり,80160,4,小野寺智洋,島村隆幸
20260210,23,4,まくり,18760,4,山口達也,桑原啓
20260210,23,9,まくり,103990,6,浦田晃嗣,浜崎準也
20260210,15,5,まくり差し,21150,6,田中豪,今泉徹
20260210,15,10,まくり,11550,5,新田智彰,平石和男
20260210,19,7,差し,10130,2,川野芽唯,魚谷香織
20260210,19,8,差し,14810,2,池田奈津美,藤山翔大
20260210,19,10,まくり差し,40590,4,山田真聖,秋山広一
20260210,19,11,まくり差し,128570,6,三浦洋次朗,佐々木和伸
20260210,20,2,まくり,18870,3,大庭元明,吉永泰弘
20260210,20,4,まくり,30340,3,服部達哉,清水敦揮
20260210,20,7,差し,22000,4,大神康司,丹下将
20260210,20,9,差し,35480,5,畔柳俊吾,吉田拡郎
20260209,2,2,抜き,18910,2,松田淳平,倉富大誠
20260209,2,6,まくり差し,11000,5,加藤優弥,大町利克
20260209,2,9,まくり差し,28100,5,松井賢治,津久井拓也
20260209,2,10,まくり差し,10220,6,松田淳平,谷川祐一
20260209,2,11,差し,24640,6,加倉侑征,大橋純一郎
20260209,8,5,まくり差し,14180,5,板橋侑我,松尾充
20260209,11,4,まくり差し,28380,6,河野真也,浦野海
20260209,11,6,まくり差し,69420,5,植木美帆,古場輝義
20260209,1,1,差し,13080,4,信濃由行,黄金井力良
20260209,1,5,差し,11770,2,大西賢,山下昂大
20260209,1,10,抜き,13870,1,前野竜一,前野竜一
20260209,10,3,まくり差し,36940,4,南野利騰,都築正治
20260209,10,4,まくり,12560,3,東口晃,照屋厚仁
20260209,10,8,まくり差し,29520,4,淺香文武,鈴木雅希
20260209,5,1,まくり差し,11930,3,大澤普司,清埜翔子
20260209,5,11,まくり,15540,2,金子賢志,中田竜太
20260209,16,3,差し,96160,3,前原哉,藤田美代
20260209,20,6,抜き,40810,4,吉永泰弘,寺田空詩
20260209,20,11,まくり,30410,4,長尾章平,山田康二
20260209,20,12,差し,24840,2,加藤綾,櫻本あゆみ
20260209,18,1,まくり差し,55450,6,木場雄二郎,篠原飛翔
20260209,18,2,差し,10760,4,大谷健太,鈴木孝明
20260209,18,3,まくり,15850,4,岡田憲行,中野夢斗
20260209,18,9,まくり,20900,5,大谷健太,村上功祐
20260209,18,10,抜き,13120,3,水原慎,川口貴久
20260209,23,9,差し,17770,2,菊地敬介,天野晶夫
20260208,12,10,差し,59030,5,稲田浩二,山本隆幸
20260208,1,11,抜き,26770,5,樋口亮,藤山雅弘
20260208,16,4,抜き,14730,3,小林愛実,真子奈津実
20260208,16,9,差し,10340,2,村上奈穂,金田幸子
20260208,5,5,まくり,19410,4,中澤和志,石渡鉄兵
20260208,5,7,まくり,13530,3,佐藤翼,渡邉雄朗
20260208,11,3,抜き,244360,2,高山智至,田川大貴
20260208,11,7,まくり差し,20050,5,高山智至,佐々木英樹
20260208,11,10,まくり差し,35350,5,田川大貴,上田健太
20260208,8,5,まくり差し,16290,3,若林義人,野中一平
20260208,8,7,まくり差し,23910,3,赤岩善生,池田雄一
20260208,18,2,まくり,17540,4,山田亮太,中島秀治
20260208,18,10,まくり,16220,6,伊藤誠二,守屋大地
20260208,18,11,まくり,21160,4,中島秀治,篠原飛翔
20260208,17,8,まくり差し,61510,5,庄島潤成,三宅健太
20260208,23,2,まくり,12160,3,久富政弘,岡瀬正人
20260208,23,6,抜き,47170,5,桑原啓,田中太一郎
20260208,23,11,まくり,10450,2,桑原啓,島川光男
20260208,23,12,まくり,12450,3,大上卓人,辻栄蔵
20260207,2,8,抜き,18110,6,鈴木雄登,多羅尾達之
20260207,2,9,まくり,24090,3,森林太,長谷川晴哉
20260207,8,2,まくり,10920,2,吉田裕平,佐藤大介
20260207,8,5,差し,16280,4,平田健之佑,永井源
20260207,5,11,まくり差し,14450,6,砂長知輝,中澤和志
20260207,11,3,抜き,20070,4,佐々木英樹,庄司樹良々
20260207,12,10,まくり差し,13560,3,鶴本崇文,山崎郡
20260207,12,12,まくり差し,14790,3,宮田龍馬,石本裕武
20260207,1,1,まくり差し,37310,5,山下昂大,須藤隆雄
20260207,1,2,まくり差し,14730,5,上野秀和,信濃由行
20260207,10,6,まくり,11760,3,金児隆太,片岡秀樹
20260207,15,4,差し,63040,2,竹田広樹,滝沢芳行
20260207,16,11,まくり差し,29710,3,中谷朋子,中川りな
20260207,16,12,差し,23840,5,土屋千明,守屋美穂
20260207,17,3,まくり,11790,4,小畑実成,中里英夫
20260207,17,6,まくり,17730,4,藤本紗弥香,平田さやか
20260207,17,9,まくり差し,25920,3,田中孝明,大串重幸
20260207,18,10,差し,10460,2,荻野裕介,守屋大地
20260207,18,11,差し,10440,2,齊藤優,柴田大輔
20260207,18,12,まくり差し,30890,4,篠原飛翔,松田大志郎
20260206,2,1,まくり差し,52240,5,後藤陽介,小澤和也
20260206,2,8,まくり,28840,3,神里琴音,宮崎安奈
20260206,10,2,差し,16130,2,島村隆幸,金子猛志
20260206,10,8,まくり,24740,4,藤生雄人,山崎聖司
20260206,11,6,差し,22790,2,今井裕梨,加藤雅之
20260206,11,7,まくり差し,18150,4,大久保信一郎,藤田俊祐
20260206,5,4,まくり,20850,4,久田敏之,福来剛
20260206,5,6,まくり,62930,5,谷津幸宏,永井彪也
20260206,5,11,まくり差し,24580,4,栗城匠,久田敏之
20260206,1,1,まくり,12920,3,野間大樹,宇田川信一
20260206,1,2,まくり差し,12630,5,高山敬悟,森智哉
20260206,1,6,まくり,29410,4,吉田宗弘,小池哲也
20260206,17,4,まくり,21800,4,岸本隆,竹之内極
20260206,17,7,差し,12490,5,下寺秀和,笠野友紀恵
20260206,17,10,まくり,17440,3,杉田篤光,伊藤尚汰
20260206,16,4,まくり,14150,6,中川りな,小野桜
20260206,16,8,差し,11090,2,藤田美代,大久保佑香
20260205,7,2,まくり,13320,2,東健介,高野心吾
20260205,14,2,まくり差し,10950,3,山田理央,西野雄貴
20260205,14,8,まくり,20160,3,堀本和也,重成一人
20260205,14,9,抜き,18230,3,新田芳美,岩崎芳美
20260205,15,12,まくり,23520,2,藤原菜希,藤堂里香
20260205,1,3,まくり,14270,3,前川守嗣,寺嶋雄
20260205,1,12,まくり,14380,5,大須賀友,馬袋義則
20260205,11,9,まくり,15480,4,岩下巧斗,樋口範政
20260205,12,8,まくり差し,12290,5,西村拓也,木村仁紀
20260205,12,10,まくり,59220,3,君島秀三,萩原秀人
20260205,12,11,まくり差し,10790,5,石本裕武,松井繁
20260205,12,12,まくり差し,18710,4,中島孝平,上條暢嵩
20260205,8,4,まくり,16520,5,服部幸男,大瀧明日香
20260205,8,5,まくり,32270,4,三浦永理,鰐部太空海
20260205,8,7,まくり差し,10640,3,磯部誠,豊田健士郎
20260205,8,9,まくり差し,33940,3,柳沢一,佐々木康幸
20260205,18,2,差し,41990,4,篠原飛翔,石原翼
20260204,14,2,抜き,12510,3,西岡顕心,山川美由紀
20260204,14,8,まくり,13700,4,山川美由紀,喜多須杏奈
20260204,12,1,まくり差し,40240,5,権藤俊光,木下翔太
20260204,12,6,まくり差し,36450,3,小坂尚哉,遠藤エミ
20260204,12,7,まくり,30620,4,山本隆幸,岡村仁
20260204,12,9,差し,12060,2,山崎郡,鈴谷一平
20260204,7,1,まくり,14320,2,川辺郭人,浅見宗孝
20260204,11,5,差し,15890,2,西澤日花里,今井裕梨
20260204,11,8,まくり差し,11160,4,山崎鉄平,橋本久和
20260204,11,10,まくり差し,16460,5,岩下巧斗,河野真也
20260204,15,5,まくり差し,21290,6,青木幸太郎,川崎公靖
20260204,6,2,まくり差し,10290,3,中尾彩香,吉田彩乃
20260204,6,8,まくり,133870,5,中尾彩香,柴田百恵
20260204,18,2,まくり差し,238030,4,守屋大地,中島秀治
20260204,18,6,まくり差し,14540,5,川口貴久,赤峰和也
20260204,18,7,まくり,17940,3,守屋大地,渡邊哲也
20260204,23,7,抜き,40000,1,米丸乃絵,米丸乃絵
20260203,6,8,差し,11180,5,木村紗友希,喜多那由夏
20260203,7,1,まくり差し,31730,5,草川壮良,廣部大明
20260203,7,7,差し,57310,5,松本弓雄,吉川昭男
20260203,7,11,まくり,24800,3,吉川昭男,永田秀二
20260203,14,3,まくり,30430,6,中岡正彦,石丸海渡
20260203,14,4,まくり差し,10600,4,秋山広一,水谷理人
20260203,16,1,まくり,78510,2,岡崎凪汰,後藤翔之
20260203,16,7,まくり差し,11260,3,谷村一哉,木幡純也
20260203,17,5,まくり差し,13700,5,一瀬明,崎利仁
20260203,17,7,まくり差し,14470,5,山本寛久,田中孝明
20260203,23,2,抜き,28500,2,小野生奈,長野壮志郎
20260203,23,3,差し,15450,3,渡邉優美,高倉和士
20260203,23,8,まくり,19850,2,永田啓二,安河内健
20260203,23,9,まくり,28600,2,郷原章平,岡崎恭裕
20260203,19,3,まくり差し,10620,3,山本修一,山下和彦
20260202,10,7,まくり,15890,2,國分将太郎,香川陽太
20260202,15,4,まくり差し,20790,5,田中京介,山田佑樹
20260202,15,8,まくり差し,52540,3,新井英孝,廣中智紗衣
20260202,15,11,まくり,28760,4,嶋義信,田中京介
20260202,6,1,抜き,18850,3,松本怜,吉田彩乃
20260202,6,4,まくり差し,26690,4,倉田郁美,三嶌さらら
20260202,6,5,まくり差し,38650,5,川井萌,刑部亜里紗
20260202,2,5,まくり,11460,3,島田一生,山田晃大
20260202,2,12,差し,37800,2,秋元哲,若林将
20260202,13,2,差し,69990,5,松竹大輔,深尾巴恵
20260202,13,12,まくり,47490,3,丸岡正典,渡邊雄一郎
20260201,10,8,まくり差し,11140,4,芝田浩治,関根彰人
20260201,10,11,差し,15590,4,赤羽克也,萩原知哉
20260201,7,2,差し,43880,2,中村有裕,一柳和孝
20260201,14,6,まくり,26800,4,三嶌誠司,丸尾義孝
20260201,14,8,抜き,16170,4,西丸侑太朗,横川聖志
20260201,14,9,差し,12660,6,山田祐也,佐々木和伸
20260201,6,11,まくり差し,95870,5,三嶌さらら,大橋栄里佳
20260201,6,12,まくり差し,12900,5,谷口佳蓮,豊田結
20260201,2,1,まくり差し,17270,5,水口由紀,幸田智裕
20260201,12,2,まくり差し,10250,5,山一鉄也,上田紗奈
20260201,1,7,まくり,15200,3,横澤剛治,渡邉雄朗
20260201,23,8,まくり差し,32540,2,富永修一,深川麻奈美
20260201,19,1,抜き,19760,4,川崎智幸,津田裕絵
20260201,19,5,まくり,13750,3,長尾章平,入海馨
20260201,19,9,抜き,36700,6,藤原碧生,佐々木完太
20260201,16,5,差し,21790,6,北川潤二,田中宏典
20260131,14,5,まくり,62110,4,烏野賢太,中岡正彦
20260131,14,12,まくり,14630,3,山田祐也,田村隆信
20260131,13,5,まくり差し,36160,3,蜂須瑞生,飯島誠
20260131,13,7,差し,21600,3,原加央理,長谷川巌
20260131,13,9,抜き,49140,6,渡邊雄一郎,山本英志
20260131,13,10,まくり,34740,6,深尾巴恵,佐藤悠
20260131,6,7,まくり,31130,4,奥村明日香,谷口佳蓮
20260131,6,12,まくり差し,36400,6,今井美亜,香川素子
20260131,1,1,差し,19280,2,高山秀雄,松下哲也
20260131,1,5,まくり,15620,5,渡邉雄朗,城間盛渚
20260131,1,9,まくり,22610,4,松下哲也,小坂宗司
20260131,1,12,抜き,92140,2,金山立樹,岩瀬裕亮
20260131,7,1,まくり差し,13730,3,廣中良一,丹下健
20260131,7,11,まくり,11690,4,丹下健,永田秀二
20260131,7,12,まくり,55220,4,吉村誠,松村敏
20260131,2,10,まくり差し,40240,6,佐藤航,山崎裕司
20260131,22,5,まくり,17140,3,待鳥雄紀,谷川祐一
20260131,22,11,まくり,11380,2,尾嶋一広,田中信一郎
20260131,21,7,まくり差し,15430,4,小松卓司,乙津康志
20260131,21,12,まくり差し,20830,4,谷野錬志,前田聖文
20260131,23,3,差し,25700,3,下條雄太郎,岡村慶太
20260131,23,4,抜き,45720,5,川野芽唯,山本梨菜
20260131,23,8,まくり,81050,6,古賀繁輝,永田啓二
20260131,23,12,まくり差し,34670,4,仲谷颯仁,末永和也
20260131,16,3,まくり,10210,3,須藤博倫,齊藤廉
20260131,16,7,差し,41630,4,日高龍之介,中嶋誠一郎
20260131,16,8,まくり,26910,2,福田宗平,八木治樹
20260130,2,4,まくり差し,12460,3,渡辺空依,五反田忍
20260130,2,5,差し,16330,4,秋元哲,川島圭司
20260130,2,11,差し,15070,2,山ノ内雅人,三浦敬太
20260130,6,6,まくり,10010,2,三嶌さらら,加藤奈月
20260130,6,11,差し,32640,3,谷口佳蓮,森下愛梨
20260130,1,2,まくり,24430,4,石渡鉄兵,泉啓文
20260130,1,4,まくり,12940,5,藤井公人,安達裕樹
20260130,1,5,まくり,33560,4,中岡健人,細川明人
20260130,1,10,まくり,25660,6,渡邉雄朗,尾上雅也
20260130,1,12,まくり差し,27730,3,藤本元輝,馬場剛
20260130,16,4,まくり差し,59220,5,小林礼央,後藤翔之
20260130,16,6,まくり,16760,5,本村大,平石和男
20260130,12,6,まくり,35630,4,中川りな,松尾基成
20260130,12,7,差し,15200,3,高橋英之,西村美智子
20260130,13,7,まくり差し,102290,6,宇野弥生,岸蔭亮
20260130,13,12,まくり,10700,4,笠置博之,東本勝利
20260130,18,10,まくり差し,12060,4,渡邉俊介,星野太郎
20260130,11,8,抜き,13820,3,作間章,石塚裕介
20260130,11,9,まくり,13580,3,東口晃,前野竜一
20260130,22,4,まくり,12070,3,山口真喜子,谷川里江
20260130,19,6,抜き,13100,5,茅原悠紀,藤原啓史朗
20260130,23,1,まくり差し,19370,5,下條雄太郎,安河内将
20260130,23,8,まくり差し,157120,6,郷原章平,渡邉優美
20260130,23,10,まくり,13390,4,宮地元輝,横田貴満
20260130,23,12,差し,26390,2,西山貴浩,峰竜太
20260130,21,2,まくり,13720,4,前田聖文,乙藤智史
20260130,21,3,差し,10090,4,新田智彰,大橋純一郎
20260130,21,5,まくり,69050,3,吉原聖人,松井洪弥
20260129,13,8,まくり,38910,4,深尾巴恵,蜂須瑞生
20260129,13,9,まくり差し,35990,6,佐藤大佑,笠置博之
20260129,13,12,まくり差し,21320,6,下出卓矢,田中和也
20260129,12,1,まくり,15930,4,西田靖,渡辺千草
20260129,1,2,まくり差し,42230,4,中野孝二,山崎義明
20260129,1,5,まくり,29180,4,細川明人,吉田慎二郎
20260129,1,9,まくり,12940,3,松下知幸,飯島昌弘
20260129,1,10,まくり,31320,3,小坂宗司,渡邉雄朗
20260129,18,2,まくり,23420,3,水摩敦,永嶋裕一
20260129,18,9,まくり差し,31600,6,松尾充,藤本佳史
20260129,5,8,恵まれ,11090,2,土屋太朗,堀越雄貴
20260129,5,9,まくり差し,27410,3,小川時光,仲道大輔
20260129,5,11,差し,25080,3,川島拓郎,河村了
20260129,5,12,まくり差し,44670,5,石野貴之,松田大志郎
20260129,16,5,抜き,10800,6,福田宗平,須藤博倫
20260129,16,12,まくり,65800,3,高橋正男,吉永則雄
20260129,11,10,差し,14850,4,石井孝之,三角哲男
20260129,19,12,差し,20720,4,吉田拡郎,白井英治
20260129,22,2,まくり,17200,2,北川敏弘,永田義紘
20260128,9,6,まくり差し,11020,4,大澤風葵,吉田翔悟
20260128,5,3,差し,16540,4,山地正樹,森田昭彦
20260128,20,4,まくり,17480,5,平田忠則,宮野仁
20260128,20,11,まくり差し,39140,5,大田直弥,森定晃史
20260128,12,5,まくり差し,41170,5,松山裕基,沢田昭宏
20260128,11,3,まくり,16440,3,村松栄太,澤大介
20260128,11,5,差し,13690,4,村松将平,作間章
20260128,18,5,まくり差し,65130,5,高倉孝太,近藤友宝
20260128,22,11,まくり差し,52720,3,伊藤誠二,尾嶋一広
20260128,24,5,まくり差し,14050,4,原田佑実,町田洸希
20260127,6,8,まくり,65870,2,加藤翔,中嶋健一郎
20260127,6,10,まくり,13010,3,古賀智之,黒崎竜也
20260127,12,4,差し,56370,4,間嶋仁志,宮武英司
20260127,12,8,まくり,11880,6,都築正治,高橋英之
20260127,12,12,まくり差し,10820,6,中村魁生,島村隆幸
20260127,18,4,まくり,141100,3,庄司孝輔,松尾充
20260127,18,12,抜き,38080,2,真庭明志,佐藤大介
20260127,11,10,差し,61990,5,久田武,中島秀治
20260127,20,1,まくり差し,14800,5,宮野仁,小林文彦
20260127,20,3,差し,12610,2,桂林寛,寺本昇平
20260127,20,7,まくり差し,28920,4,庄司樹良々,森作雄大
20260127,20,8,まくり差し,22400,6,内山峻輔,馬袋義則
20260127,20,12,まくり差し,31730,6,北川太一,加倉侑征
20260127,21,6,まくり,25720,3,前田健太郎,畑和宏
20260127,24,1,抜き,39520,4,富田恕生,井上大輔
20260127,24,7,抜き,14280,3,藤原早菜,千葉真弥
20260127,24,8,まくり,14950,3,中尾優香,岩永雅人
20260127,24,11,抜き,10270,5,杉山正樹,吉田凌太朗
20260127,22,6,抜き,11370,1,谷川里江,谷川里江
20260126,6,6,差し,24500,2,中井俊祐,高橋龍治
20260126,6,8,まくり,23280,2,古賀智之,橋本年光
20260126,6,11,まくり差し,41300,6,黒崎竜也,高岡竜也
20260126,10,2,まくり差し,21040,4,小川竜太朗,西岡顕心
20260126,5,6,まくり,10630,6,丹下将,伊藤啓三
20260126,5,8,まくり,42570,6,中村将隆,小池哲也
20260126,7,2,まくり,18740,2,浅井翼,富永正人
20260126,7,5,まくり,12190,3,野田彩加,澤崎雄哉
20260126,7,11,まくり差し,15350,5,野中一平,松崎祐太郎
20260126,9,2,まくり,12920,5,今坂晃広,安田吉宏
20260126,9,3,まくり,19200,2,君島秀三,尾形栄治
20260126,11,3,まくり,12920,5,中島秀治,松下誉士
20260126,11,11,まくり,14530,3,中島秀治,作間章
20260126,16,2,抜き,22400,3,津留浩一郎,梅原祥平
20260126,16,5,まくり差し,34050,5,宮本裕之,三嶌誠司
20260126,16,9,まくり差し,12360,4,西丸敦基,木山和幸
20260126,22,2,まくり,11850,3,後藤隼之,横田茂
20260126,22,6,抜き,11880,1,池田雷太,池田雷太
20260126,22,11,まくり,14890,2,鈴木孝明,井上一輝
20260126,24,3,差し,48530,4,岩川仁士,平田健之佑
20260126,24,4,まくり差し,23020,5,福来剛,原田佑実
20260126,19,2,まくり,16790,3,塩田雄一,岩永節也
20260126,20,12,まくり,185150,3,仲口博崇,金子拓矢
20260125,5,4,まくり差し,12990,5,丹下将,堂原洋史
20260125,5,7,抜き,14910,3,山田竜一,松下一也
20260125,11,1,まくり差し,12270,4,山田真聖,野間大樹
20260125,11,7,抜き,10980,1,東口晃,東口晃
20260125,10,10,まくり,11040,4,安河内鈴之介,塚越海斗
20260125,1,6,まくり,18970,3,森照夫,服部幸男
20260125,7,6,まくり差し,27350,4,樋江井舞,飯山晃三
20260125,13,8,まくり,49750,4,丸野一樹,原田幸哉
20260125,13,11,差し,14270,2,守屋美穂,馬場貴也
20260125,16,3,まくり差し,18740,4,上野秀和,福嶋智之
20260125,16,6,差し,14370,3,深川真二,烏野賢太
20260125,6,12,差し,15810,2,宮崎奨,小池修平
20260125,19,1,差し,23640,2,吉永泰弘,奥田誠
20260125,19,9,まくり,16430,2,篠崎仁志,今村暢孝
20260125,19,10,まくり差し,25950,4,下條雄太郎,土井歩夢
20260125,17,2,抜き,15110,4,神田達也,井内将太郎
20260125,17,6,まくり差し,36070,4,大庭元明,山本修一
20260125,17,11,まくり,40840,3,大庭元明,山下大輝
20260125,18,2,差し,34280,3,富山弘幸,松尾充
20260125,18,6,まくり,26490,3,川崎智稔,間庭菜摘
20260125,18,8,差し,16140,3,松尾充,藤田竜弘
20260125,18,9,まくり,11150,3,石原光,菊池宏志
20260125,18,11,まくり差し,31850,6,樋口亮,藤丸光一
20260125,23,3,まくり,13220,3,亀本勇樹,蒲原健太
20260125,23,4,抜き,14910,6,北野輝季,竹本太樹
20260125,20,3,恵まれ,79040,6,稲田浩二,大田直弥
20260125,20,6,まくり,16860,3,森定晃史,仲口博崇
20260125,20,9,まくり,17420,4,荒井輝年,森作雄大
20260124,7,1,まくり,30860,4,浅井翼,鈴木章司
20260124,7,6,抜き,35590,3,松田淳平,中村栄治
20260124,10,7,差し,10160,6,笹木香吾,尾道佳諭
20260124,13,3,まくり差し,21800,3,桐生順平,常住蓮
20260124,13,9,抜き,25270,6,山口剛,吉田拡郎
20260124,6,4,差し,20450,4,寺本重宣,中井俊祐
20260124,6,8,まくり,104870,2,栗原謙治,広次修
20260124,6,9,まくり差し,18970,6,鈴木雄登,宮崎奨
20260124,6,12,差し,19520,2,小池修平,菊地孝平
20260124,1,2,まくり差し,14420,6,松村康太,沼田大都
20260124,1,3,まくり,50100,3,宮内直哉,伏田裕隆
20260124,1,6,差し,16760,4,渡辺豊,小林一樹
20260124,14,1,差し,10180,4,上原健次郎,久富政弘
20260124,14,6,まくり差し,13230,4,小野寺智洋,赤池修平
20260124,17,2,まくり,11160,3,前川守嗣,酒見峻介
20260124,17,6,まくり,11560,6,古賀繁輝,高橋正男
20260124,24,11,まくり,13090,4,吉田凌太朗,岡祐臣
20260124,19,4,まくり,46990,4,奥田誠,山田祐也
20260124,19,5,まくり差し,10880,3,松尾祭,石田章央
20260124,19,9,まくり,14570,4,石田章央,浜本裕己
20260124,19,11,まくり差し,29290,3,倉富大誠,片岡雅裕
20260124,23,3,まくり,32750,4,木村光宏,鈴木勝博
20260124,23,5,抜き,14470,6,城間盛渚,柴田朋哉
20260124,23,11,まくり差し,72930,5,秋山広一,堤啓輔
20260123,10,4,抜き,30340,5,大原祥昌,三馬崇史
20260123,10,6,まくり差し,17760,6,西丸侑太朗,小川竜太朗
20260123,10,10,恵まれ,26420,6,小林孝彰,森清友翔
20260123,16,2,差し,13780,2,井上茂,梅原祥平
20260123,16,8,まくり,25160,6,川上剛,白井友晴
20260123,15,3,まくり差し,11320,5,谷口佳蓮,谷川里江
20260123,15,9,抜き,17970,6,清水愛海,向井田真紀
20260123,1,5,差し,16380,3,山ノ内雅人,小野信樹
20260123,1,9,まくり,58360,5,崎利仁,竹間隆晟
20260123,14,3,まくり,12320,2,近藤稔也,上原健次郎
20260123,7,12,抜き,50290,5,黒野元基,河合佑樹
20260123,24,4,まくり,30650,5,西野翔太,富田恕生
20260123,24,9,差し,15890,3,伊藤紘章,藤原早菜
20260123,23,8,まくり,44480,2,田添康介,半田尚也
20260123,23,10,まくり,11550,4,鈴木勝博,服部達哉
20260123,19,3,まくり差し,16060,4,土井歩夢,楠原正剛
20260122,16,6,まくり,18890,3,白神優,川上剛
20260122,2,7,まくり差し,11180,5,岡部貴司,杉山裕也
20260122,2,11,まくり差し,10720,5,杉山裕也,小山勉
20260122,2,12,差し,16540,3,長尾章平,尾上雅也
20260122,1,12,まくり,20710,3,竹間隆晟,寺田祥
20260122,13,5,まくり,44160,4,久田敏之,西山貴浩
20260122,13,11,差し,62170,2,守屋美穂,桐生順平
20260122,8,3,まくり,11930,5,茶谷信次,眞崎武蔵
20260122,8,9,差し,17240,4,木下雄介,畔柳俊吾
20260122,8,10,差し,21350,3,大久保信一郎,茶谷信次
20260122,10,2,差し,11050,2,塚越海斗,西丸侑太朗
20260122,10,4,差し,15670,3,成貞琳平,笹木香吾
20260122,14,1,まくり差し,11060,4,岸蔭亮,出畑孝典
20260122,14,6,まくり差し,19620,3,小池礼乃,牧原崇
20260122,17,1,まくり,18060,4,山下夏鈴,里岡右貴
20260122,17,8,まくり差し,47030,6,前川守嗣,山下流心
20260122,20,3,差し,14400,4,片岡大地,海老澤泰行
20260122,20,12,まくり,12320,4,柳生泰二,沢田昭宏
20260122,23,1,差し,42010,3,竹本太樹,刑部亜里紗
20260122,23,5,差し,77650,4,西尾亮輔,石丸海渡
20260122,23,8,差し,35590,2,堀本翔太,福田翔吾
20260122,24,3,差し,24390,4,藤田靖弘,大塚康雅
20260122,24,11,まくり,30900,5,中島友和,角谷健吾
20260121,10,4,まくり,20970,3,笹木香吾,中野希一
20260121,16,3,まくり差し,44560,5,梅原祥平,大森翼
20260121,2,2,まくり,21010,4,安田吉宏,相馬翔
20260121,2,9,まくり,13570,6,渡邉雄朗,末永由楽
20260121,11,2,まくり差し,20860,3,田村隆信,太田和美
20260121,11,7,まくり差し,17560,3,澤田尚也,藤原啓史朗
20260121,11,9,まくり,13540,2,永井彪也,溝口海義也
20260121,11,12,まくり差し,34560,5,岩瀬裕亮,佐藤航
20260121,14,2,抜き,42100,5,牧原崇,守屋大地
20260121,14,4,差し,17340,2,松本弓雄,三川昂暁
20260121,1,4,まくり,13300,3,伏田裕隆,佐藤大騎
20260121,1,12,まくり,16290,4,池永太,椎名豊
20260121,8,6,まくり差し,191800,6,水野望美,大神康司
20260121,8,9,まくり,32880,5,野田部宏子,金子良昭
20260121,15,2,差し,13500,2,赤井睦,渡辺千草
20260121,15,4,まくり,19930,2,落合直子,大橋由珠
20260121,15,5,抜き,17040,2,中北涼,来田衣織
20260121,19,9,まくり差し,11710,5,三村岳人,吉田慎二郎
20260121,19,10,まくり,22890,5,田中和也,北村征嗣
20260121,18,3,まくり,16140,4,胡本悟志,川崎智幸
20260121,18,4,まくり,22390,3,森智也,相原利章
20260121,18,8,抜き,12810,2,岡部浩,乃村康友
20260121,18,9,まくり,29900,5,古川健,中越博紀
20260121,17,4,まくり,15270,6,山下夏鈴,浦田晃嗣
20260121,17,10,差し,10380,3,夏山亮平,福田理
20260121,20,1,まくり差し,10880,5,中嶋誠一郎,貫地谷直人
20260121,20,4,まくり,20490,4,山崎昂介,本田愛
20260121,20,8,まくり,13960,3,坂本雄紀,豊田結
20260120,6,4,差し,29550,2,西村勝,齋藤勇
20260120,6,10,差し,49390,2,北中元樹,笠置博之
20260120,15,2,差し,19080,2,喜多那由夏,坂咲友理
20260120,11,4,抜き,21800,2,是澤孝宏,須藤博倫
20260120,11,5,まくり,30130,4,宮之原輝紀,平尾崇典
20260120,11,6,まくり差し,31730,3,柘植政浩,坂元浩仁
20260120,11,7,まくり差し,13150,3,品川二千翔,笠原亮
20260120,9,3,差し,14710,5,松山将吾,後藤盛也
20260120,8,5,差し,11400,2,安河内健,酒井陽祐
20260120,2,9,差し,13600,5,黒柳浩孝,藤山翔大
20260120,13,4,差し,20270,4,後藤浩,越智照浩
20260120,13,8,まくり差し,17590,5,伊倉光,森永隆
20260120,17,5,まくり差し,101280,5,神里琴音,安井瑞紀
20260120,17,8,まくり差し,19030,5,神田達也,小宮涼雅
20260120,17,12,差し,11110,4,里岡右貴,海野ゆかり
20260120,19,5,差し,13210,2,三村岳人,伏島祐介
20260120,19,11,差し,117840,4,中島浩哉,田中和也
20260120,24,9,差し,16490,4,高山弘斗,池田雄一
20260120,18,10,まくり,14780,3,坪内実,野長瀬正孝
20260119,13,11,まくり差し,10870,3,荒井翔伍,清水敦揮
20260119,6,10,まくり差し,22390,5,柳橋宏紀,杉山貴博
20260119,6,12,まくり差し,67770,3,伊藤喜智,重野哲之
20260119,2,9,差し,34410,4,相馬翔,安田政彦
20260119,15,12,まくり,14930,4,山本梨菜,平山智加
20260119,7,5,まくり差し,18350,6,河村了,川上聡介
20260119,19,2,まくり差し,19740,3,宇田川信一,加藤雅之
20260119,19,9,まくり,10180,6,馬場剛,南佑典
20260119,16,4,まくり,19000,4,高憧四季,岡谷健吾
20260119,22,2,まくり差し,68180,4,齊藤優,加藤政彦
20260119,23,3,差し,28790,4,田中宏典,加倉侑征
20260119,20,2,まくり,31710,3,木山誠一,藤本元輝
20260118,2,1,差し,10430,2,信濃由行,鈴木賢一
20260118,2,5,まくり,11270,3,稗田聖也,桐本康臣
20260118,2,7,まくり,51570,2,関口智久,杉山裕也
20260118,8,10,差し,48340,3,佐々木英樹,畔柳俊吾
20260118,11,3,まくり,20950,2,青木玄太,佐藤航
20260118,6,1,まくり差し,14840,5,伊藤喜智,本吉正樹
20260118,6,3,まくり,15490,4,眞鳥章太,嶋田有里
20260118,6,4,抜き,18790,5,津田裕絵,西澤日花里
20260118,6,10,まくり差し,11590,5,田口節子,秋元哲
20260118,15,11,まくり差し,15980,5,井上遥妃,小芦るり華
20260118,9,1,まくり,25150,4,松竹大輔,石倉洋行
20260118,9,5,まくり,10700,5,中野孝二,吉川喜継
20260118,7,3,抜き,10620,4,為本智也,佃來紀
20260118,7,6,まくり差し,25200,4,河村了,北川太一
20260118,7,12,まくり差し,13260,6,富永修一,堀本和也
20260118,16,2,まくり,13990,2,畑和宏,今出晋二
20260118,16,3,まくり差し,14560,5,村岡賢人,今村暢孝
20260118,16,6,まくり,25210,3,田川大貴,鳥飼眞
20260118,16,12,差し,12810,3,渡辺浩司,栗城匠
20260118,22,9,まくり,15320,4,森作雄大,石塚久也
20260118,22,10,まくり,14880,6,杉山勝匡,大澤普司
20260118,23,11,まくり差し,36640,5,樋口亮,下寺秀和
20260117,11,9,まくり差し,25100,5,中島孝平,和田兼輔
20260117,2,7,差し,11130,4,大場広孝,井本昌也
20260117,2,10,差し,30180,5,金児隆太,末永由楽
20260117,2,12,まくり,10010,3,小山勉,谷野錬志
20260117,1,5,まくり,10020,3,大串重幸,内山文典
20260117,1,9,まくり,11140,5,河上年昭,鹿島敏弘
20260117,6,1,差し,17940,2,市川美宏,齋藤勇
20260117,6,2,差し,16700,3,渡辺崇,西村豪洋
20260117,6,3,まくり,20070,2,芦澤望,西村勝
20260117,13,5,まくり差し,20450,4,荒井翔伍,富澤祐作
20260117,9,6,まくり差し,18960,3,木幡純也,岡部哲
20260117,14,9,まくり差し,66210,5,小林京平,齊藤廉
20260117,14,12,まくり,35970,4,西丸敦基,田中駿兵
20260117,15,2,まくり,10240,2,中谷朋子,喜多那由夏
20260117,15,3,まくり差し,31040,6,三嶌さらら,水口由紀
20260117,18,11,まくり差し,11030,5,川原涼,片岡秀樹
20260117,24,8,差し,11770,2,平瀬城啓,池田雄一
20260117,23,1,差し,17170,5,中島昂章,鶴本崇文
20260117,23,12,まくり差し,70480,3,百武翔,古結宏
20260117,22,10,まくり差し,24600,5,金子拓矢,佐々木大河
20260117,22,11,まくり,59820,3,渡邊伸太郎,下條雄太郎
20260117,16,4,まくり,11670,6,鳥飼眞,木村亮太
20260117,16,9,恵まれ,14290,2,吉田翔悟,森晋太郎
20260117,21,1,恵まれ,46790,2,佐藤隆太郎,長田頼宗
20260117,21,4,まくり,12050,2,湯川浩司,山口剛
20260117,21,7,まくり差し,13770,5,池田浩二,井口佳典
20260116,12,3,まくり,27280,4,橋本久和,塩田雄一
20260116,12,7,まくり,21500,4,峰重力也,新田洋一
20260116,16,2,まくり差し,60920,6,木村亮太,谷口健一
20260116,7,7,まくり,11500,4,高田明,津久井拓也
20260116,1,3,まくり差し,16100,5,赤岩善生,尾形栄治
20260116,1,4,まくり,16990,4,新田智彰,梶原正
20260116,1,9,まくり差し,21140,5,重成一人,小池修平
20260116,11,5,まくり差し,31400,4,木村仁紀,丸岡正典
20260116,11,6,まくり,24440,4,中亮太,安達裕樹
20260116,11,7,抜き,11430,2,船岡洋一郎,金子萌
20260116,11,8,差し,10080,3,永井彪也,廣瀬将亨
20260116,14,6,まくり差し,16400,6,佐藤世那,竹間隆晟
20260116,14,11,まくり,176870,2,笹木香吾,松田淳平
20260116,6,1,差し,12490,4,西村勝,長野道臣
20260116,24,1,恵まれ,12260,5,松井賢治,川辺郭人
20260116,24,3,差し,35170,2,高山弘斗,長尾京志郎
20260116,24,8,まくり差し,10030,3,上村宏太,松井賢治
20260116,21,5,まくり,17060,4,松田大志郎,峰竜太
20260116,21,6,抜き,31740,5,佐藤隆太郎,森高一真
20260116,22,11,差し,78310,5,永嶋裕一,佐藤大介
20260116,23,5,まくり差し,25200,6,松田隆司,鶴本崇文
20260116,23,10,差し,12830,2,古結宏,篠原飛翔
20260115,12,1,抜き,11940,4,鈴木雅希,富山弘幸
20260115,12,8,まくり,36060,5,石田貴洋,三嶌誠司
20260115,9,4,まくり差し,23780,5,桑島和宏,深水慎一郎
20260115,1,10,まくり差し,25300,5,新田智彰,澁川夏
20260115,1,11,まくり,59400,4,三宅潤,重成一人
20260115,5,4,まくり差し,21960,3,赤井星璃菜,島田なぎさ
20260115,5,10,まくり,17850,4,井上未都,後藤美翼
20260115,5,12,まくり,14220,4,千葉真弥,黒澤めぐみ
20260115,16,5,まくり,71030,2,山本浩輔,鳥飼眞
20260115,16,10,まくり,73520,4,小柳勝希,入澤友治
20260115,16,11,まくり差し,22000,5,尾嶋一広,渡辺浩司
20260115,6,5,まくり,12860,4,長野道臣,岡村慶太
20260115,14,5,まくり,31280,4,佐野優都,竹間隆晟
20260115,21,8,まくり差し,32420,4,寺田祥,関浩哉
20260115,21,10,まくり差し,12920,3,佐々木完太,篠崎元志
20260115,21,11,まくり,30290,2,吉田裕平,馬場貴也
20260115,24,2,まくり差し,14340,6,市橋卓士,多羅尾達之
20260115,24,6,まくり,14450,5,興津藍,上村宏太
20260115,23,9,まくり差し,10550,3,大塚雅治,酒井俊弘
20260115,22,6,差し,137620,6,山崎義明,石岡将太
20260115,22,7,抜き,21030,2,高岡竜也,森作雄大
20260114,7,3,まくり,48420,4,津久井拓也,占部一真
20260114,7,4,まくり差し,25890,4,市川健太,野間大樹
20260114,7,5,まくり差し,16220,6,島村隆幸,三宅健太
20260114,7,7,差し,44850,2,川尻泰輔,渡邉睦広
20260114,7,8,まくり,10470,2,石野貴之,北川太一
20260114,15,1,差し,11550,4,三嶌さらら,宇野博之
20260114,15,7,まくり,105730,5,柳瀬興志,川上剛
20260114,15,9,抜き,12930,1,鈴木智啓,鈴木智啓
20260114,14,9,まくり,25580,3,前田翔,森智哉
20260114,5,2,差し,12800,2,大澤真菜,小林愛実
20260114,5,7,まくり,54820,4,濱崎寿里矢,松尾怜実
20260114,5,12,差し,13720,4,今井裕梨,海野ゆかり
20260114,13,3,差し,12440,5,大上卓人,豊田祥生
20260114,12,5,抜き,10590,4,前田健太郎,宇留田翔平
20260114,2,2,まくり,10410,4,宮村勇哉,南野利騰
20260114,16,4,まくり差し,26490,3,鳥飼眞,田川大貴
20260114,16,9,差し,16480,2,岡谷健吾,長谷川充
20260114,16,12,まくり差し,15000,5,栗城匠,村岡賢人
20260114,21,11,まくり,47260,4,新田雄史,平本真之
20260114,23,7,まくり,11580,2,樋口亮,島田一生
20260113,15,1,まくり差し,11700,4,角浜修,牧原崇
20260113,15,2,抜き,11200,4,金田大輔,天野晶夫
20260113,9,12,まくり,14460,4,下出卓矢,山口達也
20260113,1,1,差し,11470,2,大谷直弘,滝沢崚
20260113,1,8,まくり差し,10930,4,梶原正,亀山雅幸
20260113,13,10,まくり,20790,4,下河雅史,一宮稔弘
20260113,14,6,差し,10120,2,荒木颯斗,塚越海斗
20260113,14,10,まくり差し,90240,3,森智哉,松田淳平
20260113,14,11,まくり差し,66730,6,荒木颯斗,石田勇斗
20260113,2,6,まくり差し,22610,5,土屋蘭,田中瀬里奈
20260113,2,7,まくり,17990,5,福西広太郎,角谷健吾
20260113,2,12,まくり差し,40600,5,川口貴久,高倉和士
20260113,5,2,抜き,13760,5,後藤美翼,篠木亜衣花
20260113,12,4,恵まれ,20630,6,新田洋一,本岡勝利
20260113,12,10,まくり差し,14650,5,木田峰由季,宮下元胤
20260113,12,12,まくり差し,57630,5,野口勝弘,辻栄蔵
20260113,18,4,抜き,11500,3,山下流心,石丸海渡
20260113,18,8,まくり差し,52270,5,鈴木勝博,繁野谷圭介
20260113,18,10,抜き,19520,3,上野秀和,松江秀徳
20260113,21,2,まくり,16620,3,池永太,前田将太
20260113,21,4,まくり,10650,3,関浩哉,片岡雅裕
20260113,19,5,差し,24160,4,久富政弘,鈴木裕隆
20260113,19,7,差し,30090,2,水野望美,永井聖美
20260113,19,10,まくり,20020,4,倉持莉々,山本兼士
20260113,19,12,抜き,11590,1,平田健之佑,平田健之佑
20260113,17,1,抜き,10410,4,前原哉,後藤正宗
20260113,17,3,まくり,25480,3,竹田広樹,田頭虎親
20260113,20,9,まくり,39150,3,柴田直哉,蒲原健太
20260112,9,1,まくり,14080,2,上田洋平,喜井つかさ
20260112,9,2,まくり差し,71380,5,今泉澪,加藤綾
20260112,9,9,まくり差し,29870,6,天野友和,黄金井力良
20260112,2,4,差し,10760,2,櫻本あゆみ,南野利騰
20260112,2,8,差し,11840,3,渋谷明憲,田中堅
20260112,12,2,まくり,12810,4,塩田雄一,中井俊祐
20260112,5,1,まくり,11030,2,井上未都,稲生夏季
20260112,5,6,差し,28050,4,恵良琴美,深見亜由美
20260112,6,6,まくり差し,11350,5,村田修次,樋口範政
20260112,19,5,差し,28100,2,丹下将,宮脇遼太
20260112,19,7,まくり,15360,1,山本兼士,山本兼士
20260112,19,10,まくり差し,11470,5,倉持莉々,平田健之佑
20260112,15,12,まくり差し,33030,5,中村泰平,長岡良也
20260112,18,9,まくり,26320,5,阪本勇介,鈴木勝博
20260112,21,7,まくり差し,49310,3,羽野直也,濱野谷憲吾
20260111,7,1,まくり,20810,4,竹内来,江藤敦宏
20260111,7,9,差し,18290,4,井上尚悟,三浦洋次朗
20260111,12,3,抜き,50860,6,前田健太郎,富山弘幸
20260111,12,10,まくり差し,15420,4,富山弘幸,浜野孝志
20260111,6,2,抜き,15630,6,渡邊雄一郎,梶山涼斗
20260111,6,3,差し,10200,2,谷口知優,坂野さくら
20260111,5,5,まくり,55240,6,石村日奈那,井上未都
20260111,5,7,まくり,20220,3,野田部宏子,柴田百恵
20260111,2,9,まくり差し,10160,3,汐崎正則,楠原翔太
20260111,17,4,まくり,10120,3,上田健太,栗山繁洋
20260111,17,9,まくり差し,12130,4,後藤正宗,中村守成
20260111,16,7,まくり,22420,4,井川大作,長谷川暖
20260111,19,8,差し,68280,2,表憲一,池上隆行
20260111,19,10,まくり,83390,6,山本兼士,荒川健太
20260111,20,9,差し,13200,2,竹井貴史,品川二千翔
20260110,5,2,まくり,11870,2,深見亜由美,島田なぎさ
20260110,5,8,差し,188300,5,宮崎安奈,清水沙樹
20260110,6,4,抜き,17040,6,尾上雅也,谷口知優
20260110,6,11,まくり,29340,4,夏山亮平,郷原章平
20260110,9,8,まくり,13840,4,豊田結,喜多那由夏
20260110,9,9,まくり差し,15680,6,春園功太,福嶋智之
20260110,16,11,まくり,27750,3,上平真二,中岡正彦
20260110,17,4,差し,35190,4,大平誉史明,深山祐二
20260110,17,6,まくり,32800,5,薮内瑞希,中村桃佳
20260110,17,7,抜き,35680,1,杢野誓良,杢野誓良
20260110,7,1,抜き,13980,3,井上尚悟,佐口達也
20260110,7,12,差し,82790,3,山田佑樹,倉尾大介
20260110,10,4,差し,30880,2,下河誉史,森定晃史
20260110,15,1,まくり,18000,2,金田大輔,関裕也
20260110,15,2,抜き,37810,5,宇野博之,笠雅雄
20260110,15,4,まくり差し,20770,5,白井友晴,田上凜
20260110,15,7,まくり,24560,6,金田大輔,牧原崇
20260110,18,9,まくり,10480,2,松江秀徳,繁野谷圭介
20260110,18,10,まくり差し,17690,6,谷村一哉,佐々木翔斗
20260109,7,4,まくり,12560,4,伊藤将吉,村松遥輝
20260109,7,8,まくり差し,15120,3,一色凌雅,倉尾大介
20260109,9,4,差し,13720,2,西川新太郎,富永正人
20260109,9,12,まくり,16720,4,堀之内紀代子,山口達也
20260109,13,10,まくり差し,19500,4,尾嶋一広,吉田俊彦
20260109,15,2,抜き,25900,4,山田雄太,角浜修
20260109,15,3,抜き,23080,4,牧原崇,松瀬弘美
20260109,15,10,まくり,59420,2,里岡右貴,水谷理人
20260109,15,11,まくり,14370,4,古賀繁輝,竹田辰也
20260109,19,7,まくり差し,10720,5,末永和也,谷勝幸
20260108,10,1,差し,43830,4,大井清貴,仲道大輔
20260108,10,6,まくり差し,67150,5,大場敏,松下直也
20260108,10,10,抜き,66390,5,吉田祐貴,坂口貴彦
20260108,11,2,まくり差し,30830,4,孫崎百世,水口由紀
20260108,13,7,まくり差し,284670,5,山川雄大,廣瀬将亨
20260108,13,12,恵まれ,15680,5,登玉隼百,木村亮太
20260108,6,2,差し,15640,3,間嶋仁志,丹下健
20260108,6,3,まくり差し,33440,6,柏野幸二,西岡育未
20260108,7,3,まくり差し,50310,5,齊藤大将,須藤隆雄
20260108,15,9,まくり差し,65990,6,川上剛,杉田篤光
20260108,15,11,まくり差し,40790,3,河野大,古賀繁輝
20260108,16,3,差し,24060,6,末永由楽,大石真央
20260108,16,4,まくり差し,21030,6,松井洪弥,小川時光
20260108,16,5,差し,26920,5,東本勝利,村上彰一
20260108,24,1,まくり,64220,3,岡本大,中嶋誠一郎
20260108,24,2,まくり,10760,2,大串重幸,岡村将也
20260108,24,10,差し,10230,2,真庭明志,山本浩輔
20260108,22,1,まくり差し,13600,4,安部慎一,枝尾賢
20260107,7,4,まくり,17800,2,横澤剛治,野村誠
20260107,10,12,差し,19290,2,杉山裕也,藤原啓史朗
20260107,2,7,まくり,31160,5,石田貴洋,飯島昌弘
20260107,1,3,まくり差し,45160,6,鳥居塚孝博,木村浩士
20260107,18,10,差し,15470,2,石川真二,笹木香吾
20260107,19,9,まくり,33700,5,鋤柄貴俊,桐本康臣
20260107,16,9,まくり差し,11700,5,田村隆信,飯田庄吾
20260107,22,3,抜き,16060,1,羽野諒,羽野諒
20260107,22,8,まくり,78440,6,枝尾賢,米丸乃絵
20260107,22,9,差し,15150,2,藤森陸斗,古澤光紀
20260107,22,10,まくり,11480,2,篠原飛翔,瓜生正義
20260107,24,5,抜き,23030,3,中嶋誠一郎,真庭明志
20260106,1,2,差し,21060,2,渡辺千草,寺本昇平
20260106,14,1,まくり,21890,3,小宮涼雅,林美憲
20260106,14,9,抜き,28930,4,小宮涼雅,三宅健太
20260106,12,2,まくり,26760,2,藤山翔大,竹間隆晟
20260106,12,4,差し,49830,2,野間大樹,井上一輝
20260106,11,12,まくり,40400,2,吉川喜継,馬場貴也
20260106,2,1,まくり差し,17440,4,小澤和也,小川竜太朗
20260106,2,12,まくり差し,13650,3,中野希一,桐生順平
20260106,5,12,まくり差し,69330,3,若林樹蘭,福島勇樹
20260106,13,12,まくり差し,19680,5,吉川元浩,稲田浩二
20260106,16,5,まくり,25620,5,守屋美穂,若狭奈美子
20260106,24,1,まくり差し,15900,3,森晋太郎,岡崎凪汰
20260106,24,2,まくり差し,11520,4,山本浩輔,滝川真由子
20260106,23,11,差し,30790,2,池田奈津美,前田紗希
20260106,22,4,まくり,11660,4,篠原飛翔,大山千広
20260106,19,7,まくり,35950,3,佐藤大介,下寺秀和
20260105,15,9,まくり差し,13930,5,妻鳥晋也,石井伸長
20260105,15,11,まくり差し,15470,3,片岡雅裕,森高一真
20260105,11,4,抜き,26930,2,香川素子,佐竹太一
20260105,14,6,差し,13670,2,三宅健太,竹田吉行
20260105,1,1,抜き,16120,5,今泉徹,栗原謙治
20260105,13,12,まくり差し,92490,5,武井莉里佳,宮田龍馬
20260105,2,8,差し,10810,3,楠将太郎,平川香織
20260105,12,10,抜き,64870,4,岡村仁,石野貴之
20260105,5,1,まくり差し,29920,3,宇田川信一,牧宏次
20260105,5,3,まくり差し,10480,3,亀山雅幸,石岡将太
20260105,5,11,まくり,43690,2,宮下元胤,梶野学志
20260105,20,2,まくり,14300,3,林恵祐,鐘ヶ江真司
20260105,20,7,まくり差し,74310,4,益田啓司,篠原晟弥
20260105,24,3,抜き,11760,3,山本浩輔,岡村将也
20260105,24,12,まくり,12920,5,山本浩輔,中北涼
20260105,19,4,まくり,22340,4,内田圭,桐本康臣
20260105,19,9,まくり差し,19510,6,山下昂大,中島秀治
20260105,18,4,まくり,26320,2,島川海輝,森野正弘
20260105,18,5,まくり,32880,3,森永隆,岡本翔太郎
20260105,18,10,まくり,10060,4,吉村正明,前田健太郎
20260105,23,12,まくり,11780,4,前田紗希,西橋奈未
20260105,22,1,抜き,31000,2,小池礼乃,渡辺浩司
20260105,22,7,抜き,32350,5,大庭元明,藤森陸斗
20260105,22,8,まくり,10030,4,篠崎元志,中川りな
20260104,10,6,まくり,14750,6,下出卓矢,高橋正男
20260104,10,12,まくり差し,30730,6,森悠稀,室田泰史
20260104,12,8,差し,46110,2,丸岡正典,太田和美
20260104,1,3,抜き,11690,5,伊久間陽優,柴田愛梨
20260104,9,10,まくり差し,15950,4,松尾拓,平田健之佑
20260104,9,12,まくり,28200,4,中山翔太,新田雄史
20260104,2,5,まくり,17860,5,島田賢人,外崎悟
20260104,14,5,まくり,62620,6,赤池修平,林美憲
20260104,15,6,抜き,22430,6,重成一人,吉永泰弘
20260104,15,12,まくり,17070,4,田頭虎親,中田元泰
20260104,18,10,まくり,19330,3,笹木香吾,重冨勇哉
20260104,17,2,まくり,10040,6,浜先真範,山本景士郎
20260104,17,3,まくり,10810,3,北川幸典,山田和佐
20260104,17,5,まくり差し,21310,6,市川哲也,山崎裕司
20260104,20,9,まくり,36720,2,田中宏樹,永嶋裕一
20260104,19,1,まくり差し,46670,4,福山恵里奈,廣中良一
20260104,19,12,まくり差し,10050,5,高田明,西島義則
20260104,22,7,まくり,11550,5,米丸乃絵,鳥飼眞
20260104,13,7,差し,32500,3,藤本元輝,芝田浩治
20260104,13,12,抜き,21080,5,稲田浩二,吉川元浩
20260104,23,7,まくり,10000,4,池田奈津美,犬童千秋
20260104,23,12,まくり差し,13160,4,高憧四季,遠藤エミ
20260104,24,5,まくり,10130,4,村上遼,山本浩輔
20260104,24,10,まくり,77390,6,樋口亮,村上遼
20260103,1,3,まくり差し,87240,6,松本純平,渡辺千草
20260103,1,4,まくり,16740,3,栗原直也,鈴木唯央
20260103,1,5,抜き,78530,5,浅見宗孝,伊久間陽優
20260103,1,9,まくり,140790,5,小倉康典,渡邉真奈美
20260103,7,3,差し,21390,3,山崎哲司,大場恒季
20260103,7,9,まくり差し,41150,3,吉島祥之,磯部誠
20260103,7,12,まくり,10350,3,鈴木勝博,赤岩善生
20260103,6,1,まくり差し,31700,5,芹澤克彦,山口晃朋
20260103,10,7,まくり差し,12660,6,萩原秀人,加藤啓太
20260103,10,9,まくり,20500,6,下出卓矢,小林孝彰
20260103,8,1,まくり,11770,4,大江純,平見真彦
20260103,5,1,抜き,18120,5,上原崚,深澤達徳
20260103,5,2,まくり,10080,4,倉田茂将,田中堅
20260103,5,11,差し,18510,3,大谷直弘,桑島和宏
20260103,2,10,差し,116350,6,楠将太郎,中野希一
20260103,11,2,差し,15610,2,孫崎百世,是澤孝宏
20260103,11,10,まくり差し,20340,4,和田操拓,吉川晴人
20260103,11,11,差し,11700,3,廣瀬篤哉,吉川喜継
20260103,15,4,まくり,13370,4,木村光宏,大西隆洋
20260103,15,11,抜き,31340,2,濱野斗馬,近江翔吾
20260103,12,9,まくり,31400,4,竹間隆晟,濱本優一
20260103,17,8,まくり差し,61920,6,谷海夏人,横田茂
20260103,18,3,差し,26020,2,小林京平,山室展弘
20260103,14,3,まくり差し,36020,3,市橋卓士,三嶌誠司
20260103,14,8,差し,14150,3,丸尾義孝,垂水悠
20260103,14,12,まくり,50010,5,田村慶,西野雄貴
20260103,22,6,まくり,14360,4,奈須啓太,小林遼太
20260103,22,7,抜き,14450,3,大山千広,乙藤智史
20260103,24,9,抜き,15830,4,富永大一,草場康幸
20260103,21,2,まくり差し,33130,3,井上慧人,三苫晃幸
20260103,21,4,抜き,59670,2,森口和紀,郷原章平
20260103,21,7,差し,27320,4,上野秀和,小野京平
20260102,8,5,まくり,22800,5,平野和明,荒木颯斗
20260102,10,4,まくり,18360,4,渋谷明憲,高橋正男
20260102,10,7,差し,23000,2,石田政吾,中本大樹
20260102,1,1,まくり差し,16540,5,鈴木唯央,久保原秀人
20260102,6,4,まくり差し,169820,5,宮崎奏磨,堤昇
20260102,14,2,まくり,33500,3,水原慎,竹田吉行
20260102,12,12,まくり,12640,2,山崎郡,松井繁
20260102,7,1,まくり差し,13270,4,吉田凌太朗,中野夢斗
20260102,7,10,差し,20210,3,赤岩善生,山崎哲司
20260102,15,1,差し,25970,5,吉永泰弘,長谷川親王
20260102,15,9,まくり,11060,4,西丸敦基,木谷賢太
20260102,16,2,差し,35980,2,藤原早菜,長谷川雅和
20260102,16,5,差し,32780,3,福嶋智之,峰重侑治
20260102,16,12,抜き,13900,4,前原大道,吉田拡郎
20260102,18,6,まくり差し,10540,3,原田雄次,柴田友和
20260102,18,7,まくり,21630,3,下河雅史,花本剛
20260102,20,11,抜き,17670,3,藤井公人,白水勝也
20260102,17,5,まくり差し,17280,4,宗行治哉,向井田佑紀
20260102,17,8,まくり,20580,4,村上奈穂,谷勝幸
20260102,19,2,まくり差し,74420,6,冨名腰桃奈,小野信樹
20260102,19,5,抜き,18370,3,村上彰一,小林一樹
20260101,7,3,差し,44630,4,坂元浩仁,川合理司
20260101,7,4,まくり差し,15780,5,前田聖文,堀本翔太
20260101,7,5,まくり,35530,6,杉山正樹,後藤孝義
20260101,6,2,差し,36820,5,大場敏,池田浩美
20260101,6,9,まくり差し,37020,5,横澤剛治,山田雄太
20260101,6,12,まくり,30310,3,深谷知博,坪井康晴
20260101,9,3,差し,12370,4,藤田竜弘,宮村勇哉
20260101,9,5,差し,19820,4,松田淳平,中嶋健一郎
20260101,9,6,差し,10600,4,南佑典,五反田忍
20260101,9,8,抜き,30720,4,渡邊雄斗,平田健之佑
20260101,9,10,差し,15240,2,松田淳平,宇留田翔平
20260101,14,3,差し,30550,5,烏野賢太,市橋卓士
20260101,14,10,まくり,53010,4,佐野優都,米田隆弘
20260101,8,5,まくり差し,11330,5,服部達哉,汐崎正則
20260101,8,8,まくり,41390,4,清水紀克,鈴木智啓
20260101,8,10,まくり,19490,3,北川潤二,杉山裕也
20260101,15,4,まくり差し,13150,5,宮武英司,西丸敦基
20260101,16,1,まくり差し,40290,4,小林愛実,土屋南
20260101,16,2,まくり,14680,4,井上大輔,林祐介
20260101,16,9,まくり差し,33330,4,森智哉,川崎智幸
20260101,16,11,まくり,18110,6,金田大輔,渡邉和将
20260101,19,4,まくり差し,10100,5,大峯豊,小林一樹
20260101,17,9,差し,18270,4,山本景士郎,川崎公靖
20260101,23,1,まくり,26950,3,小野勇作,横田貴満
20260101,23,12,差し,28420,3,末永和也,森永淳
20260101,21,3,まくり差し,87840,4,山下心一,三苫晃幸
20260101,20,7,差し,41640,2,塩田北斗,鶴田勇雄
20251231,2,10,差し,22290,5,近藤颯斗,前沢丈史
20251231,1,5,差し,12300,2,栗原一馬,富永正人
20251231,1,12,まくり,10840,4,内堀学,小山勉
20251231,6,2,まくり差し,55340,5,河合佑樹,堤昇
20251231,6,8,差し,18070,2,杉田篤光,大橋純一郎
20251231,5,2,まくり,14730,3,武田正紀,金子龍斗
20251231,5,10,まくり,10090,2,塩崎優司,渡邉睦広
20251231,5,12,抜き,41480,3,久田敏之,毒島誠
20251231,7,9,まくり,11970,5,倉富大誠,前田聖文
20251231,10,4,まくり,24190,6,為本智也,武田光史
20251231,10,5,抜き,12610,1,渋谷明憲,渋谷明憲
20251231,9,12,まくり,11340,4,高田ひかる,豊田健士郎
20251231,15,2,抜き,57860,2,大西隆洋,松下知幸
20251231,15,3,まくり差し,41550,3,下田哲也,吉永泰弘
20251231,15,4,まくり差し,85690,4,門田栞,妻鳥晋也
20251231,15,5,まくり,16790,3,西村美智子,宮武英司
20251231,15,6,まくり,14830,3,木村光宏,森安弘雅
20251231,15,10,まくり,43690,4,古田祐貴,竹田和哉
20251231,15,12,差し,22530,2,重成一人,森高一真
20251231,16,2,まくり差し,16810,5,森智哉,守屋大地
20251231,16,6,まくり差し,20340,6,長谷川暖,林祐介
20251231,19,2,まくり,17490,2,中尾優香,村上彰一
20251231,21,5,まくり,19270,3,安東幸治,里岡右貴
20251231,21,8,差し,18610,4,三苫晃幸,小川日紀太
20251231,17,4,まくり差し,36080,4,小林甘寧,半田尚也
20251231,17,7,抜き,24600,4,佐々木英樹,岡谷健吾
20251231,23,3,差し,12860,4,常住蓮,古賀繁輝
20251231,23,12,差し,24120,2,末永和也,上野真之介
20251230,10,9,まくり差し,12170,5,室田泰史,南野利騰
20251230,10,11,まくり,36980,3,藤山雅弘,前出達吉
20251230,1,6,まくり,69720,6,芝田京介,小原聡将
20251230,1,11,まくり差し,24610,5,後藤翔之,鶴本崇文
20251230,1,12,恵まれ,38900,6,藤原孝斗,田代達也
20251230,9,4,まくり,14740,5,高田ひかる,橋口真樹
20251230,9,12,差し,11850,2,豊田健士郎,新田雄史
20251230,8,5,まくり,19390,3,荒木颯斗,堀本裕也
20251230,8,8,まくり差し,96540,5,鈴木雄登,平野和明
20251230,2,8,まくり,49890,4,近藤颯斗,飯山泰
20251230,5,4,差し,18590,4,山本兼士,三浦洋次朗
20251230,6,5,まくり差し,27840,6,大場敏,深尾巴恵
20251230,13,5,まくり差し,53580,5,松本一毅,野見山拓己
20251230,13,9,まくり,18480,4,花本剛,深井利寿
20251230,12,5,まくり,26280,6,中村有裕,篠田優也
20251230,17,1,まくり差し,11150,3,川崎公靖,新田洋一
20251230,19,3,まくり,12780,5,木場雄二郎,冨名腰桃奈
20251230,16,6,差し,17310,2,藤原早菜,井上大輔
20251230,22,2,まくり,59790,2,真子奈津実,岡村将也
20251230,22,7,まくり,19770,3,中尾彩香,津留浩一郎
20251230,22,8,まくり差し,40570,4,小林孝弘,石川真二
20251230,22,9,まくり,23110,3,高橋龍治,中島友和
20251229,1,2,まくり差し,10060,3,島崎丈一朗,大町利克
20251229,1,7,抜き,35610,4,島崎丈一朗,上原崚
20251229,5,1,まくり,15930,2,安藤裕貴,藤本元輝
20251229,2,8,まくり差し,19280,5,澤大介,海老澤泰行
20251229,2,9,まくり差し,17630,5,青木蓮,中嶋達也
20251229,11,10,まくり差し,29960,3,古結宏,森永隆
20251229,12,3,まくり,10270,3,山崎昂介,小坂宗司
20251229,12,7,差し,94050,2,木村浩士,三浦敬太
20251229,6,4,まくり,19550,3,山田雄太,渡邊裕貴
20251229,6,6,まくり,55540,3,服部剛,松下一也
20251229,16,3,まくり,24200,3,井上大輔,長尾萌加
20251229,16,11,まくり差し,17360,5,前原大道,平尾崇典
20251229,18,9,差し,18440,2,伊藤玲奈,青木幸太郎
20251229,22,3,まくり,11030,3,岡村将也,北村寧々
20251229,22,9,まくり差し,10500,5,出畑孝成,池田剛規
20251229,23,6,差し,17920,3,堤啓輔,笠雅雄
20251229,23,7,まくり差し,24830,5,末永和也,山一鉄也
20251229,19,2,まくり,11350,3,山田真聖,川崎誠志
20251229,19,12,抜き,13350,3,江本真治,大峯豊
20251229,24,4,差し,18180,4,大瀧明日香,山口真喜子
20251229,24,12,差し,16660,2,高憧四季,小野生奈
20251229,21,1,差し,37130,2,上野秀和,出畑孝典
20251229,21,7,差し,29960,2,井上慧人,寳田亮治
20251228,5,7,まくり,12590,2,三浦洋次朗,豊田祥生
20251228,13,2,まくり差し,18810,5,野見山拓己,加木郁
20251228,13,8,まくり差し,51400,5,杉山太陽,大庭元明
20251228,12,6,まくり,29630,3,島田賢人,中岡健人
20251228,12,7,抜き,17340,5,渡辺浩司,遠藤圭吾
20251228,12,11,まくり,19470,4,山本英志,松下直也
20251228,7,5,まくり差し,67870,5,島田一生,和田操拓
20251228,7,9,まくり差し,10360,2,島田一生,桑原将光
20251228,7,12,まくり差し,390200,6,中村真,高野哲史
20251228,16,3,まくり差し,74640,3,福嶋智之,峰重力也
20251228,16,4,まくり,12830,2,妹尾忠幸,佐藤太亮
20251228,2,3,まくり,12800,5,海老澤泰行,来田衣織
20251228,2,12,まくり差し,43600,3,芦澤望,江口晃生
20251228,1,1,まくり差し,83220,6,大町利克,栗原一馬
20251228,11,6,まくり差し,31990,3,濱崎誠,山下和彦
20251228,11,12,差し,53720,4,福田翔吾,島川光男
20251228,18,2,抜き,56380,5,川田正人,西島義則
20251228,18,3,抜き,13810,2,青木幸太郎,石倉洋行
20251228,18,10,まくり,15420,4,内山七海,市橋卓士
20251228,19,12,まくり差し,12940,4,柳生泰二,寺田祥
20251228,22,8,まくり,10410,2,和合俊介,上瀧絢也
20251228,22,9,差し,57140,2,権藤俊光,岡村仁
20251228,23,1,まくり,97750,2,堤啓輔,定松勇樹
20251228,23,2,差し,10450,4,牧山敦也,酒見峻介
20251228,23,3,まくり差し,185660,6,日高龍之介,北川太一
20251227,7,4,まくり差し,174870,5,加藤綾,中村尊
20251227,13,5,まくり差し,19180,5,大庭元明,山崎聖司
20251227,13,6,まくり,26560,4,赤坂俊輔,深井利寿
20251227,13,9,差し,50080,2,上田紗奈,竹間隆晟
20251227,5,7,まくり差し,11190,6,伊久間陽優,相馬翔
20251227,5,9,差し,16010,2,谷本幸司,照屋厚仁
20251227,2,2,まくり差し,14590,6,佐藤大佑,塚田修二
20251227,2,10,まくり差し,37130,5,芦澤望,青木蓮
20251227,10,3,差し,125700,5,山室展弘,原田雄次
20251227,1,4,まくり差し,14050,3,笠置博之,宇野博之
20251227,1,11,まくり,24540,3,塚越海斗,金田諭
20251227,1,12,まくり差し,11150,4,小山勉,作間章
20251227,18,1,まくり差し,54180,5,岡本大,溝口海義也
20251227,18,6,抜き,29380,3,内山七海,岡本大
20251227,18,7,まくり差し,13520,4,高田明,三原司
20251227,18,8,まくり,19070,5,正木聖賢,山川雄大
20251227,18,9,まくり,37430,3,茶谷信次,川田正人
20251227,24,6,まくり差し,19800,4,向井美鈴,井上遥妃
20251227,24,9,差し,31800,3,寺島美里,喜井つかさ
20251227,22,4,抜き,51060,2,山本幸也,桂林寛
20251226,5,2,抜き,25360,3,塩崎優司,西田靖
20251226,10,1,まくり,31270,3,木山誠一,安田政彦
20251226,13,10,まくり,17370,2,野見山拓己,大庭元明
20251226,11,7,抜き,18600,1,島倉都,島倉都
20251226,7,9,まくり,42700,4,山田亮太,杉山貴博
20251226,9,3,まくり差し,13280,5,坂元浩仁,佐藤謙史朗
20251226,12,9,まくり,20980,2,廣瀬篤哉,多田有佑
20251226,8,2,まくり,17840,4,齋藤智裕,角浜修
20251226,8,4,抜き,26640,1,若林麗,若林麗
20251226,8,9,まくり差し,62900,4,大谷直弘,渋谷明憲
20251226,22,2,まくり,11220,2,桂林寛,畑和宏
20251226,24,1,まくり,14160,3,黒澤めぐみ,落合直子
20251226,24,8,まくり,13400,3,櫻本あゆみ,藤原菜希
20251226,24,10,抜き,26980,5,中田夕貴,今井裕梨
20251226,24,12,恵まれ,201340,6,海野ゆかり,三浦永理
20251226,18,4,まくり,43600,4,飯山晃三,山田晃大
20251226,18,5,差し,33060,3,溝口海義也,内田圭
20251226,18,8,まくり差し,10060,3,中嶋誠一郎,栗原謙治
20251226,15,5,まくり,17240,6,河野大,谷津幸宏
20251226,15,6,まくり差し,83000,3,井川大作,嶋義信
20251225,13,1,差し,37830,2,加木郁,稲生夏季
20251225,13,7,抜き,15620,3,花本剛,田中孝明
20251225,13,9,まくり,51070,2,渡修平,赤坂俊輔
20251225,13,10,まくり差し,14310,3,永井亮次,木村仁紀
20251225,7,3,まくり差し,15310,4,大石真央,大谷健太
20251225,7,6,まくり差し,10110,2,島田一生,桑原将光
20251225,7,12,抜き,13340,4,稗田聖也,鈴谷一平
20251225,8,4,差し,10290,3,渋谷明憲,三宅健太
20251225,8,12,差し,57890,2,上條嘉嗣,守田俊介
20251225,11,8,抜き,38320,1,畑田希咲,畑田希咲
20251225,11,12,差し,39010,3,小林京平,古結宏
20251225,10,7,まくり,19210,4,吉川昭男,木下大將
20251225,10,12,まくり差し,13020,3,松尾光広,丸岡正典
20251225,12,1,まくり,12140,4,森照夫,小林基樹
20251225,12,4,まくり差し,22150,6,柴田大輔,村上功祐
20251225,12,9,まくり,14370,2,宮嵜隆太郎,川口貴久
20251225,12,10,まくり,15470,5,笹木香吾,中村辰也
20251225,12,12,まくり差し,37540,5,三浦敬太,渡辺浩司
20251225,17,1,まくり差し,32460,5,大場広孝,松尾祭
20251225,17,3,抜き,31200,6,妻鳥晋也,立間充宏
20251225,17,4,まくり,22350,4,中田元泰,三苫晃幸
20251225,17,8,まくり,95720,6,土山卓也,藤森陸斗
20251225,17,10,差し,12080,3,松尾祭,妻鳥晋也
20251225,22,7,差し,41430,2,嶋田有里,小松卓司
20251225,20,6,まくり,19590,3,吉田慎二郎,浦野海
20251225,20,7,差し,117210,2,坂井康嗣,中嶋健一郎
20251225,18,1,抜き,17920,5,山川雄大,高濱芳久
20251225,18,12,まくり差し,10680,3,高田明,松村敏
20251224,10,3,まくり差し,71980,5,山下智己,砂長知輝
20251224,10,5,まくり差し,24350,5,丸岡正典,西丸侑太朗
20251224,10,11,差し,29970,2,竹田和哉,永嶋裕一
20251224,10,12,差し,26690,6,小池修平,松田祐季
20251224,8,2,まくり差し,16710,5,石田勇斗,三宅健太
20251224,11,2,まくり差し,12950,5,大澤誠也,滝沢織寧
20251224,11,4,まくり差し,12060,3,山下和彦,折下寛法
20251224,11,10,まくり差し,21870,3,柳内敬太,岡本慎治
20251224,11,11,まくり,15540,4,浅見昌克,仲航太
20251224,7,12,差し,10320,3,鈴谷一平,吉川喜継
20251224,2,9,差し,29480,3,寺嶋雄,牧宏次
20251224,13,5,まくり差し,23380,4,上田紗奈,野相弘司
20251224,14,8,抜き,19400,2,上野秀和,片岡秀樹
20251224,14,11,差し,12380,2,大島隆乃介,笠原亮
20251224,14,12,まくり,14450,4,谷勝幸,徳増秀樹
20251224,16,3,差し,12920,2,樅山拓馬,木田峰由季
20251224,16,6,差し,13000,2,木谷賢太,出畑孝典
20251224,16,7,まくり,19040,3,赤池修平,新田洋一
20251224,16,12,差し,51770,4,泉啓文,仲口博崇
20251224,18,3,まくり差し,16760,4,山崎鉄平,鶴田勇雄
20251224,18,8,まくり,10360,3,青木幸太郎,松本弓雄
20251224,18,12,まくり差し,25150,3,市橋卓士,西島義則
20251224,15,2,差し,14050,3,谷口知優,品田直樹
20251224,15,8,まくり差し,38850,6,角山雄哉,葛原大陽
20251224,17,8,まくり,11720,2,酒井俊弘,古川健
20251224,20,2,まくり,15780,2,松下知幸,藤森拓海
20251224,20,4,まくり,16690,2,相原利章,石原翼
20251224,20,8,まくり差し,20020,4,横田茂,小池公生
20251223,8,1,差し,39020,2,鈴木猛,市川哲也
20251223,15,7,まくり差し,69070,6,戸塚邦好,田中宏樹
20251223,15,9,まくり,22340,6,中岡正彦,富永修一
20251223,16,8,まくり,34220,5,樅山拓馬,松村康太
20251223,2,4,まくり,20560,4,寺嶋雄,成貞琳平
20251223,2,10,まくり,21520,5,下出卓矢,原田篤志
20251223,2,11,まくり差し,80940,6,麻生慎介,金子和之
20251223,2,12,まくり差し,18150,3,後藤浩,新田泰章
20251223,6,3,まくり差し,17370,5,後藤盛也,川原涼
20251223,7,6,まくり差し,15500,4,山田亮太,桑原啓
20251223,14,5,恵まれ,21090,3,長谷川雅和,大島隆乃介
20251223,14,9,まくり,25100,4,鈴木秀茉,長谷川巌
20251223,21,2,まくり,11600,4,大澤風葵,小林孝彰
20251223,21,11,まくり差し,17120,3,若林義人,篠原晟弥
20251223,21,12,まくり,30630,4,中山翔太,前原大道
20251223,19,6,まくり,21080,4,櫻井優,天野晶夫
20251223,20,11,差し,20660,4,杉山正樹,川北浩貴
20251223,17,2,まくり差し,39830,5,三苫晃幸,乙津康志
20251223,17,3,まくり差し,44030,4,後藤隼之,坪井康晴
20251222,6,1,まくり差し,34880,5,樫葉新心,河合三弘
20251222,6,2,まくり,59210,3,岩田凌,岸本雄貴
20251222,6,4,抜き,54280,2,外崎悟,森作広大
20251222,6,5,まくり,14340,3,永田秀二,下河誉史
20251222,6,11,まくり,20420,4,井上恵一,中澤和志
20251222,8,1,差し,127590,2,菅沼佳昭,渋谷明憲
20251222,8,3,抜き,25360,3,伊藤紘章,齋藤智裕
20251222,8,6,まくり差し,79510,5,石田勇斗,大串重幸
20251222,8,12,まくり差し,11890,3,一瀬明,田中和也
20251222,14,2,まくり,20220,4,竹田吉行,白神優
20251222,16,5,まくり,35690,4,高田ひかる,薮内瑞希
20251222,16,10,差し,47200,3,薮内瑞希,木谷賢太
20251222,2,4,まくり,15500,3,富澤祐作,岩永雅人
20251222,15,3,まくり,22070,4,村越篤,横川聖志
20251222,15,5,まくり,31240,5,池永太,三品隆浩
20251222,15,6,まくり差し,22630,4,上村宏太,福田雅一
20251222,15,10,差し,107700,4,品田直樹,重木輝彦
20251222,15,11,差し,10680,2,富永修一,永田啓二
20251222,17,2,まくり,10370,4,立間充宏,藤森陸斗
20251222,17,4,まくり差し,127450,5,高村諒,間野兼礼
20251222,17,5,まくり,15540,4,真庭明志,三苫晃幸
20251222,17,6,抜き,10440,1,長尾章平,長尾章平
20251222,17,12,まくり,32000,3,長尾章平,重成一人
20251222,21,7,まくり差し,21340,3,岡崎凪汰,長谷川暖
20251222,21,8,抜き,11690,2,前原大道,鈴木唯央
20251222,20,6,差し,16940,2,庄司孝輔,奥田誠
20251222,23,6,まくり差し,11290,5,福島勇樹,大久保信一郎
20251222,23,11,差し,10680,4,金田諭,中田竜太
20251221,5,6,まくり,16580,3,佐藤大佑,宮之原輝紀
20251221,5,11,まくり,10200,6,田頭実,清水愛海
20251221,5,12,まくり差し,23690,4,定松勇樹,濱野谷憲吾
20251221,8,2,抜き,11850,3,石田章央,岩永節也
20251221,8,4,まくり差し,54820,4,飯島誠,上田洋平
20251221,8,5,まくり差し,14120,5,安達裕樹,大谷直弘
20251221,12,1,差し,43170,2,渡邉和将,豊田健士郎
20251221,12,3,抜き,100350,6,新田雄史,原田幸哉
20251221,17,5,まくり差し,12150,6,古川健,後藤隼之
20251221,17,9,まくり差し,12030,5,中野夢斗,廣部大明
20251221,2,5,まくり,18480,3,後藤浩,柳瀬興志
20251221,2,12,まくり差し,27550,5,寺本重宣,村岡賢人
20251221,14,6,抜き,11000,2,山田祐也,山地正樹
20251221,6,12,まくり,40900,2,田中豪,北野輝季
20251221,20,6,まくり差し,18260,5,吉田慎二郎,山本光雄
20251221,19,3,まくり差し,64360,6,岡田憲行,福島陽子
20251221,19,8,まくり,10910,4,島川海輝,榎幸司
20251221,19,12,まくり,11070,4,蜂須瑞生,土屋千明
20251221,21,8,まくり,22650,4,網代良芽,塚越海斗
20251221,21,10,抜き,25760,3,中山翔太,藤原仙二
20251221,23,12,差し,15750,5,田村隆信,佐々木康幸
20251220,2,9,まくり,30670,4,森竜也,寺本重宣
20251220,14,1,差し,14100,2,水原慎,竹田吉行
20251220,14,2,まくり,27300,3,鈴木裕隆,坂口貴彦
20251220,14,4,差し,11110,2,佐藤大騎,田中信一郎
20251220,14,8,まくり,10700,2,松崎祐太郎,高倉孝太
20251220,17,1,まくり,26270,4,古川健,中田元泰
20251220,6,1,まくり差し,11690,6,内山峻輔,渥美卓郎
20251220,6,2,抜き,12940,4,笠雅雄,赤澤文香
20251220,5,1,まくり差し,10930,4,松江秀徳,西岡育未
20251220,5,8,まくり差し,11980,6,濱野谷憲吾,平山智加
20251220,12,7,差し,17850,4,森高一真,河合佑樹
20251220,19,6,差し,10380,3,榎幸司,吉武真也
20251220,19,8,まくり差し,10730,3,市川健太,天野晶夫
20251220,16,2,まくり,15060,6,武富智亮,半田尚也
20251220,16,7,抜き,25780,5,乙藤智史,中井俊祐
20251220,16,11,恵まれ,31960,4,寺田千恵,米丸乃絵
20251220,23,9,まくり,58640,3,北川幸典,荒井輝年
20251220,20,11,差し,14590,5,渡邉俊介,大場敏
20251220,21,9,恵まれ,96990,2,藤田俊祐,松田淳平
20251220,21,11,まくり,20680,4,中山翔太,吉川晴人
20251220,22,4,差し,16730,5,大平誉史明,宮内由紀英
20251219,14,1,まくり,13040,5,谷勝幸,吉川貴仁
20251219,14,4,まくり差し,113510,5,上野秀和,吉田俊彦
20251219,14,8,まくり,38170,2,大島隆乃介,尾形栄治
20251219,14,9,差し,20430,2,服部達哉,鈴木秀茉
20251219,14,11,抜き,23640,4,長谷川雅和,樋口亮
20251219,2,6,差し,11410,4,藤田靖弘,平瀬城啓
20251219,2,10,差し,16220,2,上平真二,藤田靖弘
20251219,2,12,まくり,20040,3,新田泰章,原田篤志
20251219,6,1,まくり,18880,2,河合三弘,大塚浩二
20251219,6,12,まくり,10390,4,林美憲,中澤和志
20251219,5,9,まくり差し,30300,5,藤田浩人,芦澤望
20251219,5,10,まくり,10870,4,渡邉健,黄金井力良
20251219,5,12,まくり差し,10170,5,清水愛海,宮之原輝紀
20251219,16,7,まくり差し,37680,5,石川諒,日笠勝弘
20251219,12,3,まくり,10460,2,山崎郡,菅章哉
20251219,12,8,まくり,15010,2,山田康二,前田将太
20251219,11,1,まくり,18550,5,吉田和仁,大庭元明
20251219,11,5,抜き,52260,3,浮田圭浩,多田有佑
20251219,11,6,まくり差し,60140,5,上瀧絢也,小坂宗司
20251219,11,8,まくり,18490,4,大江純,泥谷一毅
20251219,21,1,まくり,12680,5,三馬崇史,宮脇遼太
20251219,21,4,まくり,16240,4,松田淳平,大澤風葵
20251219,21,8,まくり,22140,4,松本真広,柳瀬幹太
20251219,24,3,まくり,65500,3,胡本悟志,鶴田勇雄
20251218,11,1,差し,13240,2,木山誠一,森照夫
20251218,8,7,抜き,17880,2,岡本大,香川颯太
20251218,5,1,まくり差し,18860,5,楠原翔太,永井聖美
20251218,5,4,まくり,23790,2,井上尚悟,山口修路
20251218,18,10,差し,37530,4,清水攻二,谷口知優
20251218,18,12,まくり差し,17500,4,島村隆幸,太田和美
20251218,9,7,差し,17070,3,小野生奈,高田ひかる
20251218,12,3,差し,67420,6,赤岩善生,石渡鉄兵
20251218,12,5,差し,24320,4,平本真之,新田雄史
20251218,12,6,まくり,20770,5,菅章哉,白井英治
20251218,19,9,まくり差し,15220,3,天野晶夫,横澤剛治
20251218,21,9,まくり差し,13010,3,山下大輝,大場恒季
20251218,22,5,抜き,14060,1,飯塚響,飯塚響
20251218,22,12,まくり,31450,4,山本隆幸,松村敏
20251218,24,8,まくり,11290,3,眞鳥章太,前川守嗣
20251217,12,7,まくり,44140,3,大池佑来,吉川元浩
20251217,12,8,まくり,11230,4,湯川浩司,井口佳典
20251217,12,11,まくり差し,68000,5,関浩哉,中島孝平
20251217,12,12,差し,12200,2,西山貴浩,山口剛
20251217,10,4,差し,22010,2,村越篤,山ノ内雅人
20251217,10,10,差し,17630,2,秋元哲,佐藤博亮
20251217,10,11,差し,18700,5,渡邊雄一郎,岡崎恭裕
20251217,10,12,まくり,14100,2,松井洪弥,白水勝也
20251217,5,2,まくり差し,17030,5,上原崚,入澤友治
20251217,9,10,まくり差し,10110,5,藤原早菜,深井利寿
20251217,9,12,差し,72600,3,山下友貴,吉永則雄
20251217,16,6,まくり差し,50320,5,日笠勝弘,石倉洋行
20251217,16,8,まくり差し,29920,6,青木幸太郎,松下直也
20251217,18,1,差し,16080,2,佐竹太一,林祐介
20251217,22,6,差し,17960,5,吉川昭男,小川日紀太
20251217,22,8,まくり,15920,2,松村敏,山本隆幸
20251217,22,9,まくり,21620,3,河野真也,北川太一
20251217,24,2,まくり,14530,4,安河内健,西岡蒼志
20251217,24,3,差し,32380,4,大神康司,後藤翔之
20251217,24,4,差し,11340,3,金子拓矢,鈴木智啓
20251217,24,12,まくり,14410,4,宮嵜隆太郎,山本修一
20251216,10,4,差し,21290,6,松井洪弥,笠置博之
20251216,10,5,まくり差し,31730,5,佐藤博亮,村越篤
20251216,10,6,まくり差し,17990,5,木田峰由季,中村辰也
20251216,10,9,差し,11070,2,吉川勇作,石田政吾
20251216,10,12,まくり,16550,5,笠置博之,岡崎恭裕
20251216,2,2,まくり差し,10730,3,廣瀬真也,西村秀樹
20251216,2,8,抜き,27320,5,関裕也,表健太
20251216,2,12,まくり差し,25250,5,浜先真範,山下和彦
20251216,1,2,差し,44940,5,松井友汰,西川新太郎
20251216,1,9,差し,47210,2,小坂尚哉,茶谷信次
20251216,12,9,差し,13050,2,毒島誠,平本真之
20251216,12,10,まくり,12630,3,菅章哉,丸野一樹
20251216,8,9,まくり,27320,4,藤生雄人,小林文彦
20251216,11,1,まくり差し,29900,5,野田なづき,小野桜
20251216,11,4,差し,15980,2,坂本雄紀,落合直子
20251216,11,8,まくり差し,27850,5,尾嶋一広,金子猛志
20251216,11,12,まくり,31190,3,多田有佑,近江翔吾
20251216,18,1,まくり差し,67650,5,尾崎雄二,江本真治
20251216,18,8,差し,11060,3,太田和美,尾崎雄二
20251216,18,11,まくり差し,37200,4,中里英夫,福田翔吾
20251216,24,2,まくり,32330,3,渡修平,常盤海心
20251216,24,6,まくり差し,41760,5,村上彰一,胡本悟志
20251216,23,10,まくり,22890,2,永田啓二,松尾昂明
20251216,22,5,まくり,11080,3,堀之内紀代子,寺田空詩
20251215,2,5,まくり,11800,2,盛本真輔,杉山喜一
20251215,2,7,差し,67140,4,中岡健人,清水敦揮
20251215,7,3,まくり差し,21970,3,菊地敬介,鈴木孝明
20251215,1,2,まくり,33300,6,西田靖,桑原啓
20251215,1,3,まくり差し,24330,6,松井友汰,奥平拓也
20251215,9,3,まくり,12790,2,大塚康雅,市川美宏
20251215,9,6,まくり,17090,3,松田大志郎,畔柳俊吾
20251215,8,2,まくり,80130,3,小池礼乃,淺田千亜希
20251215,8,8,まくり,41440,4,堂原洋史,寺本昇平
20251215,8,12,まくり,15390,3,鈴木勝博,石本裕武
20251215,23,8,まくり,69940,5,廣中良一,重冨勇哉
20251215,23,12,差し,45080,2,松井賢治,西野雄貴
20251215,22,8,抜き,12170,4,木下大將,平石和男
20251215,18,1,まくり差し,11370,5,谷口知優,清水攻二
20251215,24,11,まくり,18930,3,池田雄祐,大澤普司
20251215,15,1,まくり,10070,4,池田紫乃,森陽多
20251215,15,10,まくり差し,109770,6,吉田俊彦,吉村誠
20251214,5,8,まくり差し,32740,3,山口広樹,佐々木翔斗
20251214,7,3,まくり差し,34540,6,里岡右貴,鈴木猛
20251214,7,8,まくり,16960,4,齋藤真之,小林泰
20251214,1,2,まくり差し,15970,4,木谷賢太,松尾基成
20251214,10,8,まくり差し,25810,5,後藤正宗,中野孝二
20251214,6,1,差し,70710,5,福西広太郎,加藤翔
20251214,6,8,まくり,10570,6,平田忠則,金子萌
20251214,2,1,差し,10710,2,藤原孝斗,小黒竜吾
20251214,2,5,まくり,11970,6,阿波勝哉,鈴木雅希
20251214,2,12,まくり差し,17440,5,山下和彦,伊藤将吉
20251214,8,3,まくり,58510,4,太田潮,塩田雄一
20251214,8,4,まくり,25160,4,山下夏鈴,新田芳美
20251214,8,7,まくり差し,21020,3,細川裕子,柴田愛梨
20251214,8,10,まくり差し,27810,3,篠木亜衣花,大瀧明日香
20251214,8,12,まくり差し,23540,5,森貴洋,石川真二
20251214,11,1,差し,57880,3,嶋田貴支,喜井つかさ
20251214,11,6,まくり差し,53280,6,長野壮志郎,永田義紘
20251214,11,8,まくり,16780,3,杉山勝匡,吉田和仁
20251214,11,9,差し,49520,5,嶋田貴支,大庭元明
20251214,15,12,まくり,11200,4,赤羽克也,國分将太郎
20251214,17,4,まくり差し,22680,6,坂元浩仁,泉啓文
20251214,17,9,まくり差し,18610,5,本田愛,池田剛規
20251214,23,4,まくり差し,10170,5,前沢丈史,藤丸光一
20251214,23,7,まくり,41010,4,瀬川大地,大賀龍之介
20251214,23,12,差し,11500,3,石塚久也,仲口博崇
20251214,18,2,まくり差し,12130,3,林祐介,小池哲也
20251213,8,7,差し,25160,3,磯村匠,伊藤雄二
20251213,8,9,まくり,11830,4,塩崎優司,星栄爾
20251213,2,7,差し,34870,2,関根彰人,加藤政彦
20251213,2,10,まくり差し,17160,4,鈴木雅希,向後龍一
20251213,1,4,抜き,27320,4,浜本裕己,西田靖
20251213,1,5,まくり,11690,3,桑原啓,三宅健太
20251213,1,8,まくり差し,10820,3,浜本裕己,黒柳浩孝
20251213,6,1,まくり差し,24100,5,川口貴久,安田吉宏
20251213,15,11,まくり,14850,3,寺島美里,川野芽唯
20251213,10,6,差し,25970,4,中村辰也,三品隆浩
20251213,18,9,まくり差し,28440,4,烏野賢太,新田洋一
20251212,7,3,差し,12770,3,重木輝彦,楠将太郎
20251212,7,8,まくり,100010,3,齋藤真之,前田聖文
20251212,7,9,まくり差し,20310,5,末永由楽,金児隆太
20251212,7,11,差し,27980,5,深川真二,里岡右貴
20251212,14,8,まくり差し,22550,6,島川海輝,三馬崇史
20251212,17,1,差し,11300,2,横田茂,福田雅一
20251212,17,9,抜き,18450,3,佐藤太亮,永嶋裕一
20251212,5,8,差し,28840,4,丹下健,登玉隼百
20251212,6,4,差し,22250,4,中越博紀,小宮涼雅
20251212,6,7,差し,10580,2,下河雅史,佐藤永梧
20251212,19,9,まくり差し,80750,5,井本昌也,馬場貴也
20251212,21,11,差し,22980,3,浜野孝志,片橋幸貴
20251211,15,8,まくり差し,39520,4,三宅潤,赤坂俊輔
20251211,7,5,差し,98140,5,佐々木康幸,宮地秀祈
20251211,5,3,まくり,26680,4,齊藤大将,佐藤謙史朗
20251211,5,6,まくり,58750,5,塚田修二,間野兼礼
20251211,14,1,抜き,13260,3,杉村賢也,戸敷晃美
20251211,9,2,まくり差し,122850,6,島崎丈一朗,西村豪洋
20251211,9,8,まくり差し,29940,6,岡祐臣,広次修
20251211,6,2,差し,11360,3,長谷川雅和,楠原正剛
20251211,17,8,差し,12310,2,吉田祐貴,前出達吉
20251211,13,8,まくり差し,43780,5,門田栞,平田さやか
20251211,21,1,まくり,80310,6,入澤友治,大串重幸
20251211,21,10,まくり,65390,6,藤田浩人,齊藤優
20251211,21,12,まくり,14910,4,新田泰章,片橋幸貴
20251210,6,3,抜き,15580,6,田中和也,岡部哲
20251210,6,10,まくり差し,94780,5,加藤翔,丹下将
20251210,9,10,差し,13000,2,渡邉雄朗,高倉孝太
20251210,7,1,まくり差し,10280,4,宮地秀祈,中村駿平
20251210,7,5,まくり差し,19980,5,川田正人,岡部浩
20251210,17,1,まくり,13760,3,山一鉄也,庄司樹良々
20251210,5,2,まくり差し,14080,4,一瀬明,谷勝幸
20251210,5,6,まくり差し,34610,5,小池公生,佐口達也
20251210,5,8,まくり,13620,3,前原大道,山崎裕司
20251210,5,11,まくり差し,18910,5,上野俊樹,佐々木翔斗
20251210,5,12,まくり差し,17460,5,前原大道,山田祐也
20251210,19,2,まくり,11420,2,豊田健士郎,常住蓮
20251210,19,8,まくり,17330,4,新開航,宮地元輝
20251210,19,10,まくり差し,10830,5,畑田汰一,菅章哉
20251210,19,11,差し,58850,3,栗城匠,遠藤エミ
20251210,14,3,差し,23370,2,高田綾,権藤俊光
20251210,14,6,差し,10800,2,堀本和也,内山文典
20251210,14,8,まくり,22080,3,松本弓雄,山下大輝
20251210,21,5,まくり差し,50650,6,大串重幸,高橋竜矢
20251210,21,9,恵まれ,20650,6,片橋幸貴,一色凌雅
20251210,21,12,抜き,177600,2,浜野孝志,濱野斗馬
20251210,22,6,抜き,14760,5,樅山拓馬,長田頼宗
20251209,7,5,差し,15570,2,畑竜生,中嶋誠一郎
20251209,11,3,まくり差し,13460,4,平石和男,宮迫暢彦
20251209,11,8,まくり差し,11450,3,吉永浩則,塩崎優司
20251209,11,12,抜き,26320,2,益田啓司,上平真二
20251209,14,1,差し,80030,4,永田楽,前田将太
20251209,14,2,まくり差し,45390,5,山川雄大,堀本和也
20251209,14,5,差し,20850,5,戸敷晃美,米丸乃絵
20251209,18,11,まくり,14050,3,仲道大輔,上田健太
20251209,19,2,まくり差し,15860,3,武田光史,西村拓也
20251209,22,6,まくり差し,33650,3,東潤樹,渡邉健
20251209,22,10,まくり,42500,3,田頭虎親,川上剛
20251209,20,4,差し,31630,2,土井歩夢,松田竜馬
20251209,21,1,まくり差し,10080,3,内山七海,深川麻奈美
20251209,21,9,まくり差し,28440,4,深川麻奈美,藤田浩人
20251208,18,8,まくり差し,24480,4,鈴木裕隆,大井清貴
20251208,13,9,まくり,16900,3,大廣咲季,平田さやか
20251208,11,6,まくり,29040,3,浅見宗孝,深井利寿
20251208,8,5,抜き,28060,1,塩田北斗,塩田北斗
20251208,19,1,差し,14020,2,高野哲史,井本昌也
20251208,19,2,まくり,10840,2,常住蓮,武田光史
20251208,9,2,まくり,24540,4,滝沢崚,西村豪洋
20251208,9,9,まくり差し,10710,5,石原翼,岡田憲行
20251208,9,11,まくり,36980,4,高倉孝太,渋谷明憲
20251208,9,12,まくり差し,19860,4,南佑典,湯川浩司
20251208,10,12,抜き,36370,3,新井英孝,鰐部太空海
20251208,22,4,差し,18320,3,大谷直弘,田頭虎親
20251207,2,3,抜き,26730,6,佐藤大騎,山崎義明
20251207,2,8,差し,46990,2,吉田彩乃,芝田浩治
20251207,13,2,まくり差し,30380,5,田上凜,北村寧々
20251207,9,1,まくり差し,21160,5,高倉孝太,岩永雅人
20251207,8,1,差し,13530,3,深谷知博,柳沢一
20251207,8,2,まくり差し,22670,2,須藤博倫,丸岡正典
20251207,8,7,まくり差し,10100,6,山崎郡,今井貴士
20251207,8,9,まくり,55560,4,井口佳典,白神優
20251207,10,4,まくり差し,21490,3,川島拓郎,後藤陽介
20251207,15,1,まくり差し,32380,5,品川二千翔,常盤海心
20251207,11,7,まくり差し,13470,4,長谷川巌,飯山泰
20251207,11,8,抜き,12670,2,平石和男,川合理司
20251207,11,11,まくり,11450,2,益田啓司,鈴木博
20251207,18,4,抜き,12120,3,金田大輔,村岡賢人
20251207,18,8,差し,24340,2,川辺郭人,木村亮太
20251207,18,9,差し,24500,5,山本寛久,石塚久也
20251207,20,1,差し,14600,4,黒田剛,伊藤尚汰
20251207,20,5,まくり差し,42950,3,森清友翔,松村敏
20251207,19,3,まくり差し,14310,3,秦英悟,杉山裕也
20251206,2,9,まくり,20110,3,冨田秀幸,四宮与寛
20251206,2,12,まくり,31190,6,松尾拓,赤羽克也
20251206,9,2,まくり差し,31750,5,大崎翔,松本庸平
20251206,9,12,まくり差し,26590,5,船岡洋一郎,湯川浩司
20251206,10,7,まくり,95070,6,西村勝,小坂風太
20251206,10,8,まくり,12260,3,上野秀和,川島拓郎
20251206,7,1,まくり,25350,4,安達美帆,水野望美
20251206,7,10,差し,55340,5,喜井つかさ,山田理央
20251206,11,1,差し,31900,2,長谷川巌,深井利寿
20251206,11,5,まくり,10140,5,山本隆幸,中辻崇人
20251206,11,9,まくり差し,19320,5,福島勇樹,河上年昭
20251206,11,11,差し,419210,6,平石和男,石倉洋行
20251206,15,12,抜き,28050,5,竹井奈美,平山智加
20251206,8,4,まくり,19470,2,上條暢嵩,中村日向
20251206,17,7,まくり差し,16970,3,東健介,鈴木勝博
20251206,17,10,まくり差し,18110,5,山下和彦,三好勇人
20251206,17,12,抜き,33630,3,渡邉翼,三浦敬太
20251206,20,6,まくり,30550,3,中渡修作,枝尾賢
20251206,20,7,まくり,11000,2,野見山拓己,岩崎正哉
20251206,24,4,差し,29470,3,今出晋二,三宅健太
20251206,18,2,差し,22860,2,北川太一,興津藍
20251206,22,7,まくり,11330,3,井上大輔,黄金井力良
20251205,2,1,不明,29460,2,中野孝二,倉尾大介
20251205,2,5,不明,42270,3,出口舞有子,芝田浩治
20251205,2,8,不明,16940,5,赤羽克也,石川真二
20251205,2,10,不明,13100,4,川尻泰輔,松山将吾
20251205,7,3,不明,23850,5,小芦るり華,松田真実
20251205,7,12,不明,15670,6,今井裕梨,豊田結
20251205,8,3,不明,12940,4,吉田裕平,須藤博倫
20251205,8,12,不明,40710,4,磯部誠,茅原悠紀
20251205,10,4,不明,15370,3,富山弘幸,平見真彦
20251205,10,10,不明,24960,4,石川吉鎬,富山弘幸
20251205,11,5,不明,19210,4,大澤普司,上田洋平
20251205,11,10,不明,17490,5,原田秀弥,中村有裕
20251205,13,11,不明,55380,5,森智也,橋本久和
20251205,14,1,不明,129240,2,松下知幸,桑島和宏
20251205,14,7,不明,13050,4,松下知幸,富永正人
20251205,14,8,不明,10020,2,野中義生,福田宗平
20251205,14,11,不明,70310,4,富永正人,赤坂俊輔
20251205,14,12,不明,47680,5,渡邊雄一郎,佐藤博亮
20251205,15,8,不明,39840,2,木下雄介,井上一輝
20251205,15,9,不明,17970,5,吉川昭男,松尾祭
20251205,17,8,不明,19270,3,安部慎一,森林太
20251205,18,1,不明,11230,4,金田大輔,酒見峻介
20251205,18,6,不明,16940,3,吉村正明,川辺郭人
20251205,20,3,不明,10800,2,松尾宣邦,森清友翔
20251205,22,2,不明,32420,2,本吉正樹,山下奈緒
20251205,24,2,不明,37860,2,広瀬聖仁,有賀達也
20251205,24,12,不明,29770,4,笹木香吾,高木圭大
20251204,1,3,不明,10450,4,大豆生田蒼,前田健太郎
20251204,2,8,不明,13550,2,田路朋史,百武翔
20251204,2,10,不明,23350,6,宮崎心之介,春園功太
20251204,7,7,不明,15450,5,長尾萌加,香川素子
20251204,8,1,不明,19950,5,塩田北斗,上條暢嵩
20251204,8,4,不明,46580,2,吉川元浩,桑原悠
20251204,11,4,不明,11160,2,齊藤仁,豊田訓靖
20251204,11,8,不明,24620,6,上平真二,長谷川巌
20251204,13,8,不明,15500,4,小林遼太,茶谷信次
20251204,13,10,不明,31770,4,寺嶋雄,片岡恵里
20251204,15,12,不明,20950,3,中岡正彦,平山智加
20251204,17,7,不明,10050,4,松田隆司,安部慎一
20251204,17,11,不明,15520,4,永田啓二,森永淳
20251204,18,1,不明,22170,2,角浜修,廣瀬将亨
20251204,18,5,不明,24590,3,上村純一,竹田吉行
20251204,18,6,不明,14940,4,荒川健太,金田大輔
20251204,21,3,不明,39000,5,津久井拓也,後藤翔之
20251204,21,8,不明,17240,2,真子奈津実,野田部宏子
20251204,21,10,不明,59530,6,関野文,廣中智紗衣
20251204,21,12,不明,34960,4,池田浩美,米丸乃絵
20251204,24,12,不明,30120,3,森作広大,木場悠介
20251203,1,2,不明,13210,4,後藤正宗,大塚康雅
20251203,1,7,不明,19130,4,竹之内極,林祐介
20251203,2,1,不明,18780,3,乙津康志,山崎義明
20251203,2,11,不明,11850,4,篠田優也,田路朋史
20251203,2,12,不明,31820,3,鈴木智啓,君島秀三
20251203,5,11,不明,10170,4,入海馨,鶴本崇文
20251203,7,8,不明,13300,4,笠野友紀恵,津田裕絵
20251203,7,11,不明,68380,2,谷川里江,藤原菜希
20251203,7,12,不明,27100,3,魚谷香織,今井裕梨
20251203,12,5,不明,151940,5,小林京平,吉川晴人
20251203,12,12,不明,18840,2,田中駿兵,畑田汰一
20251203,13,12,不明,17060,3,倉持莉々,鈴谷一平
20251203,17,11,不明,15540,4,藤山翔大,鈴木勝博
20251203,24,1,不明,98270,6,井上恵一,中野和裕
20251202,1,4,不明,10780,5,別府昌樹,樋口範政
20251202,1,11,不明,11620,4,田中和也,浜先真範
20251202,2,2,不明,15330,3,赤羽克也,土屋太朗
20251202,2,5,不明,13240,5,川尻泰輔,杉田篤光
20251202,2,12,不明,17220,3,君島秀三,岡村仁
20251202,5,2,不明,13860,3,中村真,岩橋裕馬
20251202,5,11,不明,18150,3,山田雄太,北山康介
20251202,5,12,不明,18970,4,山田亮太,今垣光太郎
20251202,9,3,不明,11990,3,中山将,森貴洋
20251202,13,1,不明,10620,4,小川知行,井上尚悟
20251202,13,7,不明,12750,4,古結宏,川上聡介
20251202,14,9,不明,10380,6,宮脇遼太,村岡賢
20251202,17,5,不明,14290,4,関口智久,中井俊祐
20251202,21,2,不明,23290,3,伊藤誠二,宗行治哉
20251202,21,4,不明,37250,3,大町利克,後藤翔之
20251202,21,9,不明,11280,6,平尾崇典,小野達哉
20251201,1,8,不明,11230,5,竹間隆晟,柳瀬興志
20251201,5,8,不明,17190,5,山田亮太,小坂宗司
20251201,5,9,不明,13640,4,入海馨,加倉侑征
20251201,7,9,不明,16660,4,新田芳美,山川美由紀
20251201,9,1,不明,30230,2,櫻井優,中山将
20251201,12,10,不明,16010,5,原田雄次,井本昌也
20251201,14,3,不明,10640,5,鈴木雅希,佐藤博亮
20251201,14,10,不明,13580,2,桑島和宏,小林孝彰
20251201,14,12,不明,51920,4,赤坂俊輔,中辻博訓
20251201,15,1,不明,119210,5,森雄利,木村光宏
20251201,15,6,不明,42550,4,信濃由行,鶴田勇雄
20251201,17,2,不明,16210,5,森林太,渡辺豊
20251201,17,4,不明,20420,4,岡部貴司,長谷川親王
20251201,17,11,不明,17960,5,三川昂暁,山下和彦
20251201,18,7,不明,13960,3,小玉啓太,山口修路
20251201,18,8,不明,11230,2,古川誠之,鐘ヶ江真司
20251201,21,2,不明,15830,2,松瀬弘美,廣中智紗衣
20251201,21,9,不明,11780,2,山下拓巳,中村辰也
20251130,1,3,不明,34870,6,高岡竜也,坂咲友理
20251130,5,7,不明,21750,4,蜂須瑞生,小林文彦
20251130,5,10,不明,55820,5,遠藤圭吾,松井賢治
20251130,6,5,不明,19330,4,吉川喜継,横川聖志
20251130,6,7,不明,12050,3,木下翔太,柳内敬太
20251130,9,2,不明,51650,6,伏見俊介,渡辺千草
20251130,9,3,不明,20600,4,門間雄大,森陽多
20251130,9,11,不明,13680,4,金子賢志,寺田祥
20251130,12,4,不明,24190,4,石原光,長谷川暖
20251130,12,9,不明,28050,5,金子龍斗,青木蓮
20251130,12,11,不明,78030,6,中島秀治,井本昌也
20251130,20,4,不明,12620,3,佐藤大佑,樋口亮
20251130,20,10,不明,15080,5,長尾章平,山本梨菜
20251130,21,3,不明,44310,2,池田浩美,関野文
20251130,22,3,不明,11780,3,毒島誠,大峯豊
20251130,22,7,不明,75640,2,仲谷颯仁,上條暢嵩
20251130,22,8,不明,46570,4,寺田千恵,川野芽唯
20251130,22,10,不明,15420,4,毒島誠,井口佳典
20251130,22,11,不明,12710,4,守屋美穂,遠藤エミ
20251130,22,12,不明,13470,2,山口剛,池田浩二
20251130,24,2,不明,10670,2,柳瀬幹太,上原健次郎
20251129,1,1,不明,15830,2,樋口範政,小倉康典
20251129,1,11,不明,14110,2,高岡竜也,庄司樹良々
20251129,5,3,不明,13490,4,谷川将太,鈴木賢一
20251129,5,5,不明,18280,5,蜂須瑞生,櫻本あゆみ
20251129,5,7,不明,41110,3,池上隆行,入海馨
20251129,5,9,不明,45130,6,杉山勝匡,桐本康臣
20251129,5,12,不明,13630,2,北山康介,今垣光太郎
20251129,6,2,不明,142360,3,小黒竜吾,幸田智裕
20251129,6,5,不明,16160,3,烏野賢太,志道吉和
20251129,6,9,不明,11630,6,烏野賢太,川北浩貴
20251129,9,2,不明,17620,6,関裕也,孫崎百世
20251129,12,3,不明,14130,2,澁川夏,山崎祥
20251129,15,11,不明,201790,5,芹澤克彦,松田大志郎
20251129,18,2,不明,13150,4,里岡右貴,辻栄蔵
20251129,18,9,不明,52680,2,重冨勇哉,岡崎恭裕
20251129,21,3,不明,60470,3,今村暢孝,平尾崇典
20251129,21,7,不明,18100,4,菊池峰晴,藤本佳史
20251129,22,1,不明,16730,2,勝浦真帆,實森美祐
20251129,22,5,不明,14640,4,細川裕子,大瀧明日香
20251129,22,9,不明,67910,5,松尾夏海,高憧四季
20251129,22,10,不明,12290,3,関浩哉,末永和也
20251129,24,2,不明,53970,3,浜本裕己,篠原晟弥
20251128,3,5,不明,93540,5,丹下将,加藤翔
20251128,8,3,不明,15720,3,高野哲史,岡部哲
20251128,9,3,不明,14260,4,尾上雅也,花田和明
20251128,9,4,不明,61180,6,新田洋一,落合直子
20251128,12,2,不明,38120,5,石原光,澁川夏
20251128,12,3,不明,11000,2,金子龍斗,富永夏哉人
20251128,12,10,不明,44440,2,城間盛渚,中島秀治
20251128,14,2,不明,20690,4,石川哲秀,太田潮
20251128,14,4,不明,10530,4,佐野優都,吉田慎二郎
20251128,14,6,不明,14830,6,田村隆信,小野信樹
20251128,14,12,不明,16770,2,藤田浩人,横澤剛治
20251128,15,2,不明,10490,2,草場康幸,滝沢織寧
20251128,15,8,不明,36460,3,眞鳥康太,中山雄太
20251128,18,2,不明,13360,2,湯淺紀香,里岡右貴
20251128,18,8,不明,13890,4,下河雅史,金子和之
20251128,18,9,不明,13610,4,樋口由加里,宮崎奨
20251128,18,11,不明,10110,3,三宅潤,山川波乙
20251128,22,3,不明,39830,5,磯部誠,原田幸哉
20251128,22,6,不明,46820,3,井口佳典,塩田北斗
20251128,22,8,不明,29690,3,中島孝平,関浩哉
20251127,3,4,不明,13600,3,黒野元基,吉島祥之
20251127,3,11,不明,18720,4,伏田裕隆,中野次郎
20251127,6,4,不明,17670,4,滝沢芳行,高山智至
20251127,6,6,不明,32010,4,山本英志,佐藤航
20251127,6,9,不明,16290,2,木下翔太,松村康太
20251127,7,1,不明,59260,4,山道諄也,西川新太郎
20251127,7,7,不明,15760,4,川原正明,山田晃大
20251127,8,3,不明,33260,5,広次修,枝尾賢
20251127,8,7,不明,24730,2,川村正輝,大田直弥
20251127,9,4,不明,42320,5,花田和明,谷口知優
20251127,9,12,不明,20490,3,服部幸男,寺田祥
20251127,15,9,不明,18150,6,平川香織,黒澤めぐみ
20251127,18,4,不明,44770,2,小林一樹,谷津幸宏
20251127,18,11,不明,17420,3,樋口由加里,本岡勝利
20251127,18,12,不明,137460,5,谷津幸宏,田中信一郎
20251127,20,9,不明,10170,5,青木玄太,澤田尚也
20251127,20,10,不明,11310,6,前田滉,樋口亮
20251127,22,5,不明,19970,5,平高奈菜,岩崎芳美
20251127,22,8,不明,10270,2,上條暢嵩,磯部誠
20251127,24,2,不明,13080,2,岸蔭亮,汐崎正則
20251126,3,3,不明,14260,2,河野大,池田剛規
20251126,3,5,不明,11410,2,小川知行,柏野幸二
20251126,3,12,不明,44820,3,河野真也,中野次郎
20251126,6,11,不明,24020,2,小黒竜吾,安達裕樹
20251126,6,12,不明,22110,3,竹田和哉,海野康志郎
20251126,8,5,不明,12930,5,繁野谷圭介,齊藤大将
20251126,8,6,不明,46160,2,川田正人,福田雅一
20251126,8,7,不明,15340,2,山下智己,富山弘幸
20251126,8,9,不明,17410,4,川上剛,金児隆太
20251126,10,2,不明,20580,3,加藤優弥,黄金井力良
20251126,10,4,不明,73240,6,山田竜一,三川昂暁
20251126,10,7,不明,10480,4,品田直樹,宮迫暢彦
20251126,10,8,不明,18030,2,桑原啓,酒井俊弘
20251126,14,9,不明,15770,4,佐野優都,中岡健人
20251126,15,3,不明,19140,3,三木晴斗,平川香織
20251126,17,1,不明,51870,3,常盤海心,郷原章平
20251126,18,1,不明,10260,3,上瀧絢也,出畑孝典
20251126,18,4,不明,29500,3,山川波乙,末永由楽
20251126,18,8,不明,14820,2,前田聖文,須藤隆雄
20251126,18,9,不明,12250,4,清水沙樹,樋口由加里
20251126,20,4,不明,11500,2,樋口亮,石井裕美
20251126,22,4,不明,15950,4,菅章哉,大上卓人
20251126,22,5,不明,43180,4,海野ゆかり,三浦永理
20251126,24,1,不明,18380,5,吉川貴仁,津留浩一郎
20251126,24,5,不明,10090,6,佐々木康幸,中嶋誠一郎
20251125,1,8,不明,97900,4,山崎聖司,吉川昭男
20251125,2,3,不明,28920,4,花田凱成,豊田訓靖
20251125,3,4,不明,12020,4,岩瀬裕亮,栗原直也
20251125,7,1,不明,17240,2,長岡良也,小川時光
20251125,7,3,不明,15770,3,松尾祭,安田吉宏
20251125,7,8,不明,41470,5,西川新太郎,松尾祭
20251125,7,9,不明,19980,4,山田晃大,川原正明
20251125,7,12,不明,10120,4,小池哲也,渡邉雄朗
20251125,10,1,不明,40810,6,荻野裕介,山田丈
20251125,14,2,不明,13350,5,横澤剛治,金子良昭
20251125,14,3,不明,38490,2,東潤樹,吉田慎二郎
20251125,14,5,不明,31600,2,宮田龍馬,森悠稀
20251125,14,6,不明,11490,3,一瀬明,石川哲秀
20251125,14,7,不明,32890,5,山下昂大,安井瑞紀
20251125,14,10,不明,31890,3,前原哉,土屋実沙希
20251125,17,9,不明,54040,5,西川真人,藤生雄人
20251125,17,10,不明,57180,3,中越博紀,古澤光紀
20251125,17,12,不明,10120,2,鳥飼眞,秋元哲
20251125,22,6,不明,21830,4,大上卓人,石渡鉄兵
20251125,22,7,不明,27530,5,塩田北斗,宮地元輝
20251125,22,9,不明,18740,2,平山智加,浜田亜理沙
20251125,22,10,不明,26030,2,佐藤翼,瓜生正義
20251125,24,1,不明,11560,4,佐々木康幸,寳田亮治
20251125,24,3,不明,10820,6,下條雄太郎,柳瀬幹太
20251125,24,12,不明,25340,3,上條嘉嗣,菊地孝平
20251124,1,2,不明,12980,4,三苫晃幸,菊地敬介
20251124,1,7,不明,12120,3,北川太一,松尾光広
20251124,2,3,不明,27470,4,中村栄治,大崎翔
20251124,2,6,不明,31050,6,中村尊,上村純一
20251124,2,11,不明,14560,4,松本純平,水摩敦
20251124,3,9,不明,11990,6,中野次郎,安東幸治
20251124,3,11,不明,10890,4,丹下将,岩瀬裕亮
20251124,3,12,不明,17980,3,戸敷晃美,岡村仁
20251124,5,2,不明,11640,2,妻鳥晋也,木村浩士
20251124,5,6,不明,17760,3,田中豪,小野達哉
20251124,5,7,不明,11590,4,妻鳥晋也,作間章
20251124,5,12,不明,31180,4,後藤正宗,柴田光
20251124,7,6,不明,51310,6,藤岡俊介,西野雄貴
20251124,10,7,不明,19520,2,照屋厚仁,川口貴久
20251124,10,10,不明,11780,4,三川昂暁,秋田健太郎
20251124,12,3,不明,10910,5,宮崎心之介,篠木亜衣花
20251124,14,3,不明,59790,2,山田真聖,宮田龍馬
20251124,14,4,不明,14020,5,藤田浩人,一瀬明
20251124,14,6,不明,11090,2,太田和美,関根彰人
20251124,19,10,不明,22890,4,今井裕梨,野田彩加
20251124,21,5,不明,83170,6,丸岡正典,鈴木勝博
20251124,21,9,不明,40140,3,金子順一,北村征嗣
20251124,21,12,不明,17420,5,中辻崇人,井本昌也
20251123,1,5,不明,13350,2,椎名豊,嶋田貴支
20251123,2,3,不明,19880,3,中村栄治,森晋太郎
20251123,2,6,不明,10850,4,島田賢人,磯村匠
20251123,3,1,不明,17070,4,福田翔吾,板倉敦史
20251123,5,3,不明,87820,5,田中豪,橋本明
20251123,8,2,不明,16560,6,中辻博訓,後藤盛也
20251123,10,3,不明,13730,4,中村裕将,泥谷一毅
20251123,12,12,不明,20330,2,村上遼,前出達吉
20251123,17,4,不明,31120,4,山田佑樹,南佑典
20251123,17,8,不明,53650,4,宮村勇哉,永田義紘
20251123,17,11,不明,10030,4,秋元哲,市橋卓士
20251123,21,3,不明,38370,4,上之晃弘,北中元樹
20251123,21,7,不明,20770,5,上之晃弘,栗山繁洋
20251123,21,9,不明,47590,2,堤啓輔,吉田一郎
20251123,21,11,不明,70890,3,金田諭,興津藍
20251122,1,2,不明,22050,6,大池佑来,畑和宏
20251122,1,6,不明,51190,4,佐藤世那,杉山正樹
20251122,2,10,不明,97610,6,小川竜太朗,中亮太
20251122,5,6,不明,15200,4,木村浩士,桑島和宏
20251122,7,6,不明,30600,5,川原祐明,岡田憲行
20251122,8,1,不明,21880,5,高山秀雄,柳瀬興志
20251122,8,8,不明,61640,6,久田敏之,松本弓雄
20251122,10,9,不明,11570,3,黄金井力良,渡修平
20251122,10,12,不明,46830,2,荻野裕介,石川真二
20251122,12,1,不明,22900,4,宮崎心之介,新出浩司
20251122,12,9,不明,20430,2,飯田庄吾,村上遼
20251122,17,3,不明,10160,4,永田義紘,門田栞
20251122,17,8,不明,17180,4,早川尚人,瀧川千依
20251121,1,3,不明,25440,6,清水敦揮,堂原洋史
20251121,1,5,不明,29050,6,椎名豊,宮本裕之
20251121,1,11,不明,125300,6,畑和宏,永井源
20251121,1,12,不明,13230,2,椎名豊,石野貴之
20251121,5,8,不明,31580,3,奈須啓太,桑島和宏
20251121,5,9,不明,15550,2,木村浩士,鈴木雅希
20251121,9,1,不明,16650,3,近藤颯斗,仲航太
20251121,10,2,不明,80960,2,佐藤悠,武富智亮
20251121,12,9,不明,14280,2,新出浩司,桐本康臣
20251121,17,10,不明,11360,3,鳥飼眞,藤生雄人
20251121,17,11,不明,20730,5,松下直也,石塚久也
20251121,18,7,不明,18950,2,吉田拡郎,森高一真
20251121,19,5,不明,17480,2,出口舞有子,西村歩
20251121,19,7,不明,36270,4,大橋由珠,安達美帆
20251121,19,12,不明,21060,4,大石真央,清水愛海
20251121,21,2,不明,38590,5,栗山繁洋,大庭元明
20251121,21,5,不明,10010,5,興津藍,杉山裕也
20251121,21,11,不明,38120,4,川島圭司,北村征嗣
20251121,21,12,不明,10430,3,森永隆,松村敏
20251120,5,3,不明,14400,2,田中豪,森照夫
20251120,5,7,不明,10350,5,須藤博倫,菊池宏志
20251120,8,9,不明,12420,4,渡邊雄一郎,梶原正
20251120,9,2,不明,23860,5,眞崎武蔵,堀本翔太
20251120,14,9,不明,26320,3,松下哲也,伏島祐介
20251120,15,2,不明,12160,2,石井伸長,高木圭大
20251120,15,3,不明,11430,3,西尾亮輔,坂口貴彦
20251120,19,4,不明,34490,6,清水愛海,出口舞有子
20251120,19,6,不明,10640,3,大石真央,松尾怜実
20251120,21,2,不明,30140,3,木場雄二郎,久田武
20251119,3,3,不明,14030,4,折下寛法,金子龍斗
20251119,3,6,不明,14700,3,石岡将太,山田哲也
20251119,5,8,不明,19090,2,菊池宏志,後藤陽介
20251119,5,10,不明,12220,4,前野竜一,堀本和也
20251119,7,2,不明,10600,4,後藤浩,樋口範政
20251119,7,3,不明,14870,5,古川誠之,冨田秀幸
20251119,8,4,不明,59720,5,山下和彦,林祐介
20251119,8,6,不明,27570,3,加藤啓太,外崎悟
20251119,9,5,不明,66940,5,中村楓,中山翔太
20251119,14,11,不明,25010,4,柴田朋哉,稗田聖也
20251119,15,8,不明,34410,3,森林太,桑原将光
20251119,15,9,不明,16610,4,谷野錬志,吉永則雄
20251119,18,1,不明,10920,4,片岡雅裕,下寺秀和
20251119,19,3,不明,16810,4,山下友貴,谷口佳蓮
20251119,21,5,不明,22420,6,松村敏,田路朋史
20251119,21,9,不明,25610,6,渋谷明憲,北中元樹
20251119,22,10,不明,11900,2,古賀繁輝,竹田辰也
20251119,22,12,不明,20570,3,嶋義信,里岡右貴
20251119,24,3,不明,45130,3,安達裕樹,赤羽克也
20251119,24,4,不明,27400,4,宇佐見淳,小林文彦
20251118,3,12,不明,26770,2,高橋正男,山田哲也
20251118,7,5,不明,66020,4,田中信一郎,坂口周
20251118,12,11,不明,20000,6,内堀学,佃來紀
20251118,15,2,不明,17370,6,吉永則雄,森林太
20251118,17,7,不明,14690,4,岡田憲行,廣瀬将亨
20251118,18,4,不明,36360,3,松田祐季,毒島誠
20251118,18,11,不明,24230,3,毒島誠,寺田祥
20251118,20,6,不明,11750,5,川上剛,植田太一
20251118,20,9,不明,20090,2,塩崎桐加,大瀧明日香
20251118,21,9,不明,25920,5,大庭元明,吉田一郎
20251118,22,5,不明,11800,4,深水慎一郎,楠将太郎
20251117,3,2,不明,14080,2,鹿島敏弘,桑原啓
20251117,3,5,不明,134060,5,高橋正男,上野俊樹
20251117,3,7,不明,35070,3,桑原啓,金子猛志
20251117,3,10,不明,12920,2,山田哲也,坂元浩仁
20251117,7,1,不明,14330,4,池田雷太,今出晋二
20251117,7,4,不明,19910,6,石田政吾,吉原聖人
20251117,7,12,不明,11620,5,坂口周,田中信一郎
20251117,12,4,不明,12020,4,前原大道,金子賢志
20251117,12,7,不明,71490,2,鈴木裕隆,池田雄一
20251117,12,9,不明,19450,4,前田紗希,宮崎安奈
20251117,14,4,不明,22260,2,一宮稔弘,片橋幸貴
20251117,14,9,不明,10220,3,妹尾忠幸,大久保佑香
20251117,14,11,不明,30940,3,木幡純也,吉川晴人
20251117,15,6,不明,13540,4,一色凌雅,中村辰也
20251117,17,12,不明,60100,3,横田貴満,石橋道友
20251117,18,8,不明,13450,2,入海馨,吉川元浩
20251117,18,9,不明,18100,5,土屋智則,萩原秀人
20251117,20,4,不明,14510,2,杢野誓良,大森翼
20251117,20,8,不明,26010,4,原加央理,藤田竜弘
20251117,20,9,不明,43690,3,吉田俊彦,水摩敦
20251117,22,4,不明,23590,3,杉山太陽,中北将史
20251117,22,9,不明,10030,3,上田隆章,和田操拓
20251117,22,12,不明,23510,4,森定晃史,若林将
20251116,1,5,不明,10890,6,藤岡俊介,木下雄介
20251116,3,5,不明,15800,4,桑原啓,黒柳浩孝
20251116,7,3,不明,19640,3,中里昌志,香月大介
20251116,8,3,不明,12470,3,荒牧凪沙,鈴木孝明
20251116,8,9,不明,517830,6,鈴木雄登,長谷川雅和
20251116,12,3,不明,28150,5,土山卓也,西田和加
20251116,12,7,不明,21870,4,池田剛規,尾上雅也
20251116,14,1,不明,35600,5,山田和佐,岡祐臣
20251116,14,3,不明,35900,5,夏山亮平,烏野賢太
20251116,15,1,不明,21200,4,小澤学,石井伸長
20251116,15,2,不明,10630,2,山本修一,清水紀克
20251116,15,3,不明,11310,5,馬野耀,東健介
20251116,15,5,不明,16320,4,柘植政浩,古場輝義
20251116,20,3,不明,12910,5,川上剛,木場悠介
20251116,22,12,不明,46570,4,嶋義信,前田翔
20251115,2,4,不明,103920,5,北野輝季,山崎郡
20251115,2,5,不明,12500,2,石野貴之,濱野谷憲吾
20251115,2,7,不明,19900,3,井口佳典,豊田健士郎
20251115,7,6,不明,19320,4,樋口範政,阿波勝哉
20251115,8,11,不明,23600,2,大須賀友,立間充宏
20251115,10,6,不明,13830,3,坂野さくら,樫葉新心
20251115,12,3,不明,15440,5,宮崎安奈,河上年昭
20251115,12,4,不明,22820,5,武井莉里佳,都築正治
20251115,12,5,不明,57500,2,吉田一心,福田雅一
20251115,12,12,不明,14240,2,前田紗希,武井莉里佳
20251115,14,6,不明,12830,4,松井賢治,井上大輔
20251115,14,7,不明,12500,4,松下哲也,真庭明志
20251115,17,9,不明,17970,5,深川真二,森悠稀
20251115,17,10,不明,12820,3,小林一樹,山本光雄
20251115,20,4,不明,37520,5,伊藤将吉,津留浩一郎
20251115,20,6,不明,16030,3,杢野誓良,高田ひかる
20251114,1,12,不明,19270,5,木下雄介,是澤孝宏
20251114,5,1,不明,10380,5,安東幸治,松本浩貴
20251114,5,4,不明,11640,5,谷口知優,松下誉士
20251114,5,10,不明,55500,5,荒川健太,北村征嗣
20251114,5,11,不明,21800,5,吉村誠,青木幸太郎
20251114,7,2,不明,12010,4,石田政吾,冨田秀幸
20251114,7,9,不明,17680,2,高橋真吾,石倉洋行
20251114,7,12,不明,10400,4,服部幸男,徳増秀樹
20251114,8,8,不明,16050,6,大平誉史明,山崎裕司
20251114,8,10,不明,11840,5,前沢丈史,村上遼
20251114,10,1,不明,22400,5,中尾彩香,金田幸子
20251114,10,4,不明,11600,3,奥村明日香,西橋奈未
20251114,10,5,不明,216620,6,喜井つかさ,土屋南
20251114,10,7,不明,29860,4,柴田百恵,坂野さくら
20251114,10,11,不明,36270,4,奥村明日香,倉持莉々
20251114,12,12,不明,36950,3,山下大輝,松田大志郎
20251114,17,1,不明,11500,4,仲本舜,松竹大輔
20251114,17,9,不明,26050,5,権藤俊光,小林一樹
20251114,17,10,不明,10620,3,岡村将也,天野友和
20251114,21,5,不明,39720,4,茶谷信次,麻生慎介
20251114,21,9,不明,10430,6,谷川祐一,茶谷信次
20251113,1,1,不明,70080,3,齋藤和政,宮迫暢彦
20251113,1,2,不明,26070,5,藤生雄人,飯島誠
20251113,1,3,不明,121830,5,本部めぐみ,遠藤圭吾
20251113,1,6,不明,22560,2,丸山祐也,田口節子
20251113,2,12,不明,46150,5,原田幸哉,池田浩二
20251113,10,4,不明,28930,3,赤井星璃菜,勝浦真帆
20251113,12,3,不明,27440,4,都築正治,岩永節也
20251113,12,5,不明,172030,5,米玉利大悟,石川吉鎬
20251113,17,5,不明,49260,5,角浜修,庄司孝輔
20251113,19,2,不明,36090,3,倉田郁美,岩津徹郎
20251113,19,11,不明,13360,2,西野翔太,尾嶋一広
20251112,1,1,不明,18030,3,田中宏樹,本部めぐみ
20251112,2,7,不明,15810,4,丸野一樹,秋元哲
20251112,2,10,不明,83880,6,中野次郎,石野貴之
20251112,3,3,不明,11590,3,豊田泰洋,小川広大
20251112,8,4,不明,13460,2,眞鳥章太,荒牧凪沙
20251112,8,11,不明,55530,5,中村駿平,飯山泰
20251112,10,2,不明,53400,2,筒井美琴,加藤奈月
20251112,15,1,不明,18910,5,中村晃朋,赤岩善生
20251112,15,2,不明,18650,3,小坂尚哉,中村日向
20251112,15,7,不明,90090,5,佐藤隆太郎,塩田北斗
20251112,15,11,不明,16240,4,濱崎直矢,仲谷颯仁
20251112,21,11,不明,13470,4,江口晃生,鶴田勇雄
20251112,21,12,不明,29100,4,香川素子,竹田和哉
20251111,1,8,不明,27380,3,遠藤圭吾,藤生雄人
20251111,3,9,不明,19310,2,川崎誠志,杉山勝匡
20251111,3,11,不明,29840,5,西丸侑太朗,長尾章平
20251111,5,6,不明,18810,4,今井貴士,川崎智幸
20251111,5,10,不明,26680,2,中岡正彦,北村征嗣
20251111,5,11,不明,20180,3,石井孝之,石塚久也
20251111,8,2,不明,10740,4,木下大將,吉島祥之
20251111,8,4,不明,21770,4,山田亮太,鈴木孝明
20251111,8,5,不明,21710,4,山崎裕司,室田泰史
20251111,8,6,不明,51880,6,立間充宏,大須賀友
20251111,8,8,不明,10650,4,大平誉史明,小野勇作
20251111,8,11,不明,24350,3,吉島祥之,前沢丈史
20251111,14,9,不明,35850,4,川尻泰輔,村松修二
20251111,21,9,不明,28530,2,中田夕貴,今井裕梨
20251111,22,8,不明,167440,2,西丸敦基,上野俊樹
20251110,5,2,不明,32540,5,青木幸太郎,松本浩貴
20251110,9,8,不明,113920,3,笠雅雄,安達裕樹
20251110,14,3,不明,30830,6,鈴木賢一,山崎鉄平
20251110,14,7,不明,14490,4,森智也,三宅潤
20251110,15,1,不明,10390,5,海野康志郎,永井彪也
20251110,15,3,不明,34040,3,長田頼宗,柳生泰二
20251110,15,4,不明,26940,4,森高一真,杉山正樹
20251110,15,6,不明,11650,4,重成一人,土屋智則
20251110,15,12,不明,20880,4,松井繁,青木玄太
20251110,17,2,不明,113290,3,矢野真梨菜,西村歩
20251110,17,7,不明,55290,5,池田紫乃,小芦るり華
20251110,17,9,不明,10920,5,永井聖美,海野ゆかり
20251110,19,8,不明,61880,3,尾崎雄二,野長瀬正孝
20251110,19,10,不明,28010,6,中川りな,清水愛海
20251110,20,4,不明,41480,5,永田啓二,村越篤
20251110,21,2,不明,32110,2,成貞琳平,今井裕梨
20251110,22,4,不明,11450,2,長谷川暖,杉山喜一
20251110,22,7,不明,62420,4,城間盛渚,大原祥昌
20251109,3,2,不明,68730,6,中岡健人,石田貴洋
20251109,14,4,不明,52630,2,松田隆司,田中和也
20251109,14,6,不明,15420,2,西野雄貴,齋藤智裕
20251109,14,10,不明,14560,4,松田隆司,山崎鉄平
20251109,15,7,不明,13540,3,中村日向,寺田祥
20251109,15,9,不明,10930,3,仲谷颯仁,椎名豊
20251109,17,3,不明,44760,3,深見亜由美,鎌倉涼
20251109,19,5,不明,11750,2,尾嶋一広,後藤翔之
20251109,19,9,不明,22820,5,川原正明,森安弘雅
20251109,20,12,不明,15660,3,飯塚響,藤田美代
20251109,21,5,不明,15580,5,香川素子,中辻博訓
20251109,21,6,不明,21410,3,松田真実,宮武英司
20251109,21,7,不明,14620,5,成貞琳平,三原司
20251109,21,9,不明,14710,3,櫻本あゆみ,香川素子
20251109,22,1,不明,21990,4,小宮涼雅,石本裕武
20251109,22,8,不明,10890,2,長谷川晴哉,浦野海
20251109,22,11,不明,10110,5,水谷理人,仲道大輔
20251108,2,3,不明,17840,4,武田正紀,永松良教
20251108,2,6,不明,45110,5,滝沢崚,鳥居塚孝博
20251108,6,2,不明,72730,2,服部幸男,定松勇樹
20251108,6,6,不明,45640,3,山口達也,深谷知博
20251108,6,9,不明,13330,3,瓜生正義,中野次郎
20251108,6,10,不明,27020,3,河合佑樹,新開航
20251108,6,11,不明,49260,2,堀本和也,濱野谷憲吾
20251108,6,12,不明,25250,2,原田幸哉,茅原悠紀
20251108,9,7,不明,88010,6,倉尾大介,寺島吉彦
20251108,9,12,不明,74780,3,桑原将光,大峯豊
20251108,14,1,不明,27770,4,鈴木賢一,原田秀弥
20251108,14,2,不明,21990,3,井上尚悟,小野京平
20251108,14,12,不明,33410,4,森永隆,秦英悟
20251108,15,1,不明,70590,5,澤田尚也,濱野斗馬
20251108,15,4,不明,14500,4,吉田拡郎,大上卓人
20251108,15,5,不明,10740,2,仲谷颯仁,小池修平
20251108,15,7,不明,26700,5,杉山正樹,木下翔太
20251108,17,1,不明,12530,4,向井田真紀,米丸乃絵
20251108,17,5,不明,26750,4,野田なづき,佐藤ほのか
20251108,20,5,不明,11240,2,浅見昌克,高倉和士
20251108,20,10,不明,26240,5,汐崎正則,小山勉
20251108,22,2,不明,18360,5,笹木香吾,土井歩夢
20251108,22,6,不明,12350,5,仲道大輔,長谷川暖
20251108,22,10,不明,13080,3,宮脇遼太,長谷川晴哉
20251108,22,12,不明,61590,2,杉山喜一,宮田龍馬
20251107,2,3,不明,12960,2,吉川晴人,島崎丈一朗
20251107,2,9,不明,29690,4,黒田誠司,佐々木翔斗
20251107,3,5,不明,19320,3,中村泰平,吉武真也
20251107,3,10,不明,11830,4,三浦洋次朗,山田晃大
20251107,3,11,不明,15290,2,上村純一,中村泰平
20251107,6,2,不明,33420,5,篠崎仁志,藤原碧生
20251107,6,11,不明,34730,5,中島孝平,濱野谷憲吾
20251107,7,1,不明,11860,2,白井友晴,近藤颯斗
20251107,7,12,不明,13120,4,廣瀬真也,吉田慎二郎
20251107,9,8,不明,13390,5,大庭元明,古田祐貴
20251107,14,7,不明,21520,3,小畑実成,柴田友和
20251107,14,8,不明,10250,3,四宮与寛,松田隆司
20251107,14,10,不明,16420,4,作間章,鈴木賢一
20251107,14,12,不明,15500,3,三川昂暁,田中和也
20251107,15,7,不明,17120,4,濱崎直矢,赤岩善生
20251107,15,9,不明,10170,3,小池修平,前田将太
20251107,15,10,不明,11940,2,中村日向,関浩哉
20251107,17,3,不明,21410,2,福山恵里奈,菅野はやか
20251107,18,12,不明,140580,3,丸尾義孝,石倉洋行
20251107,20,9,不明,21350,4,本多宏和,前川守嗣
20251107,20,11,不明,32580,5,堤啓輔,中田元泰
20251107,22,1,不明,11250,5,土井歩夢,高井雄基
20251107,22,2,不明,10520,2,上野俊樹,野田昇吾
20251107,22,4,不明,18510,3,小宮涼雅,村松将平
20251106,2,2,不明,98950,6,大澤普司,鈴木章司
20251106,2,6,不明,20330,3,島崎丈一朗,吉川晴人
20251106,2,7,不明,10220,2,大賀龍之介,清水攻二
20251106,2,9,不明,14320,6,青木蓮,馬袋義則
20251106,6,2,不明,18080,2,大池佑来,中野次郎
20251106,9,2,不明,17940,2,胡本悟志,中村守成
20251106,9,4,不明,11850,2,花本夏樹,藤丸光一
20251106,9,8,不明,154540,6,徳増秀樹,久永祥平
20251106,12,1,不明,144000,6,畑竜生,加倉侑征
20251106,12,3,不明,19920,2,松井賢治,土屋蘭
20251106,14,3,不明,15600,4,山崎鉄平,溝口海義也
20251106,14,12,不明,10480,2,田中和也,林美憲
20251106,17,1,不明,111520,4,篠木亜衣花,山本梨菜
20251106,17,5,不明,19600,5,永井聖美,森田梨湖
20251106,17,12,不明,15670,3,大瀧明日香,遠藤エミ
20251106,18,2,不明,13440,3,山下夏鈴,小野達哉
20251106,18,5,不明,26980,2,丸尾義孝,久田武
20251106,18,12,不明,28270,6,鈴谷一平,竹井貴史
20251106,22,3,不明,68820,5,村松将平,大江純
20251106,24,9,不明,31140,4,小玉啓太,和田操拓
20251105,2,4,不明,11600,6,中辻崇人,堀越雄貴
20251105,2,9,不明,26530,4,中村真,大澤普司
20251105,9,6,不明,19610,3,山本浩次,井手良太
20251105,9,9,不明,13640,4,杉山貴博,坂本雄紀
20251105,9,12,不明,23960,4,大峯豊,徳増秀樹
20251105,17,6,不明,53490,3,深尾巴恵,守屋美穂
20251105,18,9,不明,12630,2,川島圭司,中村桃佳
20251105,18,11,不明,13270,2,渡邊伸太郎,小坂風太
20251105,20,10,不明,43630,4,中野夢斗,中澤和志
20251105,21,6,不明,27490,6,稗田聖也,大井清貴
20251105,21,10,不明,42760,2,稗田聖也,竹田辰也
20251105,24,2,不明,10170,4,森作雄大,芹澤克彦
20251105,24,3,不明,61960,2,石川諒,井内将太郎
20251105,24,4,不明,28370,3,小玉啓太,松竹大輔
20251104,1,2,不明,17850,2,外崎悟,雑賀勇貴
20251104,1,7,不明,138560,2,土屋実沙希,重木輝彦
20251104,2,3,不明,32170,6,出畑孝成,大塚雅治
20251104,2,9,不明,45380,4,鈴木章司,金田諭
20251104,2,10,不明,16840,4,吉川晴人,佐々木翔斗
20251104,2,12,不明,29710,5,鈴木博,仲口博崇
20251104,6,11,不明,12780,5,久田敏之,丸野一樹
20251104,7,2,不明,32520,3,海老澤泰行,山本兼士
20251104,8,1,不明,17270,3,沖島広和,山田竜一
20251104,20,4,不明,14300,2,佐藤旭,峰重侑治
20251104,20,5,不明,12250,2,内堀学,大橋純一郎
20251104,20,12,不明,58690,5,藤田靖弘,浜野孝志
20251104,21,6,不明,44500,3,川上剛,村田浩司
20251104,21,8,不明,17860,5,堤昇,浦田信義
20251104,21,9,不明,15230,3,森口和紀,伊藤啓三
20251104,21,12,不明,27110,5,秋山広一,下寺秀和
20251103,1,1,不明,13650,5,土屋実沙希,村上奈穂
20251103,1,4,不明,10530,5,宗行治哉,山下大輝
20251103,1,9,不明,15710,5,坂野さくら,松田大志郎
20251103,5,2,不明,15040,5,石井伸長,加藤優弥
20251103,5,4,不明,10270,2,佐藤太亮,中村栄治
20251103,6,5,不明,29680,2,菅章哉,石渡鉄兵
20251103,6,6,不明,14020,4,山口剛,太田和美
20251103,6,8,不明,13280,4,久田敏之,羽野直也
20251103,6,9,不明,24620,4,上田龍星,石丸海渡
20251103,6,12,不明,23910,5,丸野一樹,茅原悠紀
20251103,8,6,不明,22670,3,小野桜,深川麻奈美
20251103,8,11,不明,12760,3,北川潤二,安河内健
20251103,10,4,不明,24030,3,表憲一,前川守嗣
20251103,10,8,不明,37090,2,廣瀬凜,真庭明志
20251103,10,10,不明,15440,3,中里英夫,大須賀友
20251103,10,12,不明,27670,4,黒野元基,高野哲史
20251103,11,5,不明,10610,3,井上忠政,武田光史
20251103,12,1,不明,10500,4,若林麗,倉富大誠
20251103,20,11,不明,159350,2,門間雄大,中澤和志
20251103,21,9,不明,11400,3,中嶋達也,山本英志
20251103,24,10,不明,28710,4,國崎良春,谷川将太
20251102,1,4,不明,30230,5,外崎悟,本田愛
20251102,1,7,不明,30170,2,島田一生,山下大輝
20251102,5,2,不明,17640,6,高憧四季,高橋龍治
20251102,5,7,不明,34230,4,石井伸長,登みひ果
20251102,5,11,不明,55740,2,中島航,前田翔
20251102,8,3,不明,16610,4,石原翼,平川香織
20251102,8,4,不明,14220,6,安河内健,後藤美翼
20251102,8,7,不明,16700,3,深川麻奈美,石川哲秀
20251102,8,8,不明,11010,3,秋元哲,妹尾忠幸
20251102,9,12,不明,16030,3,三浦洋次朗,前田滉
20251102,10,3,不明,27310,4,西川新太郎,横澤剛治
20251102,11,2,不明,12890,5,室田泰史,宮村勇哉
20251102,12,3,不明,23280,5,北中元樹,樋口範政
20251102,12,7,不明,13430,2,吉田凌太朗,畑竜生
20251102,15,2,不明,74190,4,近藤稔也,秋田健太郎
20251102,15,10,不明,17700,5,立間充宏,田頭虎親
20251102,19,4,不明,10050,2,馬野耀,片岡雅裕
20251102,19,6,不明,22820,3,村田修次,村上遼
20251102,20,9,不明,23690,2,山戸信二,浜野孝志
20251102,21,2,不明,29010,5,安河内鈴之介,石川吉鎬
20251102,21,3,不明,58500,4,大崎翔,坂元浩仁
20251102,21,4,不明,13670,5,中嶋達也,赤坂俊輔
20251101,1,2,不明,10870,3,坂野さくら,豊田訓靖
20251101,1,9,不明,11610,3,為本智也,山崎裕司
20251101,5,2,不明,12850,4,中島航,村松遥輝
20251101,5,3,不明,18190,5,高憧四季,清埜翔子
20251101,5,4,不明,15400,2,藤田俊祐,大澤風葵
20251101,5,10,不明,30400,3,藤原菜希,勝浦真帆
20251101,5,12,不明,16490,4,前田翔,渡邉優美
20251101,8,11,不明,14270,3,馬場剛,北川潤二
20251101,9,4,不明,15560,5,長谷川晴哉,吉田和仁
20251101,9,7,不明,42430,5,長岡良也,下田哲也
20251101,9,9,不明,28780,5,小川晃司,橋本英一
20251101,9,10,不明,17140,3,前田滉,長谷川晴哉
20251101,10,5,不明,15130,4,前出達吉,中村日向
20251101,10,8,不明,12790,4,高野哲史,谷本幸司
20251101,10,11,不明,16000,4,中村日向,横澤剛治
20251101,11,1,不明,66170,6,大田直弥,是澤孝宏
20251101,11,5,不明,32860,5,前田将太,井上忠政
20251101,11,8,不明,10140,3,三品隆浩,鈴木智啓
20251101,11,10,不明,16440,4,重成一人,芦澤望
20251101,12,4,不明,15720,6,萩原秀人,竹腰正樹
20251101,15,10,不明,18130,5,吉田一郎,山崎昂介
20251101,15,11,不明,20360,5,山ノ内雅人,森安弘雅
20251101,15,12,不明,11240,3,原豊土,下河誉史
20251101,17,1,不明,25820,5,上田隆章,中嶋健一郎
20251101,17,9,不明,72560,5,河合三弘,佐藤大佑
20251101,19,9,不明,30320,3,森野正弘,篠崎元志
20251101,20,12,不明,11840,2,佐藤旭,中澤和志
20251101,21,5,不明,22920,2,吉川勇作,竹田辰也
20251101,22,4,不明,19380,3,杢野誓良,森清友翔
20251101,22,11,不明,23560,2,木村仁紀,河野大
20251031,1,4,不明,34430,6,伊藤将吉,阪本勇介
20251031,1,10,不明,10330,3,富山弘幸,金児隆太
20251031,5,6,不明,13710,6,石井伸長,廣中智紗衣
20251031,5,10,不明,53150,5,一色凌雅,倉持莉々
20251031,8,9,不明,195840,3,石川哲秀,中島秀治
20251031,10,5,不明,15180,5,黒野元基,川崎誠志
20251031,14,4,不明,84180,5,柴田直哉,山田晃大
20251031,14,9,不明,12920,5,山下智己,宇土泰就
20251031,15,1,不明,25910,4,山崎昂介,西村美智子
20251031,19,1,不明,15980,4,柳沢一,上原崚
20251031,19,6,不明,45970,2,村上遼,河村了
20251031,19,11,不明,30080,4,村上遼,吉川元浩
20251031,20,6,不明,28860,6,北川太一,下條雄太郎
20251031,20,11,不明,20200,4,塚越海斗,内堀学
20251031,20,12,不明,10860,3,山本隆幸,深川真二
20251031,24,6,不明,33220,6,中嶋誠一郎,古結宏
20251030,1,1,不明,18420,4,豊田訓靖,川口貴久
20251030,1,5,不明,12420,4,坂野さくら,古賀千晶
20251030,1,8,不明,15720,5,黒井達矢,角谷健吾
20251030,1,10,不明,10310,3,山崎裕司,植田太一
20251030,3,1,不明,11580,4,井上茂,山崎聖司
20251030,3,7,不明,13970,2,高山弘斗,高井雄基
20251030,3,10,不明,15030,4,篠原晟弥,鰐部太空海
20251030,5,1,不明,10260,2,中田夕貴,山川波乙
20251030,9,4,不明,20320,3,木村浩士,宮本裕之
20251030,9,6,不明,26800,5,三浦洋次朗,永嶋裕一
20251030,9,11,不明,11630,2,三浦洋次朗,渡邉健
20251030,9,12,不明,21370,2,前田滉,木下翔太
20251030,10,1,不明,17990,3,竹之内極,岡村慶太
20251030,10,5,不明,16760,4,藤原仙二,三村岳人
20251030,10,6,不明,18740,3,里岡右貴,廣瀬凜
20251030,14,4,不明,11140,4,妻鳥晋也,松下直也
20251030,14,7,不明,16060,2,山下智己,柴田直哉
20251030,15,2,不明,10370,5,山崎昂介,近藤稔也
20251030,15,7,不明,20260,5,佐々木康幸,高橋勲
20251030,15,11,不明,90790,6,田頭虎親,今村暢孝
20251030,15,12,不明,14040,5,川原祐明,西島義則
20251030,17,2,不明,222380,3,岩井繁,畑和宏
20251030,17,7,不明,12820,3,大谷直弘,長尾萌加
20251030,17,8,不明,31000,5,山下流心,加藤奈月
20251030,19,5,不明,13980,5,柳生泰二,村岡賢人
20251030,22,6,不明,17160,4,河野真也,松下誉士
20251030,22,10,不明,18530,4,野中一平,岸本隆
20251030,22,11,不明,61850,5,新井英孝,木村仁紀
20251030,24,1,不明,12660,4,鳥居塚孝博,上之晃弘
20251030,24,9,不明,11190,3,正木聖賢,松田隆司
20251030,24,10,不明,29700,4,市川哲也,杉山正樹
20251030,24,12,不明,11430,3,澤大介,馬袋義則
20251029,3,10,不明,37980,3,高山弘斗,金田大輔
20251029,5,3,不明,15670,5,渡邉優美,福岡泉水
20251029,5,4,不明,10320,3,川崎智稔,村松栄太
20251029,5,7,不明,43710,3,高橋龍治,加藤優弥
20251029,5,12,不明,10010,2,高憧四季,渡邉優美
20251029,6,2,不明,10430,2,田中孝明,井上未都
20251029,6,9,不明,11470,4,吉川晴人,鶴本崇文
20251029,6,12,不明,78230,3,加藤政彦,中村晃朋
20251029,10,2,不明,11530,3,伏田裕隆,小林孝彰
20251029,10,7,不明,10730,6,石橋道友,渡辺崇
20251029,12,2,不明,21650,3,庄司孝輔,中井俊祐
20251029,12,3,不明,23470,6,佐々木大河,小野勇作
20251029,12,5,不明,53250,2,西村豪洋,深井利寿
20251029,14,11,不明,56920,5,清水愛海,松山将吾
20251029,14,12,不明,15690,2,濱本優一,飛田江己
20251029,17,5,不明,12640,5,金子順一,後藤盛也
20251029,17,11,不明,28270,5,鶴田勇雄,野口勝弘
20251029,19,1,不明,19530,5,高田明,品川二千翔
20251029,19,11,不明,13580,3,村上遼,寺田祥
20251029,22,3,不明,19380,2,松浦勝,草場康幸
20251029,22,5,不明,11410,4,入澤友治,小澤和也
20251029,22,8,不明,15810,5,濱崎直矢,中山雄太
20251029,24,1,不明,14090,5,山地正樹,伯母芳恒
20251029,24,6,不明,16410,5,北村征嗣,中村有裕
20251029,24,7,不明,15960,2,品田直樹,東本勝利
20251028,3,2,不明,20260,3,久永祥平,上瀧絢也
20251028,3,3,不明,23060,3,上村宏太,古川健
20251028,6,10,不明,11990,4,久田武,古川誠之
20251028,6,11,不明,25680,2,田路朋史,戸敷晃美
20251028,8,2,不明,27950,5,間野兼礼,山下拓巳
20251028,8,8,不明,17860,4,草川壮良,秋山広一
20251028,8,11,不明,30960,4,中里昌志,大澤普司
20251028,8,12,不明,18700,5,定松勇樹,西島義則
20251028,11,5,不明,66690,3,永田楽,樋口由加里
20251028,12,1,不明,14320,3,片岡大地,中山翔太
20251028,12,3,不明,34000,3,大庭元明,中野次郎
20251028,12,10,不明,47110,4,中村泰平,佐藤博亮
20251028,14,7,不明,13360,3,松下直也,濱崎寿里矢
20251028,17,6,不明,10610,5,寺田千恵,関野文
20251028,17,7,不明,10320,3,後藤盛也,新田泰章
20251028,17,10,不明,32080,2,大神康司,渡邉睦広
20251028,17,12,不明,21480,4,今井貴士,寺田千恵
20251028,19,1,不明,19540,2,森野正弘,常住蓮
20251028,19,6,不明,26450,4,安東幸治,高田明
20251028,19,9,不明,21110,3,篠崎元志,村上遼
20251028,19,11,不明,130240,2,権藤俊光,椎名豊
20251028,21,1,不明,47460,5,寺嶋雄,武富智亮
20251028,21,4,不明,11270,3,谷勝幸,四宮与寛
20251028,21,7,不明,34340,4,川合理司,高山敬悟
20251028,21,8,不明,14050,2,渡辺豊,小澤学
20251028,21,9,不明,13400,2,井内将太郎,白水勝也
20251028,21,12,不明,21160,2,山口達也,森永淳
20251028,22,6,不明,16000,4,森清友翔,大塚浩二
20251028,24,12,不明,53160,4,松田隆司,馬袋義則
20251027,2,9,不明,151650,5,峰重侑治,竹井貴史
20251027,2,11,不明,22990,6,土屋南,亀山雅幸
20251027,2,12,不明,31340,5,北川潤二,三嶌誠司
20251027,3,1,不明,18800,4,田中宏典,高山弘斗
20251027,7,6,不明,21990,2,向井田真紀,刑部亜里紗
20251027,8,1,不明,16100,2,松下哲也,大澤普司
20251027,8,7,不明,12180,2,松井賢治,栗原一馬
20251027,8,9,不明,11910,4,加藤翔,関口智久
20251027,8,11,不明,52480,4,郷原章平,平本真之
20251027,11,4,不明,36540,4,石渡鉄兵,渡邉俊介
20251027,11,8,不明,24390,2,盛本真輔,川上剛
20251027,11,9,不明,23780,4,堀本裕也,川島圭司
20251027,11,10,不明,37110,3,岡村仁,白神優
20251027,12,4,不明,18610,4,別府昌樹,大西賢
20251027,14,4,不明,13770,4,田邉亮蔵,大豆生田蒼
20251027,21,10,不明,10450,4,金田智博,武重雄介
20251027,24,7,不明,55710,5,井川大作,樋口亮
20251027,24,8,不明,13770,3,石川真二,榮田将彦
20251026,1,1,不明,25520,2,高橋真吾,渡部悟
20251026,1,6,不明,17620,2,荒牧凪沙,長谷川晴哉
20251026,1,10,不明,61010,6,鈴木智啓,楠原正剛
20251026,1,11,不明,36700,6,川原正明,松崎祐太郎
20251026,2,6,不明,34780,5,亀山雅幸,田中宏樹
20251026,3,2,不明,18610,3,池永太,土井祥伍
20251026,3,3,不明,41930,5,鈴木猛,横井健太
20251026,6,3,不明,10730,4,古川誠之,福島陽子
20251026,7,4,不明,10620,4,田上凜,中川りな
20251026,7,10,不明,10560,2,宇野弥生,武井莉里佳
20251026,8,3,不明,14450,3,秋山広一,貫地谷直人
20251026,8,4,不明,12680,3,石川吉鎬,深山祐二
20251026,8,6,不明,17860,5,平本真之,松井賢治
20251026,9,8,不明,53160,5,山田康二,峰竜太
20251026,11,1,不明,10070,4,渡邉俊介,大野芳顕
20251026,11,2,不明,14010,2,末永祐輝,薮内瑞希
20251026,11,12,不明,21830,4,菅章哉,西村拓也
20251026,12,4,不明,12150,5,佐藤博亮,池田雷太
20251026,12,5,不明,57400,2,赤峰和也,大庭元明
20251026,12,6,不明,11940,4,小野達哉,柴田朋哉
20251026,12,7,不明,40890,5,吉島祥之,冨田秀幸
20251026,12,8,不明,11270,6,小林甘寧,高橋正男
20251026,12,9,不明,29410,5,水摩敦,松本博昭
20251026,14,2,不明,40760,4,網代良芽,岩崎芳美
20251026,14,9,不明,19660,2,田邉亮蔵,東健介
20251026,21,3,不明,18540,4,坂口貴彦,四宮与寛
20251026,24,5,不明,36240,4,川上聡介,品田直樹
20251025,1,3,不明,29650,5,楠原正剛,鈴木智啓
20251025,2,1,不明,12070,6,妹尾忠幸,齋藤和政
20251025,2,4,不明,10720,3,松田真実,佐竹太一
20251025,2,8,不明,11600,4,藤森拓海,吉田杏美
20251025,3,6,不明,16280,3,土井祥伍,山口隆史
20251025,6,5,不明,90500,5,伊倉光,池田雄一
20251025,6,8,不明,33620,5,石倉洋行,吉川晴人
20251025,6,10,不明,10500,2,伊倉光,岡瀬正人
20251025,7,2,不明,15570,2,岩崎麗子,田上凜
20251025,8,6,不明,15420,2,幸野史明,西島義則
20251025,8,7,不明,25910,6,大澤普司,門間雄大
20251025,9,11,不明,90600,2,渡辺浩司,山崎郡
20251025,11,5,不明,20670,3,吉村正明,土屋蘭
20251025,11,11,不明,110910,3,川北浩貴,菅章哉
20251025,12,5,不明,75970,3,角山雄哉,水摩敦
20251025,12,10,不明,19690,3,佐藤博亮,中山翔太
20251025,12,11,不明,24680,3,水摩敦,渡邊雄一郎
20251025,15,1,不明,15040,4,小林基樹,島田一生
20251025,15,3,不明,54290,5,山本凱立,古賀繁輝
20251025,15,4,不明,10170,3,大澤大夢,浜野孝志
20251025,15,9,不明,17850,3,松下一也,重冨勇哉
20251025,18,4,不明,68000,2,尾道佳諭,濱野斗馬
20251025,21,11,不明,81530,6,四宮与寛,白水勝也
20251025,21,12,不明,24910,6,吉田凌太朗,林美憲
20251024,1,2,不明,11950,4,若林将,渡部悟
20251024,1,5,不明,24790,3,稗田聖也,大橋純一郎
20251024,1,9,不明,18010,3,塚越海斗,岡村将也
20251024,2,10,不明,13160,3,佐竹太一,木谷賢太
20251024,2,11,不明,33180,5,後藤陽介,北川潤二
20251024,7,10,不明,16980,4,武井莉里佳,土屋千明
20251024,8,9,不明,12620,6,西島義則,松下哲也
20251024,8,10,不明,67840,4,中里昌志,中辻崇人
20251024,9,2,不明,28320,6,原田幸哉,中田竜太
20251024,9,7,不明,27200,2,上條暢嵩,岩瀬裕亮
20251024,9,8,不明,86560,6,北山康介,渡辺浩司
20251024,12,2,不明,17110,3,小野達哉,西尾亮輔
20251024,12,6,不明,22180,4,牧原崇,別府昌樹
20251024,12,7,不明,26440,5,角山雄哉,竹本太樹
20251024,12,8,不明,55080,3,塚田修二,上野俊樹
20251024,12,10,不明,21460,3,杉山勝匡,佐藤博亮
20251024,15,11,不明,10180,3,山崎祥,中澤和志
20251024,17,9,不明,19570,3,小林孝弘,池上隆行
20251024,18,12,不明,59260,2,中野希一,前田翔
20251024,21,1,不明,11360,3,谷勝幸,小池公生
20251024,21,4,不明,22760,2,杉江浩明,和田兼輔
20251024,22,4,不明,13140,3,堀越雄貴,桑原悠
20251024,24,2,不明,108090,5,尾形栄治,國弘翔平
20251024,24,10,不明,14960,4,眞鳥章太,清水敦揮
20251023,1,6,不明,14610,4,渡部悟,坂口周
20251023,1,9,不明,29640,6,若林将,新田洋一
20251023,1,11,不明,40550,4,荒牧凪沙,深谷知博
20251023,5,5,不明,75730,2,内田圭,芦澤望
20251023,5,11,不明,27160,4,伊藤将吉,島田賢人
20251023,7,8,不明,14390,2,三嶌さらら,伊藤玲奈
20251023,7,9,不明,68160,2,平川香織,刑部亜里紗
20251023,9,8,不明,52540,6,渡辺浩司,海野康志郎
20251023,11,4,不明,14780,5,石渡鉄兵,伊達正利
20251023,11,10,不明,10260,3,野田彩加,樋口由加里
20251023,15,5,不明,54790,2,星野太郎,山下流心
20251023,15,6,不明,17930,2,花本剛,藤田靖弘
20251023,15,8,不明,35720,2,永田啓二,木下大將
20251023,17,2,不明,12620,3,福岡泉水,亀本勇樹
20251023,17,3,不明,28310,5,富樫麗加,冨成謙児
20251023,17,7,不明,20690,6,尾上雅也,榎幸司
20251023,17,8,不明,15790,3,吉田俊彦,山崎裕司
20251023,17,9,不明,62260,5,岸蔭亮,内堀学
20251023,18,11,不明,10220,2,為本智也,三村岳人
20251023,22,1,不明,22140,2,川島拓郎,小玉啓太
20251023,22,2,不明,14690,3,鈴木章司,西川拓利
20251022,1,2,不明,53520,5,三浦裕貴,高橋直哉
20251022,1,7,不明,21460,2,楠原正剛,稗田聖也
20251022,1,9,不明,11480,2,金子萌,田中太一郎
20251022,5,2,不明,13800,5,谷口丞,村岡賢
20251022,5,11,不明,92700,4,間嶋仁志,前田滉
20251022,5,12,不明,38700,2,竹田辰也,篠崎仁志
20251022,7,1,不明,22660,5,伊藤玲奈,深見亜由美
20251022,9,12,不明,40360,4,峰竜太,池田浩二
20251022,10,7,不明,54460,6,龍田真白,中村栄治
20251022,17,8,不明,12890,4,木村亮太,奥平拓也
20251022,18,3,不明,10070,3,笹木香吾,砂長知輝
20251022,18,8,不明,44830,5,為本智也,小川竜太朗
20251022,22,2,不明,59860,4,山戸信二,森作雄大
20251022,22,7,不明,16560,4,堀越雄貴,若林義人
20251022,22,10,不明,88510,5,鈴木章司,桑原悠
20251022,24,3,不明,28780,4,大橋栄里佳,三苫晃幸
20251021,1,4,不明,11130,4,櫻井優,井上大輔
20251021,6,3,不明,16880,3,松本庸平,西橋奈未
20251021,6,12,不明,27570,5,中岡正彦,鰐部太空海
20251021,9,5,不明,21130,5,馬場貴也,笠原亮
20251021,9,6,不明,52980,3,上平真二,丸野一樹
20251021,9,11,不明,37250,3,仲谷颯仁,白井英治
20251021,12,9,不明,23810,4,中田夕貴,勝浦真帆
20251021,12,12,不明,15260,4,高憧四季,関野文
20251021,15,2,不明,10660,3,渡邉健,小林基樹
20251021,15,6,不明,20750,2,山田和佐,荒川健太
20251021,17,1,不明,48740,4,吉田和仁,内堀学
20251021,17,3,不明,16460,2,西舘健,熊本英一
20251021,17,4,不明,34860,4,上田洋平,富樫麗加
20251021,17,6,不明,38970,4,魚谷香織,武田光史
20251021,17,7,不明,24540,2,奥平拓也,吉田俊彦
20251021,17,8,不明,33560,2,吉田和仁,佐々木和伸
20251021,17,9,不明,13030,2,藤堂里香,小林孝弘
20251021,22,3,不明,23900,4,出畑孝成,江藤敦宏
20251021,22,6,不明,12210,2,永松良教,西川拓利
20251021,22,12,不明,26230,5,永松良教,原田篤志
20251021,24,2,不明,21590,2,中村駿平,眞鳥章太
20251021,24,6,不明,176470,6,三苫晃幸,尾形栄治
20251020,5,2,不明,23660,5,野間大樹,岸本雄貴
20251020,6,2,不明,45520,4,河合三弘,加藤雅之
20251020,6,3,不明,13420,5,森安弘雅,松尾基成
20251020,8,1,不明,10320,4,木村浩士,前川守嗣
20251020,8,12,不明,13440,3,山口裕二,北野輝季
20251020,10,1,不明,75910,5,龍田真白,西島義則
20251020,12,4,不明,11470,3,櫻本あゆみ,倉持莉々
20251020,12,8,不明,25300,5,孫崎百世,深川麻奈美
20251020,12,10,不明,36540,3,清埜翔子,鎌倉涼
20251020,14,5,不明,64030,3,渡邉翼,福田雅一
20251020,14,8,不明,20840,5,長谷川雅和,伊藤啓三
20251020,14,11,不明,22280,5,前出達吉,定松勇樹
20251020,17,2,不明,18540,2,野田昇吾,亀本勇樹
20251020,17,3,不明,15680,6,尾上雅也,福岡泉水
20251020,17,4,不明,11030,5,江本真治,間庭菜摘
20251020,17,8,不明,11480,4,今村暢孝,野田昇吾
20251020,17,10,不明,16130,4,亀本勇樹,藤堂里香
20251020,18,12,不明,50290,5,石本裕武,中村日向
20251020,22,5,不明,11580,4,出畑孝成,石原光
20251020,22,10,不明,15770,5,寺島吉彦,小坂尚哉
20251020,24,3,不明,18820,3,山口亮,林恵祐
20251019,2,12,不明,50730,6,新田泰章,江夏満
20251019,3,2,不明,24140,5,津久井拓也,妹尾忠幸
20251019,3,9,不明,25190,6,磯部誠,石倉洋行
20251019,5,1,不明,10990,3,内田圭,高橋二朗
20251019,5,5,不明,12730,3,島川光男,野間大樹
20251019,5,6,不明,15230,5,篠崎仁志,崎利仁
20251019,5,12,不明,34620,5,下出卓矢,菊地孝平
20251019,6,3,不明,17540,4,大谷直弘,後藤美翼
20251019,6,8,不明,14720,2,福田宗平,西橋奈未
20251019,6,10,不明,23560,2,大賀龍之介,登玉隼百
20251019,8,2,不明,36690,4,鳥居塚嶺王,中嶋達也
20251019,8,8,不明,10450,5,長谷川暖,浅見昌克
20251019,10,1,不明,51910,2,鈴木賢一,村田修次
20251019,10,8,不明,22690,5,西島義則,松尾宣邦
20251019,10,9,不明,10470,4,牟田奨太,中村栄治
20251019,11,3,不明,21860,6,山本英志,石川諒
20251019,11,7,不明,17790,5,柳橋宏紀,前沢丈史
20251019,12,4,不明,11570,3,廣中智紗衣,安達美帆
20251019,12,8,不明,21350,3,孫崎百世,小林愛実
20251019,14,2,不明,71560,4,川村正輝,西野翔太
20251019,14,8,不明,11460,5,長谷川雅和,中島友和
20251019,14,11,不明,11050,4,田川大貴,濱崎直矢
20251019,15,10,不明,10940,2,浜野孝志,永田啓二
20251019,15,12,不明,23690,4,石丸海渡,深川真二
20251019,17,4,不明,13100,4,服部達哉,宮武英司
20251019,17,9,不明,14920,5,丹下将,木村亮太
20251019,17,11,不明,23330,6,内堀学,今村暢孝
20251019,17,12,不明,13700,4,平高奈菜,武田光史
20251019,22,10,不明,38780,3,寺島吉彦,重成一人
20251018,2,1,不明,12460,3,鈴木猛,村松遥輝
20251018,2,11,不明,11130,3,野口勝弘,濱本優一
20251018,3,7,不明,18420,3,福来剛,品川二千翔
20251018,6,8,不明,28100,2,中山将,大賀龍之介
20251018,6,10,不明,25300,4,作間章,福田宗平
20251018,7,5,不明,15630,4,木村光宏,吉川昭男
20251018,8,4,不明,24110,3,花田和明,岩橋裕馬
20251018,8,6,不明,34370,6,梶野学志,山ノ内雅人
20251018,8,9,不明,17020,4,中嶋達也,石田政吾
20251018,10,3,不明,19620,2,菊池峰晴,竹田和哉
20251018,10,9,不明,10580,5,河合佑樹,小坂風太
20251018,10,12,不明,73120,5,牟田奨太,西島義則
20251018,12,8,不明,19560,3,安井瑞紀,深尾巴恵
20251018,12,11,不明,62280,4,若狭奈美子,勝浦真帆
20251018,14,2,不明,18730,2,福島勇樹,松浦勝
20251018,14,9,不明,30770,2,三木晴斗,常住蓮
20251018,24,8,不明,16010,3,古場輝義,下河誉史
20251017,2,11,不明,59420,3,天野友和,野長瀬正孝
20251017,3,1,不明,10960,3,松尾祭,是澤孝宏
20251017,3,8,不明,16120,3,馬場剛,飛田江己
20251017,3,11,不明,22930,6,栗城匠,磯部誠
20251017,6,9,不明,54980,6,金田大輔,中山将
20251017,7,1,不明,11510,2,宇野博之,加瀬智宏
20251017,7,11,不明,15970,4,長尾章平,丸岡正典
20251017,8,2,不明,36090,5,塩崎優司,宮地博士
20251017,10,12,不明,34780,4,河合佑樹,吉川元浩
20251017,11,3,不明,12930,3,桑原将光,永井源
20251017,11,6,不明,27290,5,萩原知哉,神田達也
20251017,11,10,不明,14310,4,中村真,服部幸男
20251017,12,2,不明,15390,4,小池礼乃,池田紫乃
20251017,24,3,不明,45920,5,西丸侑太朗,重木輝彦
20251017,24,8,不明,18160,6,安河内将,吉田一郎
20251016,2,4,不明,11420,2,濱本優一,明石正之
20251016,2,12,不明,33460,2,井上尚悟,石塚久也
20251016,3,6,不明,16040,2,佐藤隆太郎,品川二千翔
20251016,3,9,不明,60620,5,酒見峻介,外崎悟
20251016,3,12,不明,16470,3,佐藤大佑,瓜生正義
20251016,8,2,不明,64610,5,平岡重典,岡本慎治
20251016,8,5,不明,20240,4,吉村誠,塩崎優司
20251016,9,8,不明,34910,2,小西英輝,藤田竜弘
20251016,9,12,不明,41370,3,春園功太,竹井貴史
20251016,11,8,不明,16130,2,山本英志,松江秀徳
20251016,12,7,不明,12140,4,登みひ果,木村紗友希
20251016,12,8,不明,16160,2,中尾彩香,稲生夏季
20251016,12,10,不明,19570,3,赤澤文香,廣中智紗衣
20251016,12,11,不明,12760,3,山本梨菜,今井美亜
20251016,14,5,不明,10960,3,福田雅一,芹澤克彦
20251016,14,6,不明,18410,3,石井裕美,伊藤啓三
20251016,14,8,不明,22930,4,濱崎直矢,樫葉新心
20251016,15,3,不明,179520,6,田村慶,山口晃朋
20251016,15,4,不明,137480,6,有山望,大原祥昌
20251016,15,5,不明,39030,4,金子龍斗,原田雄次
20251016,15,6,不明,24420,4,宮脇遼太,砂長知輝
20251016,15,12,不明,19410,4,藤原仙二,西岡顕心
20251016,18,1,不明,23160,4,山本浩輔,後藤正宗
20251016,18,7,不明,67400,6,菊地敬介,宮地秀祈
20251016,18,12,不明,68060,4,村田浩司,山崎郡
20251016,24,2,不明,16010,2,杉山貴博,梶山涼斗
20251016,24,3,不明,11460,3,盛本真輔,下河誉史
20251016,24,6,不明,29550,2,小野達哉,森永淳
20251015,2,2,不明,17400,2,鶴田勇雄,橋本明
20251015,2,5,不明,120150,5,堀本翔太,川崎智幸
20251015,3,4,不明,37100,5,須藤博倫,馬場剛
20251015,3,6,不明,23460,3,大池佑来,松井洪弥
20251015,3,9,不明,13540,4,永田秀二,山口達也
20251015,3,12,不明,41350,5,瓜生正義,井口佳典
20251015,9,6,不明,17480,3,渡邉俊介,木谷賢太
20251015,11,3,不明,46840,5,國崎良春,吉田光
20251015,11,12,不明,22310,4,安東幸治,服部幸男
20251015,14,3,不明,50090,2,中島友和,三嶌誠司
20251015,14,11,不明,19950,2,福島勇樹,渡邉翼
20251015,14,12,不明,22950,2,柳沢一,定松勇樹
20251015,18,8,不明,14960,3,上原健次郎,田代達也
20251015,18,9,不明,15000,6,清水敦揮,山下和彦
20251015,21,1,不明,29780,4,来田衣織,藤原菜希
20251015,22,8,不明,12140,4,坂東満,久富政弘
20251015,24,1,不明,25110,4,森下勇,吉川勇作
20251015,24,11,不明,11730,3,西丸侑太朗,池永太
20251014,3,2,不明,30780,3,和田操拓,津久井拓也
20251014,3,3,不明,14470,2,仲道大輔,小林泰
20251014,3,9,不明,11630,2,松井洪弥,福来剛
20251014,5,2,不明,15300,2,高倉孝太,西川新太郎
20251014,5,6,不明,17610,3,古川誠之,坂口周
20251014,5,9,不明,30530,5,田中京介,高濱芳久
20251014,7,6,不明,10440,2,鈴木成美,松下直也
20251014,7,8,不明,11180,2,椎名豊,下河雅史
20251014,9,4,不明,10650,2,鶴本崇文,久保原秀人
20251014,9,7,不明,12590,2,庄司樹良々,小野寺智洋
20251014,9,10,不明,10290,2,後藤隼之,竹井貴史
20251014,11,1,不明,16890,4,大場恒季,高橋正男
20251014,11,2,不明,40440,3,山本兼士,石川諒
20251014,15,2,不明,13890,3,佐々木翔斗,三馬崇史
20251014,15,6,不明,21570,5,砂長知輝,田村慶
20251014,15,10,不明,22390,3,中村泰平,佐々木翔斗
20251014,18,4,不明,64570,2,柳内敬太,清水敦揮
20251014,18,11,不明,13280,4,清水攻二,樫葉次郎
20251014,18,12,不明,16160,2,小池哲也,上平真二
20251014,19,4,不明,12460,2,谷本幸司,佐々木和伸
20251014,21,7,不明,151320,4,中尾優香,嶋田有里
20251014,22,1,不明,18080,4,阪本勇介,石川吉鎬
20251014,22,9,不明,129630,6,松本博昭,山田竜一
20251014,24,1,不明,19500,5,門間雄大,坂井康嗣
20251014,24,3,不明,30000,6,島川海輝,関口智久
20251014,24,4,不明,10360,5,桐本康臣,高田明
20251014,24,6,不明,18450,2,門間雄大,樋口範政
20251014,24,12,不明,11080,3,安河内将,篠崎元志
20251013,1,3,不明,24100,2,小黒竜吾,大賀龍之介
20251013,1,7,不明,37990,2,佐藤旭,川北浩貴
20251013,5,11,不明,27710,6,益田啓司,宮之原輝紀
20251013,6,6,不明,29820,3,坂本一真,小野信樹
20251013,6,10,不明,22050,4,入澤友治,角谷健吾
20251013,9,1,不明,17170,2,中島真二,谷津幸宏
20251013,9,3,不明,19590,3,丹下健,土屋太朗
20251013,9,6,不明,75710,5,上田隆章,羽野諒
20251013,10,3,不明,19540,2,宇佐見淳,渡邉健
20251013,10,4,不明,19700,2,江本真治,三浦永理
20251013,10,5,不明,13700,3,金子萌,竹間隆晟
20251013,12,12,不明,24310,2,赤坂俊輔,吉田拡郎
20251013,15,3,不明,18120,3,篠原飛翔,森智哉
20251013,15,4,不明,17850,4,濱野斗馬,芝田京介
20251013,15,9,不明,73880,2,西岡顕心,砂長知輝
20251013,18,4,不明,25270,5,上原健次郎,古結宏
20251013,18,5,不明,39750,2,川田正人,藤山翔大
20251013,18,6,不明,17600,3,前野竜一,菊地敬介
20251013,19,2,不明,33860,3,山崎昂介,大塚浩二
20251013,19,3,不明,14240,2,新田洋一,谷本幸司
20251013,19,4,不明,11000,4,山一鉄也,柳橋宏紀
20251013,19,8,不明,10470,3,武重雄介,三苫晃幸
20251013,21,2,不明,295960,2,飯塚響,刑部亜里紗
20251013,21,9,不明,26740,6,渡邉優美,赤井睦
20251013,21,10,不明,155330,6,井上未都,佐藤ほのか
20251013,22,10,不明,12980,4,柘植政浩,青木玄太
20251012,1,1,不明,85810,3,一瀬明,庄司孝輔
20251012,1,9,不明,26740,3,山本隆幸,松尾充
20251012,1,11,不明,40810,4,三浦洋次朗,中澤和志
20251012,5,3,不明,14500,2,佐藤永梧,杉村賢也
20251012,6,2,不明,54970,3,今坂晃広,高田綾
20251012,6,6,不明,31880,4,高野心吾,島川光男
20251012,6,10,不明,32850,3,土山卓也,伊藤将吉
20251012,8,3,不明,12070,4,池田剛規,小坂尚哉
20251012,8,4,不明,12350,4,鈴木唯央,岩永雅人
20251012,9,7,不明,11240,4,庄司樹良々,田頭虎親
20251012,9,8,不明,47340,4,萩原丈太朗,藤田竜弘
20251012,9,11,不明,15230,3,濱野谷憲吾,庄司樹良々
20251012,10,7,不明,19590,6,青木蓮,藤堂里香
20251012,12,4,不明,10930,6,吉田拡郎,近藤雄一郎
20251012,15,2,不明,77730,6,金子龍斗,常盤海心
20251012,15,5,不明,408760,6,上岡巧汰,眞鳥章太
20251012,15,11,不明,13230,2,砂長知輝,中村泰平
20251012,15,12,不明,18090,5,上田健太,西岡顕心
20251012,18,8,不明,137030,6,星栄爾,井上恵一
20251012,19,4,不明,100470,5,島田一生,吉島祥之
20251012,19,7,不明,16010,5,茅原悠紀,原豊土
20251012,21,1,不明,22240,6,山下夏鈴,中川りな
20251012,22,4,不明,28630,4,宮本裕之,阪本勇介
20251011,1,2,不明,40670,5,長野道臣,阿波勝哉
20251011,3,2,不明,10430,4,崎利仁,佐々木英樹
20251011,3,6,不明,11400,4,西島義則,村越篤
20251011,3,10,不明,11670,4,濱崎誠,増田進
20251011,5,5,不明,33120,6,君島秀三,櫻井優
20251011,5,7,不明,25120,4,中村尊,田中京介
20251011,5,12,不明,11860,4,谷野錬志,宮之原輝紀
20251011,6,6,不明,33250,3,前田聖文,品田直樹
20251011,6,10,不明,15150,5,土山卓也,小林文彦
20251011,8,3,不明,13250,5,北村征嗣,松下一也
20251011,8,5,不明,19110,5,金子拓矢,鈴木智啓
20251011,9,1,不明,25410,3,渡辺崇,中山雄太
20251011,9,12,不明,19370,2,森高一真,濱野谷憲吾
20251011,10,3,不明,30610,5,吉田俊彦,松田祐季
20251011,10,4,不明,16220,4,佐々木康幸,海野康志郎
20251011,12,7,不明,31640,2,大田直弥,松村康太
20251011,12,10,不明,10810,4,大崎翔,深川真二
20251011,14,3,不明,32630,6,田中駿兵,平見真彦
20251011,14,6,不明,19810,5,佐藤航,鈴木峻佑
20251011,15,2,不明,14710,6,眞鳥章太,坂井滉哉
20251011,15,3,不明,23100,2,岡暢祐,市川健太
20251011,19,2,不明,14290,2,永嶋裕一,大井清貴
20251011,19,12,不明,19320,4,守田俊介,茅原悠紀
20251011,21,10,不明,18020,4,小芦るり華,大石真央
20251010,1,1,不明,20570,5,山口修路,栗原謙治
20251010,1,2,不明,11230,4,三宅潤,小川時光
20251010,1,5,不明,22590,3,大賀龍之介,福田翔吾
20251010,1,11,不明,19720,5,高倉和士,松尾充
20251010,3,9,不明,14920,2,泉啓文,川口貴久
20251010,5,3,不明,44670,3,向所浩二,金子貴志
20251010,6,9,不明,75630,5,田村美和,島川光男
20251010,7,10,不明,36670,2,辻栄蔵,畑田汰一
20251010,8,3,不明,17020,4,牧宏次,安田政彦
20251010,8,8,不明,27540,4,仲口博崇,岩永雅人
20251010,8,9,不明,138320,5,鈴木唯央,志道吉和
20251010,8,10,不明,33310,3,草場康幸,森定晃史
20251010,12,10,不明,123610,5,金田諭,赤坂俊輔
20251010,14,5,不明,10640,4,木田峰由季,前川守嗣
20251010,14,6,不明,33360,3,田中駿兵,香川陽太
20251010,14,12,不明,10240,5,眞鳥康太,岩川仁士
20251010,21,8,不明,20770,2,松尾夏海,加藤奈月
20251009,1,7,不明,14410,2,岡部大輝,長谷川晴哉
20251009,1,11,不明,16530,4,和田拓也,里岡右貴
20251009,2,6,不明,15670,4,喜井つかさ,福岡泉水
20251009,2,10,不明,20070,4,前田紗希,戸敷晃美
20251009,6,6,不明,40420,4,角谷健吾,飯田庄吾
20251009,7,4,不明,10030,3,磯部誠,河野大
20251009,7,6,不明,14960,3,石野貴之,赤岩善生
20251009,8,6,不明,155730,5,塩崎桐加,樋口由加里
20251009,12,1,不明,10270,4,坂本雄紀,杢野誓良
20251009,14,4,不明,17100,3,前田翔,谷川祐一
20251009,14,7,不明,16480,5,杉田篤光,関裕也
20251009,14,11,不明,11680,5,岩川仁士,岸本隆
20251009,18,1,不明,13680,4,瀧川千依,永田秀二
20251009,18,2,不明,38460,2,森照夫,中村辰也
20251009,18,3,不明,39880,5,藤森拓海,葛原大陽
20251008,3,4,不明,16430,2,増田進,西原明生
20251008,3,5,不明,10310,2,金子猛志,宮嵜隆太郎
20251008,7,4,不明,14230,3,河合佑樹,田村隆信
20251008,8,8,不明,15680,2,間嶋仁志,松浦勝
20251008,9,4,不明,20330,6,羽野直也,都築正治
20251008,9,11,不明,34920,5,佐々木大河,武富智亮
20251008,14,2,不明,122580,6,浅見宗孝,柳瀬興志
20251008,14,4,不明,14810,6,眞鳥康太,小原聡将
20251008,18,4,不明,41840,6,土屋千明,清水愛海
20251008,18,10,不明,19810,2,吉川喜継,葛原大陽
20251008,24,1,不明,15700,3,木幡純也,岸本雄貴
20251008,24,8,不明,15230,3,森口和紀,栗城匠
20251007,1,4,不明,25790,3,中山将,佐藤旭
20251007,1,6,不明,20510,4,阿波勝哉,前田滉
20251007,1,7,不明,19380,4,中村駿平,大賀龍之介
20251007,1,10,不明,24520,4,伯母芳恒,和田拓也
20251007,3,9,不明,17170,3,金子猛志,小川知行
20251007,3,12,不明,15160,3,河合三弘,永井源
20251007,7,3,不明,12450,3,末永和也,須藤博倫
20251007,8,9,不明,93010,4,志道吉和,鈴木智啓
20251007,9,1,不明,323050,6,近藤来希,沢田昭宏
20251007,9,2,不明,12660,3,角浜修,藤原孝斗
20251007,9,6,不明,10070,4,武富智亮,廣瀬篤哉
20251007,9,10,不明,13930,4,佐竹太一,加藤高史
20251007,9,11,不明,26950,2,堀本和也,豊田健士郎
20251007,10,10,不明,11300,3,渡邉雄朗,楠将太郎
20251007,10,11,不明,11240,4,森晋太郎,森永淳
20251007,11,4,不明,31860,2,大月遊雅,藤原仙二
20251007,11,7,不明,83480,2,杉山喜一,常住蓮
20251007,14,2,不明,10380,3,鈴木峻佑,坂口貴彦
20251007,14,6,不明,55110,6,岩川仁士,表憲一
20251006,3,1,不明,46650,6,濱崎誠,池田雷太
20251006,7,7,不明,54710,4,山口達也,河合佑樹
20251006,7,9,不明,56340,5,稲田浩二,赤岩善生
20251006,7,10,不明,21630,2,畑田汰一,瓜生正義
20251006,9,3,不明,12720,5,加藤高史,赤峰和也
20251006,9,5,不明,71490,5,松下知幸,安河内健
20251006,9,9,不明,25120,5,安河内健,戸塚邦好
20251006,10,4,不明,16790,4,上平真二,荒井翔伍
20251006,10,12,不明,27190,3,眞鳥章太,権藤俊光
20251006,12,7,不明,11190,4,野長瀬正孝,木場悠介
20251006,12,9,不明,37540,5,井上大輔,藤田竜弘
20251006,18,1,不明,15480,4,梶山涼斗,藤田靖弘
20251006,18,5,不明,27020,3,中村辰也,木場雄二郎
20251006,18,8,不明,10220,3,山田雄太,今泉徹
20251005,2,9,不明,13750,2,平川香織,魚谷香織
20251005,3,3,不明,61080,5,河合三弘,松田隆司
20251005,3,11,不明,36980,5,増田進,山口裕二
20251005,3,12,不明,10760,3,飯山泰,西島義則
20251005,4,12,不明,29860,5,山地正樹,新田泰章
20251005,7,10,不明,73400,3,村上遼,松井繁
20251005,9,4,不明,15310,4,武富智亮,柴田朋哉
20251005,10,4,不明,19040,4,中本大樹,石塚久也
20251005,11,2,不明,16050,3,田村慶,高山敬悟
20251005,11,9,不明,37640,5,濱野斗馬,中野孝二
20251005,12,3,不明,16550,5,小池哲也,古澤光紀
20251005,23,6,不明,40550,2,鈴木裕隆,山本稔太朗
20251005,23,11,不明,16650,6,荒牧凪沙,岡村仁
20251005,24,4,不明,10410,3,木幡純也,伊藤啓三
20251005,24,8,不明,52500,4,高橋真吾,松江秀徳
20251005,24,12,不明,20070,4,石倉洋行,北山康介
20251004,2,11,不明,25480,3,大久保佑香,大豆生田蒼
20251004,4,2,不明,11090,2,大平誉史明,伊久間陽優
20251004,4,4,不明,11890,4,三宅健太,孫崎百世
20251004,5,5,不明,12050,5,桐生順平,中田竜太
20251004,9,1,不明,57340,6,加藤高史,馬場剛
20251004,9,5,不明,24290,4,佐々木大河,梶野学志
20251004,9,9,不明,32570,3,廣瀬篤哉,丸尾義孝
20251004,9,11,不明,12690,5,濱本優一,畑竜生
20251004,10,2,不明,21340,3,泉具巳,宗行治哉
20251004,11,2,不明,15520,5,中島秀治,佐藤世那
20251004,11,4,不明,15390,4,土井歩夢,田村慶
20251004,11,5,不明,23350,3,原田雄次,濱野斗馬
20251004,12,3,不明,132220,3,竹田吉行,小川日紀太
20251004,12,6,不明,13530,4,飯島誠,赤池修平
20251004,12,12,不明,28190,6,田中和也,小池哲也
20251004,18,5,不明,35210,2,長谷川巌,山田雄太
20251004,18,11,不明,20140,5,杉山貴博,淺田千亜希
20251004,19,5,不明,142380,6,上條嘉嗣,泥谷一毅
20251004,20,5,不明,11000,4,牧原崇,後藤陽介
20251004,23,5,不明,34660,6,長尾章平,岡村仁
20251004,23,8,不明,22400,6,上野真之介,柏野幸二
20251003,5,7,不明,10830,4,椎名豊,佐藤翼
20251003,5,8,不明,66210,4,山田祐也,大上卓人
20251003,5,12,不明,158720,6,関浩哉,長田頼宗
20251003,6,2,不明,10290,3,清水攻二,國崎良春
20251003,6,9,不明,51370,5,寺島吉彦,後藤正宗
20251003,11,5,不明,22280,4,小林孝彰,石本裕武
20251003,14,10,不明,31280,3,河村了,山川美由紀
20251003,19,5,不明,11200,2,松山将吾,小林一樹
20251003,20,1,不明,10950,2,横川聖志,内田圭
20251003,20,12,不明,10660,3,原田秀弥,石田章央
20251003,22,6,不明,43500,4,野村誠,本岡勝利
20251003,22,7,不明,15230,3,妹尾忠幸,渡邊伸太郎
20251003,22,9,不明,18100,3,待鳥雄紀,松尾昂明
20251002,3,1,不明,57880,5,鳥居塚嶺王,大塚康雅
20251002,4,4,不明,13480,4,平田忠則,服部達哉
20251002,5,5,不明,10310,2,中野次郎,大峯豊
20251002,11,6,不明,11390,4,中山翔太,沼田大都
20251002,12,1,不明,64640,4,板倉敦史,後藤孝義
20251002,12,8,不明,37990,2,山口亮,山崎裕司
20251002,14,1,不明,155540,5,安部慎一,川田正人
20251002,14,7,不明,12510,6,宮之原輝紀,中尾彩香
20251002,19,2,不明,12620,4,野田なづき,貫地谷直人
20251002,19,6,不明,61290,6,佐々木康幸,吉田一心
20251002,19,10,不明,58640,3,佐々木康幸,竹井貴史
20251002,19,12,不明,22160,3,大橋純一郎,上條嘉嗣
20251002,20,8,不明,33640,3,中越博紀,森永隆
20251002,22,9,不明,13470,2,石渡翔一郎,麻生慎介
20251002,23,1,不明,16190,4,荒牧凪沙,吉島祥之
20251002,23,8,不明,10410,4,池永太,藤森陸斗
20251002,23,11,不明,34250,5,鈴木孝明,柏野幸二
20251002,24,2,不明,16750,4,笠野友紀恵,渡辺千草
20251001,3,7,不明,12100,2,田路朋史,大塚康雅
20251001,4,1,不明,10560,4,藤山雅弘,三宅健太
20251001,4,2,不明,25130,5,伊藤喜智,中里昌志
20251001,4,3,不明,11830,3,渡部悟,抹香雄三
20251001,4,6,不明,35930,3,孫崎百世,大江純
20251001,4,10,不明,10360,5,長野壮志郎,今井美亜
20251001,4,12,不明,48220,4,長嶋万記,柴田光
20251001,6,10,不明,16730,3,清水攻二,下寺秀和
20251001,14,3,不明,12860,4,堤昇,松田竜馬
20251001,14,4,不明,12710,2,川田正人,橋本年光
20251001,20,3,不明,21630,3,富永正人,奥村明日香
20251001,23,8,不明,26610,5,吉島祥之,三原司
20251001,24,2,不明,193820,3,滝川真由子,海野ゆかり
20251001,24,4,不明,25290,4,犬童千秋,加藤綾
20251001,24,6,不明,12070,2,渡辺千草,片岡恵里
20250930,3,2,不明,12070,3,栗原一馬,小玉啓太
20250930,3,6,不明,13380,2,福田理,高山智至
20250930,3,9,不明,15000,3,汐崎正則,出畑孝典
20250930,5,12,不明,13170,3,菅章哉,峰竜太
20250930,6,6,不明,10750,4,山本修一,奥平拓也
20250930,6,9,不明,46040,3,須藤博倫,小野達哉
20250930,8,11,不明,35220,3,前田聖文,渋谷明憲
20250930,14,4,不明,28220,2,向井田真紀,川田正人
20250930,14,9,不明,17450,3,島村隆幸,外崎悟
20250930,14,11,不明,23610,4,浜野孝志,大澤風葵
20250930,15,4,不明,16630,6,山本隆幸,宮地博士
20250930,20,3,不明,19680,2,松本浩貴,吉田宗弘
20250930,23,2,不明,69650,6,立具敬司,古賀繁輝
20250930,23,4,不明,13880,3,吉島祥之,山崎義明
20250930,23,6,不明,18520,5,坪井康晴,一色凌雅
20250930,23,9,不明,26170,4,國分将太郎,柴田直哉
20250930,24,4,不明,70430,3,原田佑実,内山七海
20250930,24,5,不明,18970,2,笠野友紀恵,福島陽子
20250930,24,6,不明,51610,6,小池礼乃,篠木亜衣花
20250929,2,7,不明,27700,5,杉江浩明,仲航太
20250929,3,4,不明,29460,4,高山智至,熊本英一
20250929,3,7,不明,55510,5,栗原一馬,新田洋一
20250929,5,6,不明,14970,5,永井彪也,西村拓也
20250929,6,5,不明,22950,5,鈴木勝博,小澤学
20250929,8,2,不明,25230,5,黒井達矢,三品隆浩
20250929,8,5,不明,31210,4,楠原翔太,三宅潤
20250929,10,7,不明,25430,5,柴田友和,網代良芽
20250929,10,9,不明,10820,4,加倉侑征,川上清人
20250929,10,11,不明,26410,2,宇留田翔平,片岡雅裕
20250929,11,9,不明,29890,5,西原明生,五反田忍
20250929,11,12,不明,35730,5,戸敷晃美,後藤翔之
20250929,14,3,不明,14300,2,宮之原輝紀,大串重幸
20250929,14,5,不明,11100,6,重富伸也,石川諒
20250929,15,7,不明,31860,6,原田幸哉,鈴木博
20250929,24,6,不明,14300,4,平田さやか,倉田郁美
20250928,2,3,不明,18100,4,高山弘斗,坂東満
20250928,2,5,不明,32650,4,平本真之,津田陸翔
20250928,2,9,不明,21750,4,鈴木賢一,長谷川晴哉
20250928,3,7,不明,62720,3,大塚康雅,黒田剛
20250928,3,9,不明,21950,4,品田直樹,益田啓司
20250928,3,10,不明,26030,4,福田理,小原聡将
20250928,6,7,不明,33220,4,木村浩士,山田竜一
20250928,8,10,不明,22360,5,金子良昭,渡邉雄朗
20250928,10,5,不明,11610,2,北野輝季,宮地秀祈
20250928,10,7,不明,15090,2,松田隆司,村岡賢
20250928,10,10,不明,34250,6,福島勇樹,片岡雅裕
20250928,10,12,不明,67900,3,深谷知博,篠崎仁志
20250928,11,3,不明,11220,5,松井洪弥,加瀬智宏
20250928,11,7,不明,25950,4,五反田忍,佐々木英樹
20250928,12,5,不明,28120,6,河合佑樹,原田才一郎
20250928,15,3,不明,23010,3,宮嵜隆太郎,菅沼佳昭
20250928,15,9,不明,10540,4,馬袋義則,林美憲
20250928,15,12,不明,13190,2,中岡正彦,田村隆信
20250928,17,1,不明,11300,3,佐々木完太,飛田江己
20250928,17,7,不明,13720,4,中村魁生,澤田尚也
20250928,17,9,不明,63940,5,高憧四季,豊田健士郎
20250928,17,12,不明,14130,5,前田滉,新開航
20250928,21,5,不明,34010,4,藤丸光一,尾嶋一広
20250928,21,11,不明,11360,3,西島義則,藤原碧生
20250928,24,8,不明,30090,3,滝川真由子,海野ゆかり
20250927,4,3,不明,12100,4,廣瀬篤哉,阿波勝哉
20250927,4,5,不明,14360,3,太田潮,芝田浩治
20250927,4,9,不明,11660,3,松田淳平,渡辺豊
20250927,4,10,不明,15720,3,山田亮太,横田貴満
20250927,4,11,不明,16830,4,阿波勝哉,柳沢一
20250927,10,3,不明,12860,3,湯川浩司,加倉侑征
20250927,10,8,不明,13900,5,山田雄太,池千夏
20250927,10,9,不明,16270,3,杉田篤光,門田栞
20250927,12,8,不明,10890,5,安河内健,古川健
20250927,15,1,不明,24950,3,滝沢芳行,越智照浩
20250927,17,3,不明,11030,4,豊田健士郎,藤田俊祐
20250927,17,9,不明,35140,4,中野希一,高憧四季
20250927,17,10,不明,18540,5,井上忠政,末永和也
20250927,21,12,不明,11500,2,田川大貴,小坂尚哉
20250927,24,3,不明,12940,3,小池礼乃,植木美帆
20250927,24,5,不明,37620,4,倉田郁美,渡辺千草
20250926,1,8,不明,26580,4,岩崎麗子,大瀧明日香
20250926,2,5,不明,44510,2,岩下巧斗,仲航太
20250926,2,11,不明,10210,4,倉田茂将,藤田靖弘
20250926,8,4,不明,14260,5,前田聖文,海老澤泰行
20250926,8,9,不明,12260,2,渋谷明憲,土山卓也
20250926,10,11,不明,37030,4,田頭虎親,北野輝季
20250926,11,2,不明,18560,3,西原明生,松井洪弥
20250926,11,7,不明,15190,6,後藤翔之,高濱芳久
20250926,12,1,不明,25660,5,山田真聖,新出浩司
20250926,15,2,不明,10060,6,鈴木博,角浜修
20250926,15,6,不明,20280,5,作間章,中村有裕
20250926,17,2,不明,13700,3,前田翔,黒野元基
20250926,17,4,不明,25030,5,新開航,中野仁照
20250926,17,7,不明,35440,4,高井雄基,前原大道
20250926,17,12,不明,10940,3,高憧四季,新開航
20250926,21,3,不明,35630,2,長谷川暖,田川大貴
20250926,21,10,不明,33920,2,西岡蒼志,大賀龍之介
20250926,22,8,不明,47390,4,木山和幸,平石和男
20250926,22,9,不明,44590,6,高橋正男,岩永雅人
20250926,23,8,不明,12830,2,原加央理,田中勇輔
20250925,1,8,不明,28390,5,櫻本あゆみ,山本梨菜
20250925,4,3,不明,31700,2,川崎智幸,松浦勝
20250925,4,7,不明,26410,4,松浦勝,廣瀬将亨
20250925,4,8,不明,129030,2,岡部大輔,鈴木智啓
20250925,5,1,不明,28260,4,大石真央,菊地敬介
20250925,5,6,不明,80100,5,夏山亮平,大崎翔
20250925,5,8,不明,29370,5,樋江井舞,山崎聖司
20250925,6,3,不明,28270,3,嘉手苅徹哉,永松良教
20250925,6,7,不明,56710,5,宇野博之,山崎善庸
20250925,6,9,不明,22950,3,佐藤右京,鹿島敏弘
20250925,6,11,不明,13820,4,中越博紀,吉村誠
20250925,8,2,不明,10510,4,島川海輝,大谷直弘
20250925,12,2,不明,11110,2,杉山喜一,松井友汰
20250925,12,4,不明,12020,5,上原崚,金田智博
20250925,12,8,不明,45800,4,盛本真輔,原田才一郎
20250925,12,10,不明,20310,6,宮脇遼太,村岡賢人
20250925,12,11,不明,13060,4,金田智博,市橋卓士
20250925,14,3,不明,32080,4,上之晃弘,池田雄一
20250925,14,10,不明,62240,4,池田雄一,佐々木和伸
20250925,15,1,不明,43280,5,今坂晃広,塩田雄一
20250925,17,2,不明,37700,4,末永和也,畑田汰一
20250925,17,3,不明,14750,3,竹間隆晟,石原翼
20250925,17,11,不明,16350,2,佐々木完太,砂長知輝
20250925,20,4,不明,13520,4,岡田憲行,深水慎一郎
20250925,20,9,不明,98610,3,岡本大,柳内敬太
20250925,20,11,不明,10620,5,宮之原輝紀,長野壮志郎
20250925,21,4,不明,44760,3,中谷朋子,今泉友吾
20250925,22,2,不明,17830,6,田頭実,永嶋裕一
20250925,22,10,不明,48300,2,新田泰章,山ノ内雅人
20250925,23,11,不明,22900,5,中嶋健一郎,安東幸治
20250924,1,5,不明,14230,2,金田幸子,大橋栄里佳
20250924,3,7,不明,27690,4,原村拓也,堀本翔太
20250924,3,12,不明,18320,5,安達裕樹,小池修平
20250924,4,4,不明,14180,5,鈴木智啓,岸本隆
20250924,5,2,不明,16190,3,深見亜由美,後藤美翼
20250924,5,6,不明,51830,5,佐藤大佑,吉島祥之
20250924,5,7,不明,58570,6,中澤和志,有賀達也
20250924,6,10,不明,45010,2,野末智一,前沢丈史
20250924,14,3,不明,61500,2,上之晃弘,原田雄次
20250924,14,4,不明,24770,5,森野正弘,後藤正宗
20250924,14,7,不明,16410,5,幸田智裕,赤池修平
20250924,14,10,不明,18660,3,吉田俊彦,森野正弘
20250924,17,6,不明,13750,2,高橋竜矢,中野希一
20250924,17,9,不明,16360,3,定松勇樹,佐藤悠
20250924,19,11,不明,27540,3,眞田英二,土屋実沙希
20250924,20,1,不明,81920,5,八戸琉楓,土屋太朗
20250924,20,4,不明,25040,5,西野雄貴,長谷川充
20250924,20,6,不明,45360,6,上野真之介,三川昂暁
20250924,22,7,不明,21880,4,石川諒,山本英志
20250924,23,8,不明,11720,4,太田和美,高岡竜也
20250924,24,1,不明,17220,4,木村光宏,松本一毅
20250924,24,3,不明,12680,5,櫻井優,渡部悟
20250924,24,9,不明,48070,2,松下哲也,大串重幸
20250923,1,4,不明,24180,4,前田紗希,赤澤文香
20250923,4,1,不明,18340,6,松田淳平,片岡大地
20250923,4,3,不明,55490,6,島田一生,坂井滉哉
20250923,4,10,不明,23850,4,島田一生,江夏満
20250923,4,12,不明,10460,3,山田亮太,永田啓二
20250923,5,1,不明,25120,2,川合理司,山崎聖司
20250923,5,10,不明,28330,6,野中一平,田中和也
20250923,5,12,不明,39050,5,泥谷一毅,中澤和志
20250923,6,12,不明,19950,3,永松良教,岡村仁
20250923,14,5,不明,28010,6,森野正弘,渡修平
20250923,17,7,不明,61200,6,木谷賢太,上田健太
20250923,19,2,不明,40840,4,宮本裕之,楠将太郎
20250923,19,3,不明,20800,5,品田直樹,長谷川雅和
20250923,20,6,不明,44440,4,小川晃司,大須賀友
20250923,20,7,不明,10320,5,上野真之介,柳内敬太
20250923,20,12,不明,18010,3,大場広孝,松下直也
20250923,22,7,不明,82410,4,川上聡介,岩永雅人
20250923,22,8,不明,18370,3,折下寛法,下河雅史
20250923,22,9,不明,92130,6,新田泰章,眞鳥章太
20250923,22,10,不明,27730,5,藤山雅弘,寺本重宣
20250923,22,11,不明,20620,3,中田友也,川原祐明
20250923,23,5,不明,13570,4,安東幸治,吉永則雄
20250923,23,12,不明,55210,6,大場敏,中嶋健一郎
20250923,24,5,不明,12180,6,藤原啓史朗,谷津幸宏
20250922,1,6,不明,22390,4,羽田妃希,今井裕梨
20250922,1,8,不明,23160,5,鎌倉涼,櫻本あゆみ
20250922,1,12,不明,14660,3,今井裕梨,鎌倉涼
20250922,3,7,不明,13720,4,加藤政彦,米田隆弘
20250922,3,8,不明,13170,4,佐藤世那,一色凌雅
20250922,4,6,不明,101920,4,廣瀬篤哉,松田淳平
20250922,5,3,不明,43880,5,野長瀬正孝,川合理司
20250922,6,7,不明,27090,6,飯山泰,馬野耀
20250922,8,9,不明,19570,5,石渡翔一郎,平見真彦
20250922,14,10,不明,20590,3,幸田智裕,北川幸典
20250922,19,4,不明,20840,5,松井賢治,豊田泰洋
20250922,20,1,不明,11280,6,武富智亮,大場広孝
20250922,21,4,不明,67400,6,齊藤廉,西野翔太
20250922,21,7,不明,17910,3,高橋直哉,岡部貴司
20250922,21,9,不明,20540,6,大月遊雅,鳥飼眞
20250922,21,10,不明,16860,4,高倉和士,河野大
20250922,22,2,不明,10200,3,渡辺崇,福田翔吾
20250922,22,3,不明,13500,3,新田泰章,川上聡介
20250922,22,9,不明,14430,3,森智哉,牧宏次
20250922,24,2,不明,26390,4,吉岡誠,岡部哲
20250922,24,6,不明,40690,3,星栄爾,藤原啓史朗
20250922,24,10,不明,47550,3,田中辰彦,榎幸司
20250921,1,12,不明,10170,3,清水愛海,土屋千明
20250921,2,4,不明,12410,3,木幡純也,深山祐二
20250921,2,5,不明,25670,2,野中義生,池田雄祐
20250921,2,9,不明,30390,5,野中義生,金児隆太
20250921,3,3,不明,11830,2,西川拓利,原村拓也
20250921,3,4,不明,15350,3,渡邉俊介,栗山繁洋
20250921,3,11,不明,28840,3,米田隆弘,向後龍一
20250921,5,4,不明,14600,2,多田有佑,寺嶋雄
20250921,5,10,不明,34790,6,木田峰由季,桑島和宏
20250921,6,2,不明,10630,3,中越博紀,永松良教
20250921,8,6,不明,23090,6,木下翔太,牧原崇
20250921,9,6,不明,11550,4,和田拓也,是澤孝宏
20250921,9,11,不明,24030,3,土井歩夢,島村隆幸
20250921,11,12,不明,32280,3,青木玄太,遠藤エミ
20250921,12,3,不明,168200,6,表憲一,西村歩
20250921,12,6,不明,72850,3,杉江浩明,永田秀二
20250921,12,10,不明,112090,2,浅見宗孝,表憲一
20250921,19,3,不明,12520,3,川崎誠志,野相弘司
20250921,19,7,不明,10890,4,出畑孝典,繁野谷圭介
20250921,19,8,不明,19660,3,土屋実沙希,宇佐見淳
20250921,19,12,不明,18490,2,天野友和,近江翔吾
20250921,22,7,不明,25730,4,木場悠介,井上恵一
20250921,23,8,不明,36120,5,福嶋智之,原加央理
20250920,2,7,不明,21730,4,岸本雄貴,中山雄太
20250920,2,11,不明,11060,5,深井利寿,古川誠之
20250920,5,9,不明,12800,2,北中元樹,吉島祥之
20250920,5,10,不明,12180,3,佐藤大佑,有賀達也
20250920,6,6,不明,10150,4,松田竜馬,多羅尾達之
20250920,6,11,不明,38290,5,中越博紀,飯山泰
20250920,8,2,不明,11240,3,牧原崇,今出晋二
20250920,8,3,不明,18980,4,坂口貴彦,野田なづき
20250920,8,6,不明,13040,3,富樫麗加,松村康太
20250920,8,7,不明,125640,2,山田雄太,石渡翔一郎
20250920,8,8,不明,11590,2,木下翔太,渡邉睦広
20250920,8,12,不明,23720,4,菊地孝平,後藤翔之
20250920,9,6,不明,48100,5,島村隆幸,桑原啓
20250920,9,10,不明,17920,3,南佑典,前田聖文
20250920,10,2,不明,10460,5,堀本裕也,柳瀬興志
20250920,10,4,不明,13670,3,藤森陸斗,大賀龍之介
20250920,11,8,不明,10510,3,山田晃大,石丸海渡
20250920,12,5,不明,35210,3,津田裕絵,西島義則
20250920,19,2,不明,13470,4,楠将太郎,大田直弥
20250920,19,3,不明,13330,6,重成一人,細川明人
20250920,19,9,不明,21810,5,真子奈津実,矢野真梨菜
20250920,21,3,不明,189360,4,亀本勇樹,川田正人
20250920,24,1,不明,73350,2,石田章央,櫻井優
20250919,2,12,不明,30130,6,中山将,鈴木博
20250919,8,2,不明,10760,5,金子萌,酒井陽祐
20250919,9,3,不明,11050,2,土井歩夢,宇田川信一
20250919,9,5,不明,25440,2,是澤孝宏,西村拓也
20250919,9,6,不明,31940,6,石塚裕介,塚田修二
20250919,10,6,不明,11360,3,藤森陸斗,土山卓也
20250919,10,8,不明,43660,6,加藤高史,南野利騰
20250919,10,11,不明,51600,3,津久井拓也,吉川貴仁
20250919,11,4,不明,32230,5,峰竜太,守屋美穂
20250919,12,1,不明,20530,2,伊藤喜智,高橋淳美
20250919,12,2,不明,11370,3,浅見宗孝,上田紗奈
20250919,12,8,不明,91240,4,藤堂里香,権藤俊光
20250919,17,9,不明,12690,4,柳瀬幹太,岩下巧斗
20250919,17,10,不明,11660,4,石原光,近藤颯斗
20250919,20,3,不明,26290,4,谷口佳蓮,伊藤栞
20250919,21,12,不明,25230,4,西野翔太,石野貴之
20250919,24,7,不明,18300,5,関裕也,榎幸司
20250918,2,3,不明,11330,2,加倉侑征,木下陽介
20250918,2,4,不明,76740,5,尾道佳諭,新出浩司
20250918,2,10,不明,10730,2,乃村康友,金児隆太
20250918,3,3,不明,42690,6,村越篤,宮脇遼太
20250918,3,10,不明,12460,5,森晋太郎,村越篤
20250918,4,3,不明,16370,4,角山雄哉,佐々木康幸
20250918,4,4,不明,16350,6,黒野元基,馬場剛
20250918,8,2,不明,15160,2,竹井奈美,小芦るり華
20250918,8,8,不明,41650,2,須藤隆雄,都築正治
20250918,9,11,不明,10620,3,仲航太,渡邉雄朗
20250918,10,2,不明,16720,4,坪井爽佑,三宅潤
20250918,10,9,不明,22720,3,茶谷信次,奥平拓也
20250918,10,11,不明,16790,2,芦澤望,数原魁
20250918,11,1,不明,14050,3,山崎郡,君島秀三
20250918,11,7,不明,49290,6,山口剛,伊藤将吉
20250918,11,8,不明,46010,5,下寺秀和,椎名豊
20250918,12,2,不明,17770,4,大西隆洋,伊藤喜智
20250918,12,9,不明,17680,3,西島義則,蒲原健太
20250918,14,8,不明,25800,3,興津藍,佐藤隆太郎
20250918,14,9,不明,10090,2,佐々木完太,山田祐也
20250918,14,10,不明,11250,4,濱野谷憲吾,長田頼宗
20250918,14,12,不明,14880,4,池田浩二,吉田拡郎
20250918,17,4,不明,52470,6,宇留田翔平,津田陸翔
20250918,17,7,不明,46930,4,森清友翔,小林孝彰
20250918,20,4,不明,11100,3,井上遥妃,赤井星璃菜
20250918,20,6,不明,19710,3,犬童千秋,片岡恵里
20250918,23,1,不明,12020,2,井上大輔,横田貴満
20250918,23,4,不明,11520,4,相原利章,柴田大輔
20250918,23,11,不明,13600,5,中村有裕,中野仁照
20250917,3,7,不明,18440,3,平野和明,若林義人
20250917,3,12,不明,22830,3,廣瀬将亨,中島孝平
20250917,4,2,不明,19060,3,上條嘉嗣,角山雄哉
20250917,4,8,不明,12940,2,角浜修,馬場剛
20250917,9,4,不明,13240,3,南佑典,高山秀雄
20250917,9,10,不明,19010,3,島村隆幸,三苫晃幸
20250917,10,1,不明,25060,5,高山智至,室田泰史
20250917,10,4,不明,16340,3,堀本裕也,大賀龍之介
20250917,10,6,不明,13660,3,坪井爽佑,澤崎雄哉
20250917,11,6,不明,13500,4,安河内将,若林将
20250917,11,7,不明,64720,2,関浩哉,山田康二
20250917,12,6,不明,16470,2,外崎悟,藤井公人
20250917,14,1,不明,13800,5,尾上雅也,寺田祥
20250917,14,5,不明,21740,5,中村日向,市橋卓士
20250917,14,11,不明,29700,2,入海馨,濱野谷憲吾
20250917,15,10,不明,61180,6,井上一輝,木谷賢太
20250917,17,6,不明,47140,4,小川竜太朗,藤森拓海
20250917,23,9,不明,12300,4,黒柳浩孝,樫葉次郎
20250917,23,11,不明,16260,3,武富智亮,水摩敦
20250916,3,1,不明,25110,4,菊池宏志,山崎聖司
20250916,3,3,不明,74680,4,森晋太郎,中北将史
20250916,3,8,不明,10220,2,柴田友和,岡田憲行
20250916,4,4,不明,12670,5,小池公生,宮村勇哉
20250916,4,6,不明,25390,2,角山雄哉,淺田千亜希
20250916,6,1,不明,35420,5,香川陽太,星野太郎
20250916,6,7,不明,16020,5,吉永泰弘,近藤稔也
20250916,9,4,不明,16600,2,清水攻二,一宮稔弘
20250916,9,12,不明,17250,2,中野次郎,小坂尚哉
20250916,10,5,不明,56960,6,奥平拓也,茶谷信次
20250916,10,6,不明,17600,4,馬袋義則,沼田大都
20250916,10,7,不明,10910,4,長谷川巌,上村宏太
20250916,10,9,不明,11070,5,浅見昌克,池田雷太
20250916,14,4,不明,21660,5,濱野谷憲吾,安河内健
20250916,14,12,不明,14530,5,松田大志郎,菅章哉
20250916,15,5,不明,12880,4,中井俊祐,島川海輝
20250916,20,1,不明,21620,6,山川美由紀,来田衣織
20250916,20,2,不明,24070,3,松尾怜実,山下友貴
20250916,20,7,不明,30690,4,木村紗友希,米丸乃絵
20250916,20,11,不明,38110,6,山田理央,渡邉優美
20250916,20,12,不明,12100,3,平川香織,高憧四季
20250916,22,2,不明,25540,3,宗行治哉,高橋二朗
20250916,22,10,不明,32950,2,柴田朋哉,池永太
20250916,23,9,不明,32560,4,枝尾賢,浮田圭浩
20250916,23,12,不明,10430,3,黒柳浩孝,重野哲之
20250916,24,6,不明,15400,2,井上未都,岡瀬正人
20250916,24,9,不明,10020,3,中村桃佳,樋口亮
20250915,2,10,不明,16430,3,青木蓮,寺本昇平
20250915,2,12,不明,46090,6,吉田凌太朗,三川昂暁
20250915,4,5,不明,11890,2,永井聖美,藤岡俊介
20250915,4,11,不明,31320,3,角山雄哉,佐々木康幸
20250915,6,3,不明,12340,3,星野太郎,永井源
20250915,6,9,不明,10580,3,柴田直哉,高倉孝太
20250915,6,10,不明,58560,2,澤田尚也,高井雄基
20250915,14,2,不明,16340,3,前田将太,堀本和也
20250915,14,5,不明,66550,6,森高一真,石渡鉄兵
20250915,15,10,不明,226040,5,小川日紀太,井上一輝
20250915,15,11,不明,19850,3,青木幸太郎,田路朋史
20250915,15,12,不明,18990,5,三浦永理,平尾崇典
20250915,17,2,不明,11310,3,市川健太,柳瀬幹太
20250915,17,6,不明,100700,6,近藤颯斗,津田陸翔
20250915,17,7,不明,23010,5,小林孝彰,市川健太
20250915,17,9,不明,24950,2,山下智己,中村栄治
20250915,17,11,不明,32320,4,大江純,長谷川晴哉
20250915,19,5,不明,22210,4,佐々木英樹,加藤翔馬
20250915,19,9,不明,20450,4,高山敬悟,中村泰平
20250915,20,3,不明,11870,2,木村紗友希,本田愛
20250915,22,10,不明,10520,3,山田丈,妻鳥晋也
20250915,24,2,不明,13880,2,蜂須瑞生,天野誠
20250915,24,6,不明,16520,4,本村大,岡瀬正人
20250915,24,12,不明,23990,3,貫地谷直人,本村大
20250914,2,3,不明,23720,6,寺本昇平,松下哲也
20250914,2,7,不明,11330,6,三川昂暁,堀之内紀代子
20250914,2,12,不明,18330,4,河野大,濱崎直矢
20250914,3,12,不明,48510,6,前原大道,中島孝平
20250914,4,5,不明,30540,2,角浜修,岡村慶太
20250914,4,6,不明,11090,6,篠原晟弥,岩井繁
20250914,6,3,不明,29310,5,山田真聖,齋藤真之
20250914,14,3,不明,18860,4,久田敏之,宮地元輝
20250914,14,9,不明,16950,2,興津藍,末永和也
20250914,15,2,不明,14220,4,中井俊祐,渡邉真奈美
20250914,15,3,不明,48270,5,伊久間陽優,花田和明
20250914,17,8,不明,25160,4,屋良龍紀,上野俊樹
20250914,22,3,不明,31680,5,松尾宣邦,高橋二朗
20250914,22,5,不明,10640,2,坪口竜也,三原司
20250914,22,7,不明,12140,3,小林京平,宗行治哉
20250914,22,8,不明,130640,5,横川聖志,前沢丈史
20250914,22,10,不明,16980,4,妻鳥晋也,山田丈
20250914,22,12,不明,41130,4,川崎智幸,赤坂俊輔
20250914,23,1,不明,10880,3,柴田大輔,中野仁照
20250914,23,3,不明,57970,2,山戸信二,葛原大陽
20250914,23,8,不明,42400,3,森田昭彦,井上大輔
20250914,23,11,不明,21220,2,黒柳浩孝,中村有裕
20250914,24,9,不明,55620,4,山崎裕司,上田健太
20250913,2,7,不明,15110,4,川添英正,岡村仁
20250913,2,8,不明,51940,5,清水未唯,田中豪
20250913,2,11,不明,35360,4,三川昂暁,河野大
20250913,4,1,不明,17090,2,池田浩美,黒田剛
20250913,4,11,不明,120610,6,佐竹太一,丹下将
20250913,5,4,不明,20730,3,芹澤克彦,飯山泰
20250913,5,9,不明,20680,4,盛本真輔,妹尾忠幸
20250913,12,8,不明,13890,5,石野貴之,湯川浩司
20250913,14,7,不明,27920,5,森高一真,萩原秀人
20250913,14,8,不明,43430,4,杉山正樹,笠原亮
20250913,14,9,不明,12220,2,濱野谷憲吾,海野康志郎
20250913,14,10,不明,24370,5,徳増秀樹,前田将太
20250913,15,5,不明,145370,5,松田憲幸,萬正嗣
20250913,15,8,不明,30270,5,中井俊祐,田路朋史
20250913,15,10,不明,22500,3,小野達哉,益田啓司
20250913,15,11,不明,16860,4,芝田浩治,大澤普司
20250913,16,5,不明,15290,4,土屋実沙希,武井莉里佳
20250913,16,7,不明,18960,2,奥村明日香,西村歩
20250913,16,10,不明,51510,6,今井美亜,海野ゆかり
20250913,18,4,不明,23830,3,藤山雅弘,木村仁紀
20250913,19,5,不明,10760,2,吉田一郎,平田忠則
20250913,19,12,不明,22210,4,松尾昂明,中村泰平
20250913,21,4,不明,18760,5,佐々木大河,田中辰彦
20250913,21,7,不明,14710,5,森智也,白井友晴
20250913,21,9,不明,44160,5,西尾亮輔,大野芳顕
20250913,22,5,不明,14720,3,竹田広樹,野間大樹
20250913,22,7,不明,25890,3,川崎智幸,酒見峻介
20250913,22,11,不明,18870,4,横澤剛治,佐々木翔斗
20250912,2,9,不明,12820,6,濱崎直矢,馬野耀
20250912,5,1,不明,18690,3,川尻泰輔,雑賀勇貴
20250912,6,2,不明,14360,2,明石正之,宮内由紀英
20250912,9,1,不明,38780,3,島田一生,赤羽克也
20250912,9,6,不明,28600,4,松田隆司,滝沢芳行
20250912,11,5,不明,11930,2,金子萌,宮迫暢彦
20250912,11,10,不明,11600,2,天野友和,中村魁生
20250912,12,6,不明,38130,2,山田康二,井上忠政
20250912,15,3,不明,29790,4,西原明生,板倉敦史
20250912,16,8,不明,11260,3,豊田結,宇野弥生
20250912,18,5,不明,19250,3,木村仁紀,春園功太
20250912,19,4,不明,30120,5,中岡正彦,佐口達也
20250912,22,9,不明,12050,3,三原司,松尾祭
20250912,22,12,不明,39180,3,三嶌誠司,松村敏
20250911,1,1,不明,16110,5,浜野孝志,汐崎正則
20250911,1,4,不明,20580,3,上田紗奈,亀山雅幸
20250911,1,5,不明,25320,4,鈴木猛,江口晃生
20250911,1,8,不明,11550,3,丹下健,前野竜一
20250911,1,12,不明,38430,2,野中一平,菊地孝平
20250911,2,3,不明,20710,6,岡村仁,松下哲也
20250911,2,5,不明,44240,6,寺本昇平,笠置博之
20250911,2,7,不明,15100,3,塩崎桐加,吉田凌太朗
20250911,5,8,不明,75780,4,加藤翔,中山将
20250911,5,9,不明,12170,3,雑賀勇貴,伊藤啓三
20250911,6,12,不明,11720,2,大場恒季,服部幸男
20250911,11,4,不明,72540,4,山本光雄,佐藤大佑
20250911,11,5,不明,17600,6,石川真二,杉山裕也
20250911,12,1,不明,24070,4,山田哲也,岩瀬裕亮
20250911,12,5,不明,12560,5,馬場貴也,吉川元浩
20250911,12,10,不明,26510,5,大峯豊,関浩哉
20250911,16,5,不明,155610,3,安井瑞紀,鎌倉涼
20250911,16,10,不明,91830,4,安達美帆,佐々木裕美
20250911,18,2,不明,23100,3,信濃由行,春園功太
20250911,19,8,不明,87640,5,伊藤雄二,古場輝義
20250911,21,1,不明,12990,5,抹香雄三,大野芳顕
20250911,22,3,不明,12130,2,山下流心,竹田広樹
20250910,1,1,不明,11220,4,小林一樹,三品隆浩
20250910,1,3,不明,10400,3,柴田光,鈴木猛
20250910,1,4,不明,15060,3,山田亮太,栗原直也
20250910,2,4,不明,33350,3,武田正紀,川添英正
20250910,2,5,不明,21190,2,加瀬智宏,佐藤悠
20250910,2,7,不明,19960,3,中村駿平,河野大
20250910,2,12,不明,21440,5,吉田凌太朗,岡村仁
20250910,4,3,不明,21270,2,畑田汰一,河合佑樹
20250910,4,5,不明,48610,6,尾上雅也,西山貴浩
20250910,4,7,不明,20910,2,森高一真,吉田拡郎
20250910,4,10,不明,14850,4,井口佳典,浜先真範
20250910,9,4,不明,16680,2,森定晃史,吉田光
20250910,11,8,不明,35020,5,松下誉士,鈴谷一平
20250910,11,11,不明,12080,3,中村魁生,石川真二
20250910,12,3,不明,76680,6,小池修平,下條雄太郎
20250910,12,10,不明,15290,4,瓜生正義,中田竜太
20250910,12,11,不明,25000,6,馬場貴也,白井英治
20250910,16,1,不明,10500,2,赤井睦,安井瑞紀
20250910,16,5,不明,20170,4,大久保佑香,今井美亜
20250910,16,10,不明,10770,3,田口節子,土屋実沙希
20250910,17,5,不明,15490,4,片橋幸貴,村岡賢人
20250910,18,4,不明,43700,2,村松修二,山口裕二
20250910,19,2,不明,10880,3,寺島吉彦,重冨勇哉
20250910,19,4,不明,11140,2,渋谷明憲,北川幸典
20250910,19,9,不明,30470,4,吉田一郎,加藤政彦
20250910,19,11,不明,29160,6,高橋正男,野口勝弘
20250910,19,12,不明,12320,6,松本純平,江本真治
20250910,21,7,不明,11750,2,西川拓利,田添康介
20250910,21,9,不明,10670,3,広次修,天野晶夫
20250910,23,2,不明,49990,4,坂本一真,篠原飛翔
20250910,23,3,不明,84060,5,野田昇吾,金田智博
20250909,4,8,不明,13900,2,今泉友吾,上田龍星
20250909,5,2,不明,13410,6,竹間隆晟,芹澤克彦
20250909,5,3,不明,76030,2,星栄爾,後藤浩
20250909,5,5,不明,89860,5,神田達也,牧宏次
20250909,9,4,不明,21770,4,古賀繁輝,長谷川充
20250909,9,10,不明,18150,2,岡崎恭裕,福田宗平
20250909,10,12,不明,39640,5,富永修一,原田幸哉
20250909,12,2,不明,25640,5,松井繁,福来剛
20250909,12,3,不明,68710,2,渡辺浩司,丸岡正典
20250909,12,7,不明,28340,3,小池修平,篠崎仁志
20250909,12,10,不明,21740,4,秦英悟,佐藤翼
20250909,16,6,不明,41140,5,西村歩,豊田結
20250909,16,10,不明,14420,6,松尾夏海,喜井つかさ
20250909,17,3,不明,71450,5,中島友和,川原正明
20250909,17,4,不明,156040,6,幸田智裕,中岡健人
20250909,17,5,不明,13070,2,寺嶋雄,加倉侑征
20250909,17,7,不明,11340,2,中島友和,若林義人
20250909,17,10,不明,29610,2,武富智亮,新田洋一
20250909,18,4,不明,125290,3,深水慎一郎,森永隆
20250909,18,11,不明,13500,4,西野翔太,西村勝
20250909,18,12,不明,52110,5,木村仁紀,安河内将
20250908,1,2,不明,11300,3,三角哲男,渡邊裕貴
20250908,4,7,不明,15880,2,徳増秀樹,木下翔太
20250908,4,10,不明,69500,3,上田龍星,豊田健士郎
20250908,4,11,不明,16730,3,井口佳典,河合佑樹
20250908,9,6,不明,13960,5,坂口周,川村正輝
20250908,9,8,不明,11630,2,北村征嗣,松村康太
20250908,10,2,不明,37490,3,上之晃弘,鈴木雅希
20250908,10,4,不明,66690,6,金子賢志,岡祐臣
20250908,10,6,不明,13730,4,林美憲,三浦洋次朗
20250908,10,10,不明,15620,2,都築正治,渡部悟
20250908,12,6,不明,51720,5,瓜生正義,湯川浩司
20250908,12,10,不明,21980,4,藤山翔大,定松勇樹
20250908,16,1,不明,19430,4,渡辺千草,福島陽子
20250908,17,8,不明,12370,2,片橋幸貴,牧原崇
20250908,17,12,不明,33250,3,中辻博訓,田中和也
20250908,20,2,不明,10400,2,谷本幸司,高木圭大
20250908,20,3,不明,12600,5,大神康司,越智照浩
20250908,20,5,不明,44230,5,花本剛,岡瀬正人
20250908,20,6,不明,21700,4,森作雄大,品川二千翔
20250908,20,7,不明,18320,2,岡谷健吾,福島勇樹
20250908,23,1,不明,49290,3,森智哉,中島秀治
20250908,23,3,不明,15310,5,富永夏哉人,上野俊樹
20250907,1,4,不明,41290,4,室田泰史,上田紗奈
20250907,1,8,不明,17120,2,向所浩二,松井洪弥
20250907,1,10,不明,35380,3,汐崎正則,小林一樹
20250907,3,3,不明,14320,6,浜田亜理沙,間庭菜摘
20250907,4,1,不明,23450,2,杉山正樹,前田将太
20250907,9,1,不明,39930,6,小林遼太,森定晃史
20250907,9,2,不明,19820,3,川村正輝,渥美卓郎
20250907,9,4,不明,57430,6,長谷川充,島田一生
20250907,9,7,不明,19760,2,小林遼太,木村亮太
20250907,9,11,不明,31280,2,下寺秀和,平田健之佑
20250907,9,12,不明,16690,3,中澤和志,岡崎恭裕
20250907,10,1,不明,258490,5,大塚浩二,中山雄太
20250907,10,3,不明,16790,3,金子賢志,深井利寿
20250907,11,3,不明,12520,5,荒牧凪沙,木谷賢太
20250907,11,10,不明,29140,4,木谷賢太,柳沢一
20250907,17,7,不明,70250,4,片橋幸貴,下田哲也
20250907,19,8,不明,13260,2,小林京平,蒲原健太
20250907,19,10,不明,10340,5,平高奈菜,関裕也
20250907,20,4,不明,22260,6,山崎哲司,小野寺智洋
20250907,20,9,不明,14800,5,森作雄大,竹下大樹
20250907,23,12,不明,28480,4,藤田俊祐,前原大道
20260314,4,4,不明,36360,6,藤田康生,金子龍斗
20260314,4,9,不明,31270,3,渡邉真奈美,北川潤二
20260314,5,6,不明,31820,5,吉田宗弘,井上大輔
20260314,6,6,不明,10860,3,荒川健太,佐口達也
20260314,6,11,不明,24970,2,赤岩善生,松下一也
20260314,7,4,不明,13220,6,中村魁生,高濱芳久
20260314,7,8,不明,18960,2,杉江浩明,清水沙樹
20260314,13,3,不明,50230,5,中村晃朋,萩原秀人
20260314,13,5,不明,53020,2,末永和也,杉山裕也
20260314,13,10,不明,12300,2,井上忠政,佐藤翼
20260314,14,1,不明,28110,4,阿波勝哉,中川りな
20260314,16,10,不明,16300,5,出畑孝成,重木輝彦
20260314,16,12,不明,24770,6,高倉孝太,田口節子
20260314,20,1,不明,59850,5,小林孝弘,渡辺崇
20260314,20,4,不明,27080,3,後藤正宗,野口勝弘
20260314,21,3,不明,286500,6,五反田忍,大平誉史明
20260314,22,5,不明,12760,3,近藤雄一郎,上田健太
20260314,22,11,不明,24930,4,峰重力也,土屋智則
20260314,22,12,不明,22820,2,常住蓮,宮脇遼太
20260315,3,2,不明,17950,4,尾形栄治,大森翼
20260315,3,6,不明,18890,4,齋藤勇,尾形栄治
20260315,3,8,不明,28560,3,金田智博,照屋厚仁
20260315,5,2,不明,15820,6,井手良太,堤昇
20260315,5,4,不明,20450,2,石原光,河野主樹
20260315,5,8,不明,23260,3,吉田宗弘,永井亮次
20260315,6,1,不明,17390,5,渥美卓郎,横井健太
20260315,6,10,不明,13350,4,小池礼乃,清水攻二
20260315,11,5,不明,21040,2,向井田佑紀,塚田修二
20260315,13,3,不明,61370,5,岩瀬裕亮,平尾崇典
20260315,13,8,不明,14460,3,井上忠政,吉田俊彦
20260315,13,9,不明,46090,4,高野哲史,齊藤仁
20260315,14,6,不明,18410,6,岡田憲行,河村了
20260315,14,11,不明,10310,2,加藤綾,松本弓雄
20260315,16,10,不明,176750,4,門間雄大,佐藤博亮
20260315,18,9,不明,14060,3,平川香織,山本梨菜
20260315,19,2,不明,36840,2,坂本奈央,長岡良也
20260315,19,11,不明,29050,4,榎幸司,前田聖文
20260315,20,2,不明,15630,4,木山和幸,沖島広和
20260315,20,6,不明,46900,2,後藤正宗,吉村誠
20260315,20,8,不明,14640,3,川添英正,野口勝弘
20260315,22,3,不明,12180,6,鐘ヶ江真司,田中宏樹
20260316,3,1,不明,22980,4,早川颯太,宇田川信一
20260316,3,2,不明,19170,3,萩原知哉,柴田大輔
20260316,3,11,不明,21570,3,是澤孝宏,鶴田勇雄
20260316,5,4,不明,10940,5,庄司樹良々,山崎善庸
20260316,5,7,不明,12430,4,三浦洋次朗,齊藤大将
20260316,6,5,不明,12710,2,横井健太,清水攻二
20260316,7,11,不明,15550,2,野長瀬正孝,中村魁生
20260316,10,10,不明,11520,3,井上茂,森竜也
20260316,13,1,不明,20110,4,山口剛,古結宏
20260316,13,8,不明,140880,6,海野康志郎,宮地元輝
20260316,16,3,不明,32660,5,佐藤大騎,吉田一郎
20260316,16,11,不明,49980,4,今井貴士,北川太一
20260316,19,1,不明,29390,6,江本真治,奥平拓也
20260316,19,2,不明,29580,5,伊藤紘章,荻野裕介
20260316,21,4,不明,74020,5,村田浩司,佐々木完太
20260317,1,9,不明,14000,2,竹間隆晟,豊田祥生
20260317,3,3,不明,66200,4,大森翼,石岡将太
20260317,3,9,不明,11790,5,鋤柄貴俊,芦澤望
20260317,6,8,不明,23940,3,渥美卓郎,木下大將
20260317,7,3,不明,17540,4,松下知幸,平見真彦
20260317,7,4,不明,12840,2,近藤颯斗,大澤普司
20260317,10,8,不明,39400,5,鈴木孝明,岡村将也
20260317,10,11,不明,30490,3,大谷直弘,花田和明
20260317,13,1,不明,28460,4,藤岡俊介,山下大輝
20260317,13,2,不明,38640,3,吉田俊彦,井上忠政
20260317,17,7,不明,10940,3,藤原菜希,黒明花夢
20260317,21,1,不明,19870,4,伊藤喜智,吉島祥之
20260317,21,3,不明,12190,5,津田裕絵,中村辰也
20260317,23,3,不明,21620,2,遠藤エミ,佐々木大河
20260317,23,10,不明,37110,6,前田将太,井口佳典
20260318,1,8,不明,55540,2,川辺郭人,仲道大輔
20260318,3,2,不明,49840,2,花本剛,齋藤勇
20260318,3,3,不明,14200,4,石岡将太,東潤樹
20260318,4,12,不明,16880,5,砂長知輝,今泉友吾
20260318,8,3,不明,10430,5,黒井達矢,高橋直哉
20260318,8,6,不明,15510,2,中村桃佳,櫻本あゆみ
20260318,8,8,不明,54110,4,大塚雅治,小川広大
20260318,8,9,不明,22600,4,浦田信義,小澤和也
20260318,8,10,不明,18300,5,松本純平,山下和彦
20260318,13,2,不明,32550,3,重木輝彦,古結宏
20260318,13,6,不明,105290,4,山下大輝,海野康志郎
20260318,13,8,不明,40560,3,中澤和志,吉川元浩
20260318,14,3,不明,11640,3,小山勉,佐々木和伸
20260318,14,4,不明,45790,6,尾崎雄二,上村純一
20260318,17,12,不明,39680,3,千葉真弥,角ひとみ
20260318,20,4,不明,28070,4,岡谷健吾,山田真聖
20260318,20,7,不明,16760,2,椎名豊,山本英志
20260318,20,10,不明,27300,4,森林太,出畑孝典
20260318,23,2,不明,13150,4,島川海輝,佐々木翔斗
20260318,23,3,不明,24320,4,西岡顕心,後藤翔之
20260318,23,7,不明,24640,6,古賀繁輝,蒲原健太
20260318,23,10,不明,28750,3,河野大,前田将太
20260318,23,11,不明,11400,3,武富智亮,中田竜太
20260318,24,2,不明,10220,4,石橋道友,浅見宗孝
20260318,24,3,不明,17500,5,小林一樹,岡部哲
20260319,1,1,不明,10950,6,富永夏哉人,牧村俊輝
20260319,1,3,不明,40200,3,若林義人,齊藤廉
20260319,2,1,不明,39660,5,阪本勇介,関根彰人
20260319,2,9,不明,73760,6,永嶋裕一,谷本幸司
20260319,2,10,不明,10520,3,鈴木裕隆,石塚久也
20260319,3,2,不明,16710,4,北中元樹,宮崎心之介
20260319,3,3,不明,25880,3,萩原知哉,柴田大輔
20260319,3,12,不明,18320,2,佐藤大介,北山康介
20260319,4,5,不明,93570,6,安藤瑠希,横澤剛治
20260319,8,5,不明,54280,2,河上年昭,松下直也
20260319,8,11,不明,32620,3,近藤友宝,小野達哉
20260319,10,3,不明,75100,5,冨田秀幸,森作雄大
20260319,10,5,不明,16180,2,内山文典,岡村将也
20260319,13,5,不明,60680,4,坪井康晴,山崎郡
20260319,14,2,不明,115920,5,坂井康嗣,片橋幸貴
20260319,14,3,不明,199660,5,長谷川親王,竹田吉行
20260319,14,4,不明,27380,2,小倉康典,石川真二
20260319,14,8,不明,58510,6,上村純一,関口智久
20260319,15,2,不明,23380,4,谷口知優,永田義紘
20260319,15,7,不明,48000,5,中井俊祐,桑原啓
20260319,15,9,不明,27190,3,原田雄次,川北浩貴
20260319,16,1,不明,13150,3,新田智彰,泉啓文
20260319,16,11,不明,10800,4,上原崚,松本博昭
20260319,16,12,不明,13180,4,松田祐季,白神優
20260319,17,3,不明,28960,2,村上奈穂,新田芳美
20260319,17,9,不明,27270,5,池田浩美,中尾彩香
20260319,20,7,不明,28770,2,早川尚人,村田修次
20260319,23,3,不明,23490,6,深川真二,中島秀治
20260319,23,4,不明,38620,5,野中一平,小芦るり華
20260319,23,12,不明,45250,4,古賀智之,菊地孝平
20260319,24,9,不明,90520,4,村岡賢,田路朋史
20260320,1,4,不明,12590,3,川辺郭人,梅原祥平
20260320,1,9,不明,73350,5,中本大樹,倉田茂将
20260320,3,5,不明,20400,5,鈴木猛,中村裕将
20260320,3,12,不明,10570,3,福島勇樹,中田元泰
20260320,4,9,不明,32640,3,下河雅史,西舘健
20260320,4,10,不明,19120,4,川島拓郎,奈須啓太
20260320,4,12,不明,13360,2,鈴木雅希,北野輝季
20260320,5,11,不明,35940,4,安田吉宏,加藤翔馬
20260320,8,4,不明,23200,3,山下和彦,中渡修作
20260320,8,5,不明,12090,2,小野達哉,石原凪紗
20260320,14,5,不明,10910,4,竹田吉行,田中太一郎
20260320,14,7,不明,11860,2,永井彪也,浮田圭浩
20260320,15,6,不明,17190,2,大谷健太,柴田朋哉
20260320,15,7,不明,13630,4,西丸侑太朗,松田竜馬
20260320,16,3,不明,130000,6,川上清人,町田洸希
20260320,16,5,不明,13410,5,松田祐季,新田智彰
20260320,17,5,不明,25700,5,松尾夏海,山口真喜子
20260320,18,2,不明,28070,4,川上剛,藤山雅弘
20260320,18,7,不明,56450,5,秋田健太郎,川崎公靖
20260320,18,12,不明,41370,3,高岡竜也,谷野錬志
20260320,19,4,不明,12130,5,鳥居塚孝博,小森信雄
20260320,19,10,不明,14480,3,中山将,高倉和士
20260320,20,12,不明,14540,2,渡邉翼,椎名豊
20260320,23,7,不明,14120,4,中島秀治,三馬崇史
20260320,24,1,不明,13100,2,岡部哲,大崎翔
20260321,1,1,不明,11550,4,江藤敦宏,岩下巧斗
20260321,1,6,不明,24700,5,鳥居塚嶺王,青木蓮
20260321,1,7,不明,27650,2,齊藤廉,藤森陸斗
20260321,1,10,不明,18700,6,青木蓮,塚越海斗
20260321,4,3,不明,42670,3,吉田慎二郎,渡部悟
20260321,4,11,不明,10540,6,鈴谷一平,佐藤大佑
20260321,5,3,不明,13570,2,吉田彩乃,田村美和
20260321,5,4,不明,15130,5,関野文,山崎小葉音
20260321,5,9,不明,23040,3,中里優子,廣中智紗衣
20260321,5,10,不明,26480,2,芝田浩治,内堀学
20260321,6,10,不明,15170,4,松井洪弥,田中京介
20260321,6,11,不明,58840,5,松竹大輔,板橋侑我
20260321,8,1,不明,29290,4,渡邊裕貴,黒井達矢
20260321,8,6,不明,21860,3,池本輝明,木村仁紀
20260321,8,11,不明,23690,6,松本真広,谷川祐一
20260321,14,5,不明,11710,4,佐々木和伸,北川敏弘
20260321,14,6,不明,25890,5,奥田誠,小倉康典
20260321,14,7,不明,37950,2,片橋幸貴,向井田佑紀
20260321,15,2,不明,42950,5,牟田奨太,大谷健太
20260321,15,10,不明,27560,5,大谷健太,安田政彦
20260321,17,4,不明,12480,6,藤原菜希,菅野はやか
20260321,18,10,不明,21650,4,胡本悟志,松井貫太
20260321,19,1,不明,39470,2,高山秀雄,中里昌志
20260321,19,6,不明,66030,2,野相弘司,田川大貴
20260321,19,9,不明,17480,5,岡村慶太,谷村一哉
20260321,20,1,不明,139120,6,松尾光広,佐藤ほのか
20260321,20,2,不明,27990,4,山田真聖,大澤誠也
20260321,23,5,不明,15200,3,濱野斗馬,前田将太
20260322,2,3,不明,24140,4,伊達正利,小林愛実
20260322,5,1,不明,16510,3,須藤隆雄,石井孝之
20260322,5,12,不明,16060,5,高憧四季,倉持莉々
20260322,6,2,不明,15790,2,大江純,安部慎一
20260322,8,4,不明,36190,6,松本純平,後藤隼之
20260322,8,6,不明,75720,6,柳沢一,武田光史
20260322,8,8,不明,16180,2,渡邊裕貴,薮内瑞希
20260322,13,8,不明,60750,3,石井伸長,吉永則雄
20260322,14,2,不明,40260,6,関口智久,山田亮太
20260322,14,7,不明,16070,3,吉武真也,片橋幸貴
20260322,14,10,不明,10520,4,上村純一,松尾充
20260322,14,11,不明,13350,3,奥田誠,小山勉
20260322,18,10,不明,20610,5,胡本悟志,岸本隆
20260322,20,2,不明,12000,6,前原大道,三嶌こころ
20260322,20,3,不明,11930,6,西村拓也,坪井爽佑
20260322,23,9,不明,10360,3,蒲原健太,佐藤悠
20260322,23,12,不明,16670,3,古賀繁輝,深川真二
20260322,24,1,不明,21740,4,今坂晃広,坂口貴彦
20260322,24,2,不明,19240,5,畑和宏,杉山勝匡
20260323,2,3,不明,24240,3,本吉正樹,品川賢次
20260323,2,5,不明,17980,5,石塚久也,川崎智幸
20260323,5,6,不明,43960,5,加藤翔馬,若林将
20260323,5,8,不明,12420,2,平川香織,石井裕美
20260323,5,9,不明,11430,4,芝田浩治,栗城匠
20260323,5,11,不明,62290,4,廣瀬篤哉,澤田尚也
20260323,6,4,不明,59260,6,垂水悠,平田忠則
20260323,6,5,不明,18910,5,島村隆幸,黄金井力良
20260323,8,2,不明,14270,4,富澤祐作,松下直也
20260323,12,8,不明,20910,4,網代良芽,榎幸司
20260323,14,6,不明,16120,3,山本浩輔,幸野史明
20260323,14,7,不明,10700,2,田中太一郎,北川敏弘
20260323,14,8,不明,15390,4,竹田吉行,藤井徹
20260323,14,9,不明,24800,2,三浦裕貴,広瀬聖仁
20260323,14,10,不明,17740,4,松尾充,津久井拓也
20260323,15,1,不明,49690,3,谷口知優,川北浩貴
20260323,18,1,不明,39900,4,前出達吉,川上剛
20260323,18,9,不明,25090,3,谷野錬志,寺本重宣
20260323,18,10,不明,27330,3,山田竜一,八木治樹
20260323,18,11,不明,13590,5,川上剛,加藤翔
20260323,18,12,不明,13830,4,高岡竜也,前田篤哉
20260323,19,7,不明,15970,3,小森信雄,酒見峻介
20260323,22,2,不明,22470,3,坂井滉哉,佐々木裕美
20260323,22,8,不明,19570,5,金子順一,落合直子
20260324,2,7,不明,15450,2,占部一真,三嶌誠司
20260324,9,2,不明,10400,4,多田有佑,上野拓馬
20260324,9,6,不明,12460,4,三村岳人,多田有佑
20260324,10,9,不明,17190,2,大久保佑香,中谷朋子
20260324,10,10,不明,16980,4,藤原早菜,坂野さくら
20260324,10,12,不明,10660,4,安井瑞紀,西橋奈未
20260324,12,3,不明,12140,3,秋山広一,富永正人
20260324,13,12,不明,17400,4,石井伸長,金子拓矢
20260324,16,4,不明,13050,6,赤坂俊輔,高橋真吾
20260324,18,7,不明,13260,3,川崎公靖,山崎祥
20260324,22,2,不明,21520,2,小野勇作,杉江浩明
20260324,22,11,不明,26170,2,山崎鉄平,瓜生正義
20260325,4,8,不明,55550,6,屋良龍紀,長谷川晴哉
20260325,4,10,不明,10520,5,佃來紀,藤森陸斗
20260325,5,9,不明,15820,5,内堀学,宇佐見淳
20260325,5,11,不明,25340,3,加藤翔馬,芝田浩治
20260325,7,3,不明,59730,4,前田滉,藤原啓史朗
20260325,7,5,不明,17050,4,白井英治,磯部誠
20260325,7,6,不明,32470,5,馬場貴也,小池修平
20260325,7,7,不明,26610,2,佐々木完太,常住蓮
20260325,7,8,不明,32450,4,末永和也,新田雄史
20260325,7,11,不明,14630,4,峰竜太,白井英治
20260325,7,12,不明,16950,2,松井繁,池田浩二
20260325,9,8,不明,11890,2,妻鳥晋也,赤峰和也
20260325,10,4,不明,12580,2,松瀬弘美,藤原早菜
20260325,12,2,不明,12800,5,坂口周,武田信一
20260325,12,8,不明,25990,3,楠将太郎,坂口周
20260325,15,1,不明,15480,4,原村拓也,中岡健人
20260325,15,3,不明,79760,2,佐藤世那,原田雄次
20260325,15,5,不明,18190,2,永田義紘,庄司孝輔
20260325,15,9,不明,51240,6,原田雄次,柴田朋哉
20260325,18,5,不明,56700,4,山崎聖司,山崎祥
20260325,18,10,不明,45810,4,山崎祥,前出達吉
20260325,22,3,不明,22970,5,坂井滉哉,福岡泉水
20260326,4,2,不明,10730,3,堀越雄貴,石渡翔一郎
20260326,4,12,不明,21160,5,廣瀬凜,田中駿兵
20260326,7,2,不明,11850,5,常住蓮,菅章哉
20260326,7,4,不明,22070,4,柳生泰二,中岡正彦
20260326,7,5,不明,28700,5,上田龍星,久田敏之
20260326,9,2,不明,13380,3,三品隆浩,牧原崇
20260326,9,4,不明,15560,5,高橋勲,滝川真由子
20260326,10,1,不明,18030,4,坂野さくら,宇野弥生
20260326,10,10,不明,11730,4,大瀧明日香,出口舞有子
20260326,12,12,不明,11150,5,折下寛法,繁野谷圭介
20260326,17,2,不明,49330,6,金子龍斗,渡邉睦広
20260326,17,6,不明,52370,4,飯田庄吾,寺嶋雄
20260326,17,9,不明,22030,2,松下誉士,大西賢
20260326,17,12,不明,10400,3,飯山泰,福来剛
20260326,19,1,不明,15230,6,中村辰也,小林孝弘
20260326,19,10,不明,131270,6,小川知行,野長瀬正孝
20260326,21,1,不明,53550,3,三宅健太,安河内鈴之介
20260326,21,4,不明,32170,3,是澤孝宏,山本寛久
20260326,21,5,不明,15000,4,小野寺智洋,大峯豊
20260326,21,10,不明,118420,5,荒川健太,前沢丈史
20260326,21,12,不明,25290,2,仲口博崇,齊藤仁
20260326,22,1,不明,13830,3,杉江浩明,三川昂暁
20260327,4,6,不明,40030,4,常盤海心,黒田剛
20260327,4,10,不明,17360,2,鈴木章司,森智哉
20260327,7,1,不明,18840,2,平本真之,権藤俊光
20260327,9,8,不明,12330,4,渡邊雄斗,清埜翔子
20260327,10,12,不明,106260,3,木村紗友希,安井瑞紀
20260327,12,3,不明,83040,4,山下流心,丸尾義孝
20260327,12,8,不明,30630,6,入海馨,伏田裕隆
20260327,13,1,不明,12470,5,渡邉真奈美,松浦勝
20260327,16,5,不明,15800,2,橋口真樹,津田陸翔
20260327,17,2,不明,18440,4,小林泰,飯田庄吾
20260327,19,1,不明,20640,4,笠雅雄,小川知行
20260327,19,2,不明,181840,6,星野太郎,花本剛
20260327,19,7,不明,19970,2,柘植政浩,笠雅雄
20260327,19,9,不明,35000,5,山本光雄,入澤友治
20260327,21,6,不明,28750,4,是澤孝宏,鈴木秀茉
20260327,21,12,不明,62830,5,百武翔,仲口博崇
20260327,22,7,不明,11050,2,小野勇作,平野和明
20260328,2,2,不明,43600,5,内山文典,渡辺崇
20260328,2,8,不明,15010,4,木場雄二郎,長谷川充
20260328,2,9,不明,23650,5,井手良太,丸岡正典
20260328,2,10,不明,61370,2,内山文典,鈴木勝博
20260328,4,1,不明,16220,2,小川竜太朗,岡崎凪汰
20260328,4,6,不明,24450,5,牧村俊輝,上野俊樹
20260328,5,3,不明,32680,5,齋藤達希,森竜也
20260328,7,8,不明,33180,6,藤原啓史朗,守田俊介
20260328,8,5,不明,14360,2,川原祐明,永田楽
20260328,8,7,不明,14280,3,赤池修平,菊地敬介
20260328,8,12,不明,13080,2,深川真二,河村了
20260328,9,4,不明,10990,3,都築正治,土屋太朗
20260328,9,8,不明,25840,5,孫崎百世,魚谷香織
20260328,10,5,不明,13620,4,大橋栄里佳,木村紗友希
20260328,13,12,不明,39580,4,石倉洋行,馬袋義則
20260328,17,12,不明,12340,4,田中辰彦,鶴本崇文
20260328,19,2,不明,15340,4,柳瀬興志,後藤正宗
20260328,19,5,不明,12770,5,山室展弘,柘植政浩
20260328,21,8,不明,16200,4,三宅健太,井上大輔
20260328,23,4,不明,40600,4,伊藤啓三,中村真
20260328,23,7,不明,25510,5,奈須啓太,佐藤大騎
20260328,23,8,不明,16240,4,服部剛,木村亮太
20260329,2,7,不明,39990,6,井手良太,栗原直也
20260329,4,6,不明,15780,5,小川竜太朗,鈴木章司
20260329,4,12,不明,37640,2,廣瀬凜,石本裕武
20260329,5,3,不明,12770,2,木山誠一,伊藤喜智
20260329,6,9,不明,40170,2,山川雄大,高濱芳久
20260329,7,10,不明,15790,4,久田敏之,白井英治
20260329,8,3,不明,30680,5,松江秀徳,鋤柄貴俊
20260329,8,7,不明,37510,2,川崎誠志,笠野友紀恵
20260329,8,8,不明,15300,2,神田達也,山本幸也
20260329,8,9,不明,13460,6,森永淳,芦澤望
20260329,9,4,不明,29200,2,都築正治,森定晃史
20260329,9,6,不明,10010,2,大塚浩二,本橋克洋
20260329,10,9,不明,40530,3,河内悠利杏,蜂須瑞生
20260329,16,4,不明,10990,4,徳増秀樹,岡本翔太郎
20260329,17,3,不明,25000,4,寺嶋雄,森貴洋
20260329,17,6,不明,25590,3,田村慶,岩橋裕馬
20260329,17,8,不明,20520,6,鈴木博,平瀬城啓
20260329,17,10,不明,85180,6,寺嶋雄,大澤風葵
20260329,21,1,不明,25930,5,三原司,濱本優一
20260329,21,3,不明,30630,5,松山将吾,百武翔
20260329,21,6,不明,20150,3,烏野賢太,奥平拓也
20260329,21,9,不明,36400,3,山本寛久,枝尾賢
20260329,23,2,不明,10560,4,小柳勝希,林美憲
20260329,23,8,不明,10930,5,鈴谷一平,梶山涼斗
20260329,24,11,不明,51080,3,後藤隼之,石川真二
20260329,24,12,不明,53140,2,松井友汰,安河内健
20260330,2,3,不明,22810,4,深山祐二,宮地秀祈
20260330,2,8,不明,11610,3,古賀繁輝,石原凪紗
20260330,2,10,不明,13260,4,石原光,村松修二
20260330,4,7,不明,34210,2,坂本一真,鈴木唯央
20260330,6,7,不明,15850,6,岡村慶太,上野秀和
20260330,8,7,不明,11670,2,佐口達也,山口修路
20260330,8,10,不明,15770,5,外崎悟,中尾優香
20260330,13,8,不明,10250,4,近藤颯斗,守屋美穂
20260330,13,11,不明,18100,3,上村純一,松下一也
20260330,15,6,不明,10840,2,井川大作,津久井拓也
20260330,15,11,不明,17910,2,関野文,宮下元胤
20260330,17,3,不明,12280,4,渡邉睦広,寺嶋雄
20260330,17,7,不明,53670,6,前田聖文,滝沢芳行
20260330,18,3,不明,35420,2,中嶋誠一郎,西野翔太
20260330,18,5,不明,27300,3,服部達哉,上村慎太郎
20260330,19,1,不明,27590,5,草場康幸,向所浩二
20260330,19,3,不明,21460,4,向井田真紀,登みひ果
20260330,19,8,不明,33650,3,花本剛,大澤普司
20260330,23,5,不明,15690,5,藤井公人,小池公生
20260331,2,7,不明,26960,4,渡辺崇,前田紗希
20260331,2,11,不明,95290,6,寺島吉彦,青木蓮
20260331,5,5,不明,15820,3,生方靖亜,大場敏
20260331,5,9,不明,14440,2,木山誠一,萬正嗣
20260331,5,10,不明,46560,2,藤岡俊介,中島秀治
20260331,6,6,不明,12550,3,岡村慶太,高野心吾
20260331,8,2,不明,10380,3,濱野斗馬,後藤孝義
20260331,8,11,不明,16140,2,河野大,川原祐明
20260331,13,2,不明,12300,4,古川健,石川諒
20260331,13,9,不明,34400,2,岸本雄貴,山田理央
20260331,13,11,不明,29840,4,武田光史,守屋美穂
20260331,15,1,不明,14500,3,中野和裕,原村拓也
20260331,15,3,不明,10230,3,高倉和士,杉山勝匡
20260331,15,5,不明,26390,4,藤田竜弘,島田一生
20260331,15,12,不明,10640,3,深井利寿,永井彪也
20260331,16,5,不明,15390,3,末永由楽,四宮与寛
20260331,16,11,不明,14500,3,和田拓也,川尻泰輔
20260331,17,6,不明,44110,4,大西賢,前田聖文
20260331,17,9,不明,12990,3,渡邉睦広,豊田泰洋
20260331,17,10,不明,11320,3,倉尾大介,鈴木智啓
20260331,18,2,不明,70330,3,渡邉英児,赤坂俊輔
20260331,19,3,不明,25570,6,大澤普司,星野太郎
20260331,19,7,不明,20350,4,笠雅雄,天野友和
20260331,19,9,不明,12260,4,入澤友治,小坂宗司
20260331,21,7,不明,32910,2,西丸敦基,河合三弘
20260331,23,9,不明,18210,3,村田修次,藤井公人
20260331,24,2,不明,35730,6,川上聡介,山崎善庸
20260331,24,7,不明,12650,2,藤田浩人,石川真二
20260401,1,9,不明,13230,5,和田操拓,間嶋仁志
20260401,2,2,不明,18750,6,小芦るり華,森作雄大
20260401,2,4,不明,17340,2,石原光,鈴木勝博
20260401,2,5,不明,50940,4,小倉康典,井手良太
20260401,2,8,不明,10990,4,中村有裕,古賀智之
20260401,2,9,不明,11480,4,鈴木勝博,三角哲男
20260401,2,10,不明,40370,4,飯島誠,小芦るり華
20260401,8,8,不明,46940,4,山本幸也,松尾祭
20260401,15,2,不明,10270,3,小林京平,平岡重典
20260401,15,9,不明,159010,6,杉山勝匡,松本博昭
20260401,18,8,不明,24180,4,一瀬明,増田進
20260401,18,10,不明,11970,4,池田剛規,服部達哉
20260401,22,11,不明,11690,3,山下夏鈴,若狭奈美子
20260401,22,12,不明,16280,3,竹井奈美,川野芽唯
20260401,24,4,不明,11540,2,溝口海義也,蒲原健太
20260402,1,3,不明,20460,2,笠置博之,大塚康雅
20260402,1,6,不明,62200,3,井田涼介,前田篤哉
20260402,1,12,不明,11340,2,平石和男,若林将
20260402,2,8,不明,13760,4,古賀智之,丸岡正典
20260402,6,3,不明,113730,2,木村浩士,谷本幸司
20260402,9,1,不明,11510,4,松田大志郎,高田ひかる
20260402,9,4,不明,25840,5,菊地孝平,塩田北斗
20260402,9,8,不明,23450,3,木下翔太,竹田和哉
20260402,15,3,不明,22990,5,藤田竜弘,中野和裕
20260402,15,7,不明,19700,5,深井利寿,関野文
20260402,15,9,不明,21290,5,井川大作,竹田吉行
20260402,15,11,不明,96380,2,松本博昭,松田祐季
20260402,18,9,不明,23670,4,盛本真輔,大神康司
20260402,22,10,不明,11550,4,竹井奈美,松尾夏海
20260402,23,2,不明,15570,5,木村亮太,小池公生
20260402,23,6,不明,10610,2,木村亮太,伊藤啓三
20260402,23,7,不明,10670,5,鳥居塚孝博,酒見峻介
20260402,23,9,不明,13940,4,中島友和,森口和紀
20260402,24,2,不明,12910,2,半田尚也,山地正樹
20260402,24,6,不明,13800,4,上之晃弘,石川真二
20260402,24,12,不明,18870,3,篠原晟弥,西舘健
20260403,1,7,不明,22280,5,花田和明,黒柳浩孝
20260403,1,11,不明,13290,3,中亮太,金田諭
20260403,4,1,不明,37100,5,田代達也,高山智至
20260403,4,8,不明,13560,6,福田翔吾,相原利章
20260403,6,1,不明,23220,3,酒井陽祐,幸田智裕
20260403,6,3,不明,44630,4,佐藤駿介,木村浩士
20260403,6,6,不明,11930,3,村上彰一,山川雄大
20260403,6,8,不明,44910,3,高野心吾,林恵祐
20260403,9,7,不明,197260,6,磯部誠,西村拓也
20260403,12,1,不明,12930,3,中野次郎,松村敏
20260403,12,4,不明,12070,5,平本真之,白神優
20260403,12,8,不明,17220,4,井上忠政,寺田祥
20260403,15,3,不明,25190,6,永井彪也,樋口亮
20260403,17,1,不明,19620,4,福嶋智之,福田宗平
20260403,17,5,不明,150310,5,土屋南,今井美亜
20260403,17,7,不明,12730,4,赤井睦,村岡賢
20260403,17,9,不明,32030,6,堀之内紀代子,大場広孝
20260403,21,1,不明,14260,4,笠雅雄,永嶋裕一
20260403,21,3,不明,10260,5,三宅潤,中里英夫
20260403,21,10,不明,30350,6,上原崚,石塚久也
20260403,21,11,不明,12380,3,坂口周,君島秀三
20260403,22,8,不明,10080,5,高憧四季,南彩寧
20260404,1,10,不明,177670,5,山下和彦,江口晃生
20260404,4,3,不明,17860,4,妹尾忠幸,森下勇
20260404,4,5,不明,41750,3,高山智至,里岡右貴
20260404,4,11,不明,44560,3,古川誠之,吉川喜継
20260404,9,2,不明,20930,3,竹田和哉,松井洪弥
20260404,9,3,不明,10290,5,松田大志郎,入海馨
20260404,9,4,不明,18340,2,瓜生正義,木下翔太
20260404,9,6,不明,26410,5,秋元哲,杉山正樹
20260404,9,8,不明,24130,2,菊地孝平,山田祐也
20260404,12,1,不明,19530,2,中田竜太,石本裕武
20260404,12,3,不明,15300,3,砂長知輝,谷野錬志
20260404,15,2,不明,18130,6,前野竜一,井川大作
20260404,15,9,不明,17050,6,西岡蒼志,前野竜一
20260404,16,2,不明,11560,4,香月大介,福田理
20260404,16,5,不明,26770,4,古田祐貴,小池哲也
20260404,16,8,不明,15530,4,村上功祐,谷川将太
20260404,16,12,不明,13370,2,仲口博崇,守屋美穂
20260404,17,2,不明,44880,6,佐々木完太,杉山貴博
20260404,17,7,不明,41840,2,高橋淳美,東潤樹
20260404,21,2,不明,30280,4,石渡鉄兵,丸尾義孝
20260404,22,5,不明,17080,3,喜多那由夏,内山七海
20260405,1,4,不明,10910,3,田頭実,笠置博之
20260405,1,5,不明,81050,5,野村誠,金田諭
20260405,2,3,不明,11930,3,梅木敬太,花田凱成
20260405,2,11,不明,36680,5,中村裕将,吉田凌太朗
20260405,7,11,不明,87670,2,大久保佑香,刑部亜里紗
20260405,9,4,不明,13450,2,柳生泰二,尾嶋一広
20260405,9,12,不明,16610,4,秋元哲,末永和也
20260405,10,5,不明,13940,6,大澤普司,柳内敬太
20260405,10,11,不明,19790,6,加倉侑征,室田泰史
20260405,16,12,不明,15450,2,大峯豊,仲口博崇
20260405,17,12,不明,138200,5,坂元浩仁,佐々木完太
20260405,18,7,不明,33280,2,渥美卓郎,大井清貴
20260405,18,8,不明,11080,5,服部達哉,桐本康臣
20260405,18,11,不明,26520,4,原加央理,中嶋誠一郎
20260405,21,1,不明,10450,3,中本大樹,向井美鈴
20260405,21,4,不明,91950,5,笠雅雄,北村征嗣
20260405,21,5,不明,11890,2,鹿島敏弘,中辻崇人
20260405,21,10,不明,10770,4,山口裕二,川島圭司
20260405,21,12,不明,10420,2,鈴木裕隆,渡邉優美
20260405,22,5,不明,10610,2,間庭菜摘,大山千広
20260406,1,1,不明,14080,2,平見真彦,崎利仁
20260406,1,2,不明,13740,5,中田友也,井田涼介
20260406,1,4,不明,22430,4,金田諭,野村誠
20260406,1,5,不明,14380,5,高橋英之,大塚康雅
20260406,2,4,不明,63810,6,白水勝也,野相弘司
20260406,4,4,不明,10650,2,上條嘉嗣,田代達也
20260406,4,10,不明,66690,2,川上清人,藤山雅弘
20260406,7,6,不明,15610,6,齊藤仁,薮内瑞希
20260406,9,11,不明,67770,5,豊田健士郎,秋元哲
20260406,10,10,不明,96250,5,秋山広一,石塚裕介
20260406,12,6,不明,14410,4,佐藤翼,渡邉和将
20260406,16,4,不明,14710,2,谷川将太,屋良龍紀
20260406,16,6,不明,259060,5,大西隆洋,深川麻奈美
20260406,16,11,不明,18520,4,浜野孝志,濱崎直矢
20260406,17,9,不明,10110,2,杉山貴博,中島浩哉
20260406,22,7,不明,14840,4,三嶌さらら,山川美由紀
20260407,2,5,不明,16730,2,栗原一馬,内堀学
20260407,2,12,不明,22090,4,池田雄一,作間章
20260407,4,1,不明,18360,2,高山智至,古川誠之
20260407,4,4,不明,58700,2,倉富大誠,後藤翔之
20260407,4,8,不明,21880,4,田代達也,大瀧明日香
20260407,7,6,不明,11560,4,畑和宏,西川真人
20260407,7,9,不明,13590,6,佐藤大介,石川吉鎬
20260407,7,12,不明,10360,2,松山将吾,齊藤仁
20260407,8,1,不明,22920,6,大江純,松崎祐太郎
20260407,8,3,不明,14860,3,三川昂暁,水口由紀
20260407,8,6,不明,15910,3,佐藤永梧,中越博紀
20260407,9,12,不明,39780,4,宮地元輝,新田雄史
20260407,12,7,不明,101130,2,池永太,小池修平
20260407,12,12,不明,19080,2,木村仁紀,石野貴之
20260407,16,5,不明,20000,5,仲口博崇,森作広大
20260407,16,8,不明,102780,6,西村勝,宇佐見淳
20260407,16,12,不明,27740,2,山一鉄也,守屋美穂
20260407,17,2,不明,15620,3,荒木颯斗,高橋淳美
20260407,17,10,不明,38570,6,佐々木完太,上原健次郎
20260407,21,1,不明,11270,4,中本大樹,向井美鈴
20260407,21,3,不明,14430,5,永嶋裕一,鈴木裕隆
20260407,21,5,不明,33630,2,加藤優弥,石原翼
20260407,21,12,不明,180640,6,富永夏哉人,中辻崇人
20260407,24,5,不明,21890,6,渡邊伸太郎,東健介
20260407,24,11,不明,14890,2,正木聖賢,三浦敬太
20260408,2,4,不明,25500,2,江藤敦宏,梅木敬太
20260408,2,9,不明,38080,2,作間章,高橋勲
20260408,2,12,不明,11290,2,大野芳顕,武田光史
20260408,4,3,不明,21300,3,小川日紀太,金子良昭
20260408,4,10,不明,17290,3,永井源,山崎義明
20260408,7,7,不明,11330,4,末永祐輝,藤田靖弘
20260408,8,1,不明,10770,3,木田峰由季,岡村仁
20260408,8,2,不明,26570,5,渡邉睦広,坂野さくら
20260408,8,4,不明,21360,4,國分将太郎,三川昂暁
20260408,8,10,不明,31030,3,國分将太郎,角谷健吾
20260408,8,11,不明,22890,5,坂野さくら,松瀬弘美
20260408,10,8,不明,19300,3,石塚裕介,鈴木秀茉
20260408,10,12,不明,11340,5,土山卓也,山本寛久
20260408,12,4,不明,26220,5,松尾充,田中信一郎
20260408,16,7,不明,20110,4,北村寧々,小原聡将
20260408,16,10,不明,112320,4,古田祐貴,大峯豊
20260408,16,12,不明,16210,2,守屋美穂,吉村誠
20260408,23,1,不明,10650,3,福山恵里奈,魚谷香織
20260408,23,4,不明,14200,4,西岡育未,谷川里江
20260408,24,1,不明,34040,4,東健介,山本浩輔
20260408,24,4,不明,20210,4,渡邊伸太郎,宮迫暢彦
20260408,24,8,不明,132000,4,松尾光広,土井歩夢
20260409,2,12,不明,14000,3,高橋勲,武田光史
20260409,6,2,不明,255000,6,安藤瑠希,石田勇斗
20260409,6,6,不明,12050,3,瀬川大地,若林麗
20260409,7,6,不明,11770,6,服部幸男,上田健太
20260409,7,9,不明,24010,3,桑島和宏,渋谷明憲
20260409,8,7,不明,27930,5,伊藤誠二,飯山泰
20260409,10,7,不明,14270,6,田中和也,伏田裕隆
20260409,10,10,不明,15970,3,磯村匠,渡邊雄一郎
20260409,10,11,不明,84540,6,西川新太郎,田中和也
20260409,11,1,不明,164980,4,廣瀬篤哉,吉田和仁
20260409,11,2,不明,31940,3,大場敏,末永由楽
20260409,15,3,不明,18510,4,小野寺智洋,成貞琳平
20260409,15,5,不明,24740,4,乙津康志,小野桜
20260409,24,2,不明,10080,2,伏島祐介,長谷川親王
20260409,24,3,不明,16830,4,尾崎雄二,加木郁
20260409,24,8,不明,19000,6,前沢丈史,鈴木智啓
20260409,24,12,不明,12790,4,大賀龍之介,中澤和志
20260410,2,3,不明,14740,3,本田愛,木下雄介
20260410,2,9,不明,51230,5,木下雄介,池田雄一
20260410,2,11,不明,12540,2,土屋千明,平田さやか
20260410,7,5,不明,39840,5,上田健太,桑島和宏
20260410,7,8,不明,15860,5,柴田百恵,本橋克洋
20260410,8,7,不明,139340,6,中岡健人,大谷直弘
20260410,8,8,不明,11460,4,鈴木猛,秋末秦悟
20260410,8,10,不明,107260,5,川北浩貴,飯山泰
20260410,10,6,不明,22140,3,阪本勇介,秋山広一
20260410,11,2,不明,14640,4,渡邉俊介,藤井徹
20260410,11,12,不明,10960,2,武井莉里佳,長尾章平
20260410,15,2,不明,15670,5,古賀智之,須藤隆雄
20260410,15,6,不明,85490,2,松下誉士,武重雄介
20260410,17,6,不明,16540,2,小野京平,渡辺千草
20260410,23,5,不明,40330,4,喜多須杏奈,角ひとみ
20260410,24,6,不明,12650,5,田中豪,小川広大
20260410,24,10,不明,49440,5,重成一人,森永隆
20260411,6,6,不明,10390,3,藤森陸斗,大澤風葵
20260411,6,9,不明,345080,6,杉山太陽,島川海輝
20260411,6,11,不明,21900,2,廣瀬凜,大場恒季
20260411,7,4,不明,13970,5,服部幸男,薮内瑞希
20260411,7,8,不明,26960,4,畑和宏,刑部亜里紗
20260411,7,12,不明,33580,2,竹井貴史,野口勝弘
20260411,11,2,不明,11630,4,一色颯輝,藤森拓海
20260411,14,5,不明,46330,5,吉田慎二郎,加藤翔
20260411,14,6,不明,13310,3,渡邉翼,前川守嗣
20260411,15,2,不明,18330,5,河野真也,中澤宏奈
20260411,15,7,不明,15990,3,奥村明日香,川井萌
20260411,15,12,不明,28520,5,加藤政彦,市橋卓士
20260411,17,2,不明,14650,5,大平誉史明,丹下将
20260411,17,3,不明,12890,4,山室展弘,中北涼
20260411,23,3,不明,27930,6,中谷朋子,喜井つかさ
20260411,23,6,不明,12110,2,関野文,田中博子
20260411,23,9,不明,24110,5,池田浩美,大廣咲季
20260412,1,1,不明,55430,2,岩瀬裕亮,山崎郡
20260412,1,3,不明,14190,3,原田幸哉,池永太
20260412,1,4,不明,19270,3,土屋智則,今泉友吾
20260412,1,6,不明,14820,2,石野貴之,金子賢志
20260412,4,9,不明,27570,3,鳥居塚孝博,津田裕絵
20260412,4,10,不明,23460,3,三浦洋次朗,原豊土
20260412,11,3,不明,13430,3,安井瑞紀,天野友和
20260412,11,10,不明,28380,3,山本英志,長尾章平
20260412,14,2,不明,21950,6,西島義則,吉島祥之
20260412,14,3,不明,48050,2,大塚雅治,横田貴満
20260412,14,8,不明,21040,5,奈須啓太,山谷央
20260412,15,1,不明,14250,4,吉永泰弘,間庭菜摘
20260412,17,6,不明,26990,2,湯淺紀香,川崎智稔
20260412,22,2,不明,33000,2,新開航,片岡雅裕
20260412,22,3,不明,22010,2,新田泰章,長田頼宗
20260412,23,6,不明,49180,5,中尾優香,安達美帆
20260413,1,1,不明,13160,3,太田和美,藤原碧生
20260413,1,2,不明,18890,2,古結宏,大峯豊
20260413,1,4,不明,74790,6,馬場貴也,古賀繁輝
20260413,1,5,不明,29930,4,金子賢志,吉田裕平
20260413,1,9,不明,10510,4,藤原碧生,久田敏之
20260413,3,1,不明,41350,5,金子怜央,堀越雄貴
20260413,4,4,不明,20920,2,三浦洋次朗,中野仁照
20260413,4,7,不明,58520,5,岡本翔太郎,前原哉
20260413,6,1,不明,28040,3,佐藤右京,石井伸長
20260413,6,11,不明,25030,6,佐藤航,宮脇遼太
20260413,6,12,不明,15910,2,中野希一,廣瀬凜
20260413,14,2,不明,16290,3,谷本幸司,北中元樹
20260413,15,9,不明,24820,3,渡部悟,深川真二
20260413,15,12,不明,11970,4,谷口丞,入澤友治
20260413,16,3,不明,23640,3,今村暢孝,市川健太
20260413,16,8,不明,43540,4,新田芳美,鳥飼眞
20260413,16,12,不明,17330,3,杉山正樹,平尾崇典
20260413,17,8,不明,12150,5,荒井輝年,鈴谷一平
20260413,17,10,不明,10650,5,石川真二,早川尚人
20260413,22,1,不明,11950,4,黒野元基,松田大志郎
20260413,22,8,不明,32390,3,山田祐也,井口佳典
20260413,22,9,不明,18120,3,西山貴浩,丸野一樹
20260413,23,2,不明,56340,5,藤田美代,角ひとみ
20260413,23,7,不明,15380,6,片岡恵里,中谷朋子
20260413,23,9,不明,26940,4,冨名腰桃奈,樋口由加里
20260413,23,12,不明,38640,5,宇野弥生,田口節子
20260414,2,2,不明,13850,2,永井源,折下寛法
20260414,2,8,不明,11020,3,上條嘉嗣,前出達吉
20260414,3,2,不明,14390,3,小坂尚哉,川合理司
20260414,3,5,不明,37700,3,堀越雄貴,田川大貴
20260414,3,10,不明,24420,3,小川竜太朗,小坂尚哉
20260414,4,6,不明,10380,5,鳥居塚孝博,安部慎一
20260414,4,7,不明,17800,3,楠原翔太,小林泰
20260414,10,2,不明,336710,6,富田恕生,前田篤哉
20260414,10,8,不明,17350,6,高橋正男,中北将史
20260414,14,2,不明,10850,3,吉島祥之,後藤隼之
20260414,15,6,不明,31850,6,深川真二,大須賀友
20260414,16,1,不明,14630,4,佐竹友樹,三木晴斗
20260414,22,11,不明,46020,4,山田祐也,磯部誠
20260415,9,9,不明,16760,5,長尾萌加,大豆生田蒼
20260415,10,1,不明,53200,2,東口晃,川崎智幸
20260415,10,3,不明,10100,2,桂林寛,高橋正男
20260415,10,5,不明,16540,4,平石和男,桐本康臣
20260415,10,10,不明,84110,5,深川麻奈美,前田健太郎
20260415,10,11,不明,100850,6,三宅健太,後藤浩
20260415,14,3,不明,159280,5,松下知幸,松本一毅
20260415,14,4,不明,12740,3,網代良芽,村越篤
20260415,14,6,不明,21690,5,渡邉翼,谷本幸司
20260415,15,1,不明,30370,3,本吉正樹,中澤宏奈
20260415,15,2,不明,18800,5,杉山喜一,小野桜
20260415,17,2,不明,47400,3,泉具巳,三浦永理
20260415,17,3,不明,33510,2,早川尚人,中島秀治
20260415,20,4,不明,25350,2,島田賢人,間野兼礼
20260415,20,7,不明,68540,2,橋本英一,松本博昭
20260415,22,5,不明,10740,3,西橋奈未,松井洪弥
20260415,22,6,不明,23360,4,菊地孝平,松本純平
20260416,1,11,不明,83860,4,白神優,石野貴之
20260416,2,2,不明,12670,3,小坂宗司,乃村康友
20260416,2,7,不明,15890,2,折下寛法,稲田浩二
20260416,2,11,不明,18760,3,岩崎正哉,永井源
20260416,8,1,不明,72420,6,塚田修二,高田明
20260416,8,11,不明,15100,3,永田楽,岩崎芳美
20260416,10,3,不明,14120,5,桂林寛,前野竜一
20260416,10,7,不明,17980,3,山本兼士,樅山拓馬
20260416,12,2,不明,11690,4,山崎裕司,齊藤優
20260416,14,1,不明,24910,5,前川守嗣,渡邉翼
20260416,14,12,不明,48280,2,吉田慎二郎,上平真二
20260416,16,3,不明,17150,6,萩原秀人,川上剛
20260416,16,4,不明,18140,3,北村征嗣,松本怜
20260416,16,5,不明,11820,3,真庭明志,山地正樹
20260416,20,2,不明,13330,3,赤澤文香,橋本英一
20260416,21,2,不明,22840,6,櫻井優,井内将太郎
20260416,21,11,不明,14580,3,柴田朋哉,角谷健吾
20260416,22,1,不明,41570,4,新田泰章,菊地孝平
20260416,22,3,不明,49340,5,今垣光太郎,木下翔太
20260417,1,2,不明,10650,5,山田哲也,大澤普司
20260417,1,4,不明,26780,4,定松勇樹,渡辺浩司
20260417,1,5,不明,13150,3,谷野錬志,太田和美
20260417,1,7,不明,12260,3,関浩哉,渡邉和将
20260417,1,11,不明,12520,4,池永太,馬場貴也
20260417,2,2,不明,12870,2,吉村正明,吉田翔悟
20260417,2,6,不明,17260,3,秋元哲,庄司孝輔
20260417,8,8,不明,12100,6,里岡右貴,塚田修二
20260417,9,2,不明,103640,3,植竹玲奈,鈴木祐美子
20260417,9,10,不明,18100,5,戸敷晃美,永井聖美
20260417,10,4,不明,16970,5,桂林寛,土屋実沙希
20260417,10,8,不明,19920,3,後藤浩,米玉利大悟
20260417,10,11,不明,13160,2,島川光男,桂林寛
20260417,12,3,不明,15930,3,大江純,佐口達也
20260417,13,3,不明,84150,5,渡邊雄斗,岩永節也
20260417,13,11,不明,19230,5,谷川祐一,佐藤大介
20260417,21,9,不明,29490,6,安河内将,柴田朋哉
20260417,21,12,不明,84610,3,古川誠之,馬袋義則
20260417,23,8,不明,66780,2,永田啓二,数原魁
20260418,3,2,不明,17640,2,坪井爽佑,武田正紀
20260418,3,5,不明,11120,4,小野達哉,幸田智裕
20260418,3,9,不明,12100,4,石渡翔一郎,高橋英之
20260418,3,11,不明,75230,6,松田淳平,佐藤大佑
20260418,3,12,不明,41310,4,船岡洋一郎,島村隆幸
20260418,5,1,不明,10210,3,花田和明,阿波勝哉
20260418,8,6,不明,111180,2,千葉真弥,平田さやか
20260418,8,11,不明,35890,3,岩下巧斗,畔柳俊吾
20260418,9,7,不明,10450,2,鈴木祐美子,若狭奈美子
20260418,10,4,不明,25050,2,柳瀬興志,赤坂俊輔
20260418,10,9,不明,40510,5,樋口亮,平石和男
20260418,13,10,不明,10090,5,権藤俊光,松井賢治
20260418,20,2,不明,87650,2,北川幸典,片橋幸貴
20260418,20,7,不明,14710,2,久富政弘,大神康司
20260418,23,11,不明,103500,2,浜本裕己,藤田靖弘
20260419,2,6,不明,33860,3,折下寛法,柳瀬幹太
20260419,2,11,不明,64840,5,堤昇,西野翔太
20260419,5,9,不明,47900,3,飯島誠,鈴木猛
20260419,6,9,不明,47350,6,森永隆,長谷川充
20260419,6,11,不明,17720,6,横川聖志,野口勝弘
20260419,7,8,不明,13840,2,山下昂大,内堀学
20260419,8,4,不明,28660,5,高田明,佐藤大騎
20260419,8,10,不明,28350,3,千葉真弥,須藤博倫
20260419,8,11,不明,10850,2,品田直樹,高田明
20260419,9,11,不明,57310,4,大瀧明日香,戸敷晃美
20260419,10,5,不明,92120,4,前田健太郎,後藤浩
20260419,10,8,不明,52710,6,土屋実沙希,深川麻奈美
20260419,12,4,不明,27740,4,高橋勲,冨田秀幸
20260419,12,5,不明,25360,2,澤崎雄哉,馬野耀
20260419,12,6,不明,17170,2,多羅尾達之,栗山繁洋
20260419,12,7,不明,34620,5,吉田彩乃,大西賢
20260419,12,9,不明,10610,4,中田元泰,北村寧々
20260419,13,6,不明,40980,3,齋藤達希,杉村賢也
20260419,13,12,不明,28420,4,谷川祐一,吉田凌太朗
20260419,15,4,不明,41530,6,水谷理人,桑原啓
20260419,15,7,不明,21030,5,大池佑来,春園功太
20260419,21,1,不明,12950,2,日笠勝弘,石田章央
20260419,24,9,不明,16010,3,鐘ヶ江真司,篠原飛翔
20260420,5,3,不明,17190,3,阿波勝哉,橋口真樹
20260420,5,7,不明,12560,2,松山将吾,飯島誠
20260420,6,3,不明,27220,3,藤田竜弘,井上未都
20260420,6,10,不明,23660,5,笠雅雄,山ノ内雅人
20260420,7,4,不明,18680,2,樋口範政,本田愛
20260420,8,4,不明,10580,3,岩下巧斗,塚田修二
20260420,8,5,不明,13770,4,関裕也,南佑典
20260420,8,10,不明,26590,4,岩下巧斗,里岡右貴
20260420,9,4,不明,17530,2,笠野友紀恵,豊田結
20260420,9,11,不明,32780,4,倉持莉々,香川素子
20260420,9,12,不明,29460,3,大瀧明日香,高憧四季
20260420,12,6,不明,12720,2,伊藤啓三,井芹大志
20260420,12,9,不明,28250,4,冨田秀幸,新出浩司
20260420,12,10,不明,27090,4,澤崎雄哉,馬野耀
20260420,13,1,不明,41960,6,山下拓巳,八木治樹
20260420,18,6,不明,15880,2,柘植政浩,國弘翔平
20260420,18,9,不明,50560,5,小川日紀太,正木聖賢
20260420,18,12,不明,38140,4,新開航,上野真之介
20260420,21,10,不明,24170,2,桑原悠,澤田尚也
20260420,21,11,不明,22020,4,宮本夏樹,安河内将
20260420,23,8,不明,16370,6,数原魁,木場雄二郎
20260421,1,6,不明,11350,5,梶山涼斗,鶴本崇文
20260421,1,10,不明,31800,5,木場悠介,黄金井力良
20260421,6,2,不明,38410,5,石川諒,荒牧凪沙
20260421,6,3,不明,31770,6,野村誠,香月大輝
20260421,6,4,不明,23610,2,川島拓郎,田中和也
20260421,6,9,不明,12400,5,大橋純一郎,石川吉鎬
20260421,7,9,不明,21630,3,深川和仁,中川りな
20260421,7,12,不明,28680,5,吉田一郎,松村敏
20260421,8,1,不明,15970,3,齋藤真之,畔柳俊吾
20260421,8,2,不明,39010,6,鈴木峻佑,竹田広樹
20260421,8,4,不明,12420,4,磯村匠,渡辺崇
20260421,8,5,不明,13720,2,塚田修二,中村辰也
20260421,8,6,不明,15610,5,竹田広樹,山本修一
20260421,11,5,不明,34460,5,石田勇斗,川上聡介
20260421,11,10,不明,112760,5,金子良昭,江本真治
20260421,15,5,不明,64660,3,桑原啓,永井亮次
20260421,17,6,不明,11730,2,石倉洋行,清水敦揮
20260421,17,8,不明,71320,4,古結宏,松井繁
20260421,18,6,不明,78010,5,浅見宗孝,加木郁
20260421,22,9,不明,107140,6,大上卓人,藤本佳史
20260421,24,10,不明,12030,5,登玉隼百,竹間隆晟
20260422,1,2,不明,22710,5,柏野幸二,山崎昂介
20260422,1,5,不明,15870,3,黄金井力良,大場広孝
20260422,1,7,不明,26590,5,品川賢次,柏野幸二
20260422,1,9,不明,11570,4,山地正樹,都築正治
20260422,5,1,不明,16630,3,小川知行,森弘行
20260422,5,4,不明,12570,4,阿波勝哉,高山秀雄
20260422,5,5,不明,10920,3,川尻泰輔,伯母芳恒
20260422,5,7,不明,30560,5,服部剛,酒井俊弘
20260422,5,9,不明,13070,2,平野和明,森貴洋
20260422,6,9,不明,15980,5,石川吉鎬,川原正明
20260422,11,1,不明,30180,5,奥田誠,金子良昭
20260422,11,2,不明,12050,3,畑竜生,山本幸也
20260422,11,11,不明,39840,4,金子良昭,下寺秀和
20260422,13,1,不明,19740,2,木村浩士,町田洸希
20260422,13,8,不明,126470,5,高山智至,泥谷一毅
20260422,14,3,不明,21510,4,松田竜馬,岡瀬正人
20260422,14,10,不明,19050,4,小林甘寧,黒柳浩孝
20260422,15,6,不明,61850,4,大石真央,水摩敦
20260422,15,7,不明,88170,3,川崎智稔,森定晃史
20260422,17,3,不明,27840,3,瓜生正義,君島秀三
20260422,18,5,不明,12640,6,正木聖賢,堂原洋史
20260422,22,2,不明,13390,4,孫崎百世,小林愛実
20260422,24,3,不明,11120,5,津田陸翔,長谷川晴哉
20260422,24,6,不明,35110,5,飛田江己,鰐部太空海
20260423,5,1,不明,22600,5,寺本昇平,内山峻輔
20260423,5,2,不明,13370,3,橋口真樹,杉江浩明
20260423,5,4,不明,11590,2,汐崎正則,飯島誠
20260423,5,10,不明,38850,2,高倉孝太,相原利章
20260423,5,12,不明,10760,2,高野哲史,松山将吾
20260423,12,5,不明,38130,6,三好勇人,高橋正男
20260423,16,1,不明,51620,4,三宅健太,河野大
20260423,16,2,不明,13600,4,森安弘雅,浜崎準也
20260423,16,3,不明,12680,6,石橋道友,山田和佐
20260423,16,9,不明,24580,4,尾崎雄二,渡邉俊介
20260423,16,10,不明,51570,5,渡部悟,前出達吉
20260423,17,5,不明,13780,3,濱野谷憲吾,重成一人
20260423,18,2,不明,15040,3,野相弘司,田中辰彦
20260423,18,8,不明,37180,5,金子貴志,長谷川暖
20260423,22,11,不明,17190,2,安達裕樹,原田篤志
20260423,24,9,不明,11610,5,大原祥昌,仲本舜
20260424,1,2,不明,10560,6,塩田北斗,一色凌雅
20260424,7,1,不明,24350,5,樋口範政,大谷直弘
20260424,7,4,不明,21850,4,西尾亮輔,加藤翔
20260424,7,6,不明,45440,2,佐藤世那,平川香織
20260424,7,9,不明,10370,5,黒井達矢,宮下元胤
20260424,8,3,不明,10390,5,野中一平,福田翔吾
20260424,9,2,不明,55170,5,小倉康典,安田吉宏
20260424,9,11,不明,61730,2,松田淳平,川崎智幸
20260424,12,11,不明,10310,4,山口真喜子,深川麻奈美
20260424,12,12,不明,96760,5,村松修二,河村了
20260424,14,3,不明,11880,3,松本博昭,森下勇
20260424,14,9,不明,18960,2,星野政彦,池上隆行
20260424,16,4,不明,19110,4,岩津徹郎,清水紀克
20260424,16,5,不明,14630,5,鈴谷一平,吉永泰弘
20260424,17,4,不明,12360,5,瓜生正義,守田俊介
20260424,17,6,不明,29730,4,松井繁,森高一真
20260424,18,9,不明,25320,2,金子貴志,富永大一
20260424,18,10,不明,35550,3,柴田直哉,鳥居塚孝博
20260424,18,11,不明,17250,2,坂本雄紀,植田太一
20260424,20,1,不明,21860,4,冨名腰桃奈,藤田美代
20260424,22,4,不明,37890,2,大場敏,新田洋一
20260424,23,1,不明,11220,3,大庭元明,田川大貴
20260424,23,3,不明,17810,4,榎幸司,中辻博訓
20260424,23,7,不明,101240,6,三木晴斗,中村栄治
20260424,23,8,不明,18030,2,東潤樹,村岡賢
20260425,6,1,不明,49130,2,河合三弘,山口晃朋
20260425,7,1,不明,14110,4,天野誠,西尾亮輔
20260425,7,4,不明,31990,2,黒井達矢,木下陽介
20260425,7,7,不明,35260,4,島田賢人,金子拓矢
20260425,7,10,不明,16230,3,金田幸子,前田将太
20260425,7,11,不明,11900,5,戸敷晃美,稲田浩二
20260425,8,4,不明,10630,5,河合佑樹,齋藤和政
20260425,8,8,不明,24940,2,籾山佳岳,熊本英一
20260425,9,4,不明,14820,2,加藤高史,崎利仁
20260425,12,2,不明,31340,2,久永祥平,小池礼乃
20260425,12,3,不明,12570,5,三好勇人,立間充宏
20260425,12,12,不明,186060,2,岡部大輝,永井源
20260425,13,2,不明,17090,3,明石正之,山下夏鈴
20260425,13,11,不明,52510,4,丸尾義孝,桑原悠
20260425,14,2,不明,11790,3,上瀧絢也,大谷健太
20260425,14,9,不明,10670,5,金子猛志,松井貫太
20260425,14,12,不明,33210,5,廣瀬将亨,木村仁紀
20260425,15,2,不明,13620,5,木谷賢太,長谷川親王
20260425,15,4,不明,22780,6,中村晃朋,門田栞
20260425,15,6,不明,22630,4,西原明生,中越博紀
20260425,16,7,不明,15820,2,吉永泰弘,星栄爾
20260425,17,3,不明,10830,6,西島義則,林美憲
20260425,17,12,不明,29210,3,白井英治,池田浩二
20260425,20,2,不明,20390,3,小野桜,池田奈津美
20260425,20,3,不明,55400,2,平山智加,渡邉真奈美
20260425,20,11,不明,61290,3,中谷朋子,山本梨菜
20260425,21,10,不明,13520,5,河野真也,里岡右貴
20260426,3,2,不明,11590,3,高橋直哉,萩原知哉
20260426,3,6,不明,50790,6,三品隆浩,山田亮太
20260426,3,7,不明,11070,2,大塚康雅,池田雷太
20260426,3,8,不明,37990,4,宇田川信一,田邉亮蔵
20260426,7,8,不明,14210,6,横澤剛治,清埜翔子
20260426,7,11,不明,76280,3,山口亮,宮下元胤
20260426,8,6,不明,182690,5,一瀬明,杉田篤光
20260426,9,4,不明,10420,2,鶴田勇雄,小倉康典
20260426,12,7,不明,18190,5,永井源,西岡蒼志
20260426,13,9,不明,33410,6,桑原悠,上條嘉嗣
20260426,15,2,不明,10210,3,水谷理人,谷口知優
20260426,15,3,不明,17150,5,石丸海渡,西原明生
20260426,15,11,不明,33090,4,木谷賢太,中村晃朋
20260426,16,7,不明,23070,4,松下哲也,向井田佑紀
20260426,17,6,不明,15650,2,重成一人,中澤和志
20260426,17,8,不明,31660,5,江夏満,平田忠則
20260426,17,10,不明,46730,4,中澤和志,原田幸哉
20260426,17,12,不明,15540,3,白井英治,瓜生正義
20260426,20,6,不明,32860,6,三浦永理,魚谷香織
20260426,21,11,不明,40790,4,羽野直也,松崎祐太郎
20260427,3,3,不明,40850,5,池田雷太,関根彰人
20260427,3,6,不明,41290,4,澤崎雄哉,小澤学
20260427,3,11,不明,27020,3,石渡翔一郎,桑島和宏
20260427,5,1,不明,12080,2,杉村賢也,多羅尾達之
20260427,6,3,不明,11190,4,山道諄也,石川哲秀
20260427,6,8,不明,59710,6,宇野博之,亀山雅幸
20260427,6,11,不明,13110,4,廣瀬真也,佐藤大介
20260427,6,12,不明,10750,3,樋江井舞,堀之内紀代子
20260427,7,2,不明,13890,3,豊田祥生,宮崎心之介
20260427,7,4,不明,52300,4,横澤剛治,宮野仁
20260427,8,3,不明,95210,3,長畑友輔,山本兼士
20260427,8,6,不明,27250,5,籾山佳岳,村田修次
20260427,12,4,不明,10260,4,小池礼乃,小坂宗司
20260427,13,2,不明,11820,5,鈴木孝明,南彩寧
20260427,13,7,不明,12280,3,中島浩哉,中村守成
20260427,13,12,不明,11860,4,井上恵一,高橋竜矢
20260427,15,5,不明,11340,3,中越博紀,大廣咲季
20260427,15,10,不明,47200,4,中村桃佳,西丸侑太朗
20260427,16,1,不明,17530,5,向井田佑紀,樋口亮
20260427,18,3,不明,10660,6,森野正弘,楠原正剛
20260427,18,7,不明,60160,5,佐野優都,阪本勇介
20260427,18,12,不明,30930,6,福田宗平,大峯豊
20260427,20,4,不明,18010,3,五反田忍,喜井つかさ
20260427,24,4,不明,15270,2,上田紗奈,小宮涼雅
20260427,24,8,不明,16350,4,内山峻輔,森下愛梨
20260428,3,6,不明,21160,3,小澤学,宇田川信一
20260428,4,8,不明,10660,4,広瀬聖仁,浜本裕己
20260428,6,2,不明,17440,5,吉島祥之,山道諄也
20260428,6,3,不明,12540,3,今坂晃広,加藤啓太
20260428,6,11,不明,17980,3,堀之内紀代子,栗原直也
20260428,7,2,不明,11290,2,宮崎心之介,東口晃
20260428,7,5,不明,10990,3,後藤浩,大谷直弘
20260428,7,10,不明,18050,4,西川新太郎,天野誠
20260428,7,11,不明,51610,3,横澤剛治,西野雄貴
20260428,12,9,不明,78920,2,山口真喜子,北川潤二
20260428,12,11,不明,75470,5,中野仁照,藤岡俊介
20260428,15,2,不明,20660,3,中越博紀,三嶌こころ
20260428,15,6,不明,13090,3,中村桃佳,村越篤
20260428,16,1,不明,11200,4,山下流心,河野大
20260428,16,4,不明,69950,6,佐々木翔斗,山田和佐
20260428,16,5,不明,30900,2,山下流心,井川大作
20260428,18,4,不明,11870,4,岡本翔太郎,田中和也
20260428,18,8,不明,18190,4,佐野優都,石川諒
20260428,21,7,不明,14140,2,田中孝明,小林遼太
20260428,21,9,不明,10570,2,松崎祐太郎,山一鉄也
20260428,21,10,不明,18620,2,高倉和士,川上剛
20260428,21,12,不明,23680,3,池田剛規,羽野直也
20260428,23,9,不明,22230,2,大庭元明,早川尚人
20260428,24,4,不明,10890,4,中野夢斗,笠雅雄
20260428,24,10,不明,47820,3,宮内直哉,中野夢斗
20260429,4,8,不明,30970,5,宮城那菜,森作広大
20260429,4,10,不明,31110,2,鈴木唯央,金子萌
20260429,4,11,不明,11180,4,高憧四季,井上一輝
20260429,6,3,不明,14680,5,亀山雅幸,河合三弘
20260429,6,6,不明,11500,2,芝田浩治,吉島祥之
20260429,8,8,不明,33470,3,川辺郭人,籾山佳岳
20260429,12,2,不明,15870,4,山戸信二,庄司孝輔
20260429,12,3,不明,12360,3,守屋大地,福岡泉水
20260429,12,6,不明,16940,6,庄司樹良々,泉具巳
20260429,12,10,不明,42840,5,永井源,井手良太
20260429,12,12,不明,11820,3,中野仁照,三好勇人
20260429,14,9,不明,39330,5,赤松咲香,後藤美翼
20260429,15,1,不明,13790,4,松下知幸,中岡健人
20260429,15,8,不明,96610,3,塩田雄一,中田元泰
20260429,18,4,不明,12300,3,東健介,江本真治
20260429,21,7,不明,16240,6,出畑孝成,森口和紀
20260429,21,9,不明,16830,4,郷原章平,三川昂暁
20260429,21,11,不明,188190,4,松田隆司,永田啓二
20260429,21,12,不明,26720,3,羽野直也,西山貴浩
20260429,24,3,不明,50230,3,長谷川雅和,川原正明
20260429,24,10,不明,31460,6,吉田俊彦,眞鳥章太
20260430,5,4,不明,12570,4,村上宗太郎,三角哲男
20260430,6,2,不明,62300,2,小川知行,今坂晃広
20260430,6,6,不明,12630,4,佐藤大介,山本浩輔
20260430,6,7,不明,33130,5,山谷央,芝田浩治
20260430,9,3,不明,14700,2,松田淳平,大江純
20260430,9,4,不明,10790,2,荒川健太,安藤裕貴
20260430,9,7,不明,14940,3,浜野孝志,石田勇斗
20260430,11,4,不明,19400,2,藤原孝斗,夏山亮平
20260430,11,11,不明,50180,3,井上尚悟,松山将吾
20260430,14,4,不明,31400,2,永田楽,淺田千亜希
20260430,14,10,不明,56300,5,笠野友紀恵,原田佑実
20260430,15,2,不明,18270,3,村越篤,門田栞
20260430,18,2,不明,28540,5,渡邉翼,大峯豊
20260430,19,1,不明,54940,6,百武翔,小林基樹
20260430,19,11,不明,100190,4,川崎公靖,長尾章平
20260430,21,8,不明,17270,4,三苫晃幸,橋本英一
20260430,21,12,不明,14810,2,羽野直也,松田大志郎
20260430,24,2,不明,28890,2,四宮与寛,吉原聖人
20260430,24,5,不明,37500,5,北川太一,前田篤哉
20260430,24,6,不明,42760,4,小宮涼雅,後藤盛也
20260430,24,7,不明,10850,4,谷川祐一,柳橋宏紀
20260430,24,11,不明,43790,4,川原正明,北川太一
20260501,1,3,不明,34930,5,橋本久和,高山秀雄
20260501,1,5,不明,16990,4,金子猛志,土屋太朗
20260501,1,6,不明,32390,2,佐口達也,江口晃生
20260501,2,4,不明,11950,5,松本純平,武田正紀
20260501,2,5,不明,19280,3,後藤浩,平川香織
20260501,2,10,不明,13010,2,向後龍一,中澤和志
20260501,2,12,不明,12050,4,砂長知輝,桐生順平
20260501,3,4,不明,13960,3,小澤学,多田有佑
20260501,3,12,不明,16770,2,品田直樹,小原聡将
20260501,5,1,不明,12490,3,藤原菜希,村上宗太郎
20260501,5,2,不明,16320,4,上原崚,山崎聖司
20260501,5,3,不明,14380,5,栗城匠,三浦裕貴
20260501,5,12,不明,10790,3,長田頼宗,内堀学
20260501,7,1,不明,10620,3,坂元浩仁,川原涼
20260501,7,6,不明,105330,3,牧村俊輝,近藤颯斗
20260501,11,1,不明,15130,5,沢田昭宏,西川真人
20260501,11,3,不明,23090,2,木下雄介,南野利騰
20260501,17,10,不明,18550,5,麻生慎介,北川幸典
20260501,18,6,不明,65450,2,幸野史明,中渡修作
20260501,20,9,不明,17300,6,富永修一,上原健次郎
20260501,22,6,不明,10530,3,柴田友和,坂井滉哉
20260501,23,11,不明,31100,3,中島真二,藤田浩人
20260501,24,2,不明,13010,3,野中義生,寺嶋雄
20260501,24,11,不明,18420,5,柳橋宏紀,前田篤哉
20260502,2,12,不明,38050,2,金子和之,佐藤翼
20260502,5,3,不明,37890,4,深澤達徳,折下寛法
20260502,5,4,不明,20900,6,上原崚,藤原菜希
20260502,5,8,不明,12570,3,後藤隼之,西田靖
20260502,9,8,不明,40070,3,樋口範政,藤田竜弘
20260502,9,10,不明,24630,4,新田雄史,中島秀治
20260502,10,11,不明,16210,4,大平誉史明,金子貴志
20260502,11,5,不明,10050,3,八木治樹,大町利克
20260502,14,1,不明,28840,4,高橋淳美,安井瑞紀
20260502,17,5,不明,38550,2,岸本隆,浜先真範
20260502,17,7,不明,16420,4,亀本勇樹,上平真二
20260502,18,6,不明,66230,5,内田圭,末永祐輝
20260502,19,1,不明,17270,2,栗山繁洋,福山恵里奈
20260502,20,9,不明,23950,3,大賀龍之介,富永修一
20260502,22,9,不明,84540,5,奥村明日香,中尾優香
20260502,22,10,不明,33670,3,松尾昂明,篠原飛翔
20260502,23,12,不明,48210,2,町田洸希,深川真二
20260503,1,2,不明,10530,3,須藤隆雄,島倉都
20260503,1,3,不明,15740,6,江口晃生,岩崎麗子
20260503,2,8,不明,18270,5,金子和之,滝沢織寧
20260503,2,9,不明,14290,4,谷津幸宏,須藤博倫
20260503,2,12,不明,17270,2,青木蓮,中田竜太
20260503,4,8,不明,13820,3,大澤真菜,渡邉睦広
20260503,4,11,不明,10170,3,島田賢人,金田諭
20260503,7,3,不明,27320,2,畔柳俊吾,橋口真樹
20260503,8,2,不明,20130,3,清水紀克,塩崎優司
20260503,8,10,不明,11370,4,河村了,丹下将
20260503,9,3,不明,16610,2,南佑典,黒田誠司
20260503,9,5,不明,12560,5,乃村康友,畑竜生
20260503,10,10,不明,13630,2,宮下元胤,日笠勝弘
20260503,10,11,不明,96440,5,信濃由行,平田健之佑
20260503,10,12,不明,18450,3,高倉孝太,今垣光太郎
20260503,11,5,不明,19170,2,廣瀬凜,沢田昭宏
20260503,11,7,不明,16900,2,井上尚悟,和田操拓
20260503,11,8,不明,13450,5,香川颯太,柘植政浩
20260503,12,3,不明,12610,3,井上一輝,笠置博之
20260503,14,7,不明,26120,3,豊田結,喜多那由夏
20260503,14,8,不明,14280,4,吉田彩乃,高橋淳美
20260503,16,3,不明,18910,5,川崎智幸,田頭虎親
20260503,16,4,不明,23610,2,大原祥昌,荒井輝年
20260503,16,10,不明,41970,6,吉田拡郎,岡瀬正人
20260503,17,6,不明,22390,2,豊田泰洋,村松栄太
20260503,17,9,不明,56560,4,坂口貴彦,田中辰彦
20260503,19,8,不明,10180,5,武重雄介,上瀧絢也
20260503,19,9,不明,11500,4,向井美鈴,谷村一哉
20260503,19,12,不明,14870,5,胡本悟志,片岡恵里
20260503,22,5,不明,11170,4,占部一真,富永大一
20260504,4,2,不明,18200,3,國分将太郎,三浦敬太
20260504,6,4,不明,90510,5,深尾巴恵,若林義人
20260504,6,6,不明,14220,3,徳増秀樹,星栄爾
20260504,6,11,不明,151650,6,後藤正宗,徳増秀樹
20260504,6,12,不明,20230,4,谷野錬志,深谷知博
20260504,7,11,不明,14730,5,池田浩二,北野輝季
20260504,10,2,不明,14800,4,盛本真輔,大平誉史明
20260504,10,11,不明,13370,2,下出卓矢,東口晃
20260504,12,10,不明,14950,4,秦英悟,権藤俊光
20260504,13,9,不明,45040,3,森安弘雅,和田兼輔
20260504,14,4,不明,46180,2,宇恵有香,石原凪紗
20260504,16,4,不明,39490,2,長谷川暖,三村岳人
20260504,16,5,不明,20600,5,峰重力也,大原祥昌
20260504,16,7,不明,36430,2,田頭虎親,末永由楽
20260504,17,3,不明,13790,2,森智哉,永田義紘
20260504,19,11,不明,37130,4,川崎公靖,百武翔
20260504,19,12,不明,29570,3,向井美鈴,長尾章平
20260504,20,2,不明,10230,5,竹井貴史,長尾京志郎
20260504,20,7,不明,28280,3,平田忠則,加倉侑征
20260504,22,12,不明,12070,3,新開航,篠原晟弥
20260504,23,11,不明,153260,3,山本梨菜,宮地元輝
20260505,1,8,不明,27400,5,坂本雄紀,本橋克洋
20260505,1,9,不明,18200,3,金児隆太,津久井拓也
20260505,1,10,不明,10610,2,椎名豊,久田敏之
20260505,1,12,不明,11830,5,植木美帆,島倉都
20260505,2,10,不明,26170,2,滝沢芳行,金子和之
20260505,2,12,不明,24770,5,中野希一,鈴木博
20260505,4,2,不明,30180,2,國分将太郎,梶野学志
20260505,4,4,不明,12320,5,村田修次,齋藤智裕
20260505,4,7,不明,23540,4,長畑友輔,櫻井優
20260505,4,8,不明,11930,3,阿波勝哉,村田修次
20260505,4,11,不明,38960,5,木村浩士,尾上雅也
20260505,4,12,不明,21330,5,渡邉睦広,齊藤仁
20260505,6,12,不明,24780,3,谷野錬志,服部幸男
20260505,7,8,不明,22640,3,石原翼,倉田茂将
20260505,7,10,不明,11490,3,松竹大輔,前田滉
20260505,8,3,不明,10450,4,間嶋仁志,神田達也
20260505,8,9,不明,13740,4,荒木颯斗,後藤陽介
20260505,9,11,不明,148600,5,春園功太,松尾充
20260505,10,5,不明,78830,3,梅木敬太,為本智也
20260505,10,8,不明,57500,5,中島孝平,沼田七華
20260505,11,6,不明,10140,5,廣瀬凜,吉川昭男
20260505,11,11,不明,34700,2,山田晃大,澤田尚也
20260505,11,12,不明,41500,2,廣瀬凜,馬場貴也
20260505,12,1,不明,26850,4,原田秀弥,濱本優一
20260505,15,3,不明,28390,6,山川美由紀,田上凜
20260505,16,11,不明,29530,4,山口達也,平尾崇典
20260505,17,1,不明,42070,2,齋藤真之,正木聖賢
20260505,17,4,不明,15190,4,北川幸典,入海馨
20260505,20,3,不明,42980,4,高山敬悟,原田雄次
20260505,20,4,不明,45340,5,瓜生正義,松井貫太
20260506,1,11,不明,11360,4,橋本久和,大澤普司
20260506,2,2,不明,10210,2,砂長知輝,大谷健太
20260506,2,5,不明,23950,3,田中勇輔,鈴木博
20260506,4,2,不明,19340,5,櫻井優,宮之原輝紀
20260506,5,1,不明,12350,2,中村裕将,渡辺豊
20260506,5,6,不明,61450,3,菊池峰晴,三品隆浩
20260506,5,12,不明,19530,3,戸塚邦好,田中和也
20260506,6,4,不明,49570,2,山口晃朋,河合佑樹
20260506,6,8,不明,15400,6,鈴木秀茉,原豊土
20260506,7,11,不明,16050,2,永井源,杉山正樹
20260506,10,1,不明,46470,2,東口晃,室田泰史
20260506,10,2,不明,19620,5,日笠勝弘,宮下元胤
20260506,11,1,不明,39110,4,宮迫暢彦,南野利騰
20260506,13,6,不明,14020,4,重木輝彦,篠田優也
20260506,15,2,不明,33480,2,岩崎芳美,土屋蘭
20260506,16,1,不明,20390,3,小林愛実,今出晋二
20260506,16,7,不明,40980,4,福田理,重成一人
20260506,18,10,不明,10650,6,安河内鈴之介,牧宏次
20260506,20,1,不明,18460,3,國弘翔平,大庭元明
20260506,20,5,不明,17140,4,木下大將,平田忠則
20260506,20,6,不明,10350,3,竹井貴史,水摩敦
20260506,21,3,不明,19820,5,古賀智之,吉永則雄
20260506,21,6,不明,29820,4,島川光男,抹香雄三
20260506,21,10,不明,46960,6,島川光男,古賀智之
20260506,23,5,不明,150880,4,松江秀徳,下河雅史
20260506,23,12,不明,188880,5,宮地元輝,峰竜太
20260507,5,4,不明,132320,2,豊田訓靖,中村裕将
20260507,6,3,不明,15830,3,倉田郁美,本田愛
20260507,6,9,不明,103750,4,本田愛,徳増秀樹
20260507,10,6,不明,33800,6,金田智博,中本大樹
20260507,10,11,不明,34450,3,宮下元胤,松田祐季
20260507,12,4,不明,49370,2,北村征嗣,田中信一郎
20260507,13,2,不明,16060,5,稲田浩二,孫崎百世
20260507,15,6,不明,32550,5,松尾夏海,山口真喜子
20260507,16,8,不明,39740,5,松下誉士,三村岳人
20260507,18,1,不明,11870,5,伊藤啓三,河野真也
20260507,18,7,不明,12940,2,松本怜,伊藤啓三
20260507,21,9,不明,13590,4,津田裕絵,関野文
20260507,24,2,不明,16280,4,小林文彦,重富伸也
20260507,24,4,不明,10850,4,山戸信二,寳田亮治
20260508,4,2,不明,13150,3,鈴木猛,山田竜一
20260508,4,3,不明,25000,5,木村浩士,大澤真菜
20260508,4,5,不明,28930,4,渡邉真奈美,深水慎一郎
20260508,6,1,不明,10750,4,渡邉英児,松下一也
20260508,8,1,不明,12600,3,渥美卓郎,平野和明
20260508,8,9,不明,30420,4,後藤陽介,鈴木裕隆
20260508,12,1,不明,11830,2,雑賀勇貴,浜本裕己
20260508,12,2,不明,17800,3,濱本優一,小池哲也
20260508,14,7,不明,10420,4,三好勇人,小野信樹
20260508,14,10,不明,28300,2,三木晴斗,川崎公靖
20260508,14,11,不明,26460,2,葛原大陽,三好勇人
20260508,15,1,不明,10690,3,野田なづき,宮崎安奈
20260508,15,3,不明,31720,6,登みひ果,北村寧々
20260508,15,10,不明,10950,5,中村桃佳,長嶋万記
20260508,18,10,不明,217490,2,佐藤大介,寺田祥
20260508,24,1,不明,20430,5,宮本夏樹,西澤日花里
20260508,24,2,不明,14980,3,岡暢祐,大串重幸
20260508,24,8,不明,272180,4,坂井康嗣,久富政弘
20260509,5,1,不明,13310,5,中井俊祐,牟田奨太
20260509,5,4,不明,15800,3,内山文典,岩下巧斗
20260509,5,5,不明,30880,4,山本浩次,廣瀬真也
20260509,9,3,不明,15880,4,中村栄治,上之晃弘
20260509,9,7,不明,19840,5,濱崎誠,川島拓郎
20260509,9,11,不明,12970,3,川原正明,石川真二
20260509,11,3,不明,17250,4,松崎祐太郎,矢野真梨菜
20260509,11,5,不明,10710,5,新田智彰,鋤柄貴俊
20260509,14,2,不明,21780,4,小坂宗司,西岡蒼志
20260509,14,11,不明,16650,3,佐々木和伸,馬野耀
20260509,15,4,不明,14680,3,今井美亜,平高奈菜
20260509,15,11,不明,15610,4,田上凜,中村桃佳
20260509,18,6,不明,259950,6,土屋千明,森林太
20260509,20,1,不明,15660,3,小黒竜吾,藤丸光一
20260509,20,6,不明,13190,4,井上未都,麻生慎介
20260509,20,8,不明,36540,5,小黒竜吾,眞鳥章太
20260509,21,6,不明,11460,4,島川光男,池本輝明
20260509,21,7,不明,12190,2,抹香雄三,廣瀬篤哉
20260509,21,9,不明,42080,3,井上茂,亀山雅幸
20260509,21,11,不明,10120,2,鈴木孝明,島川光男
20260509,21,12,不明,11680,5,海野康志郎,三嶌誠司
20260509,22,10,不明,21040,6,中村日向,川上剛
20260509,24,12,不明,18270,3,屋良龍紀,小池礼乃
20260510,5,3,不明,15470,5,桐本康臣,菊池峰晴
20260510,9,2,不明,28580,3,上之晃弘,澤大介
20260510,9,7,不明,16090,6,永井彪也,川崎智稔
20260510,11,5,不明,15150,3,岩田凌,加藤高史
20260510,11,8,不明,25570,2,山田雄太,吉川晴人
20260510,14,10,不明,29260,4,岡部浩,川田正人
20260510,14,11,不明,29070,4,長谷川雅和,中岡正彦
20260510,16,5,不明,11980,3,三嶌さらら,上田紗奈
20260510,16,8,不明,19220,3,後藤翔之,大廣咲季
20260510,20,2,不明,19260,2,松下知幸,井上未都
20260510,20,8,不明,21810,3,山一鉄也,土屋実沙希
20260510,22,1,不明,57910,3,城間盛渚,長野壮志郎
20260510,23,3,不明,32620,4,植田太一,末永祐輝
20260510,23,8,不明,15880,2,前川守嗣,高山弘斗
20260510,24,5,不明,35440,3,高橋竜矢,大串重幸
20260511,3,6,不明,16210,6,小池修平,桑島和宏
20260511,5,6,不明,13120,3,山本浩次,内山文典
20260511,5,10,不明,63580,6,石渡翔一郎,小山勉
20260511,9,3,不明,17500,3,山田哲也,松尾宣邦
20260511,9,7,不明,24830,4,江本真治,永井亮次
20260511,9,9,不明,16120,3,水谷理人,杉山貴博
20260511,9,11,不明,42270,2,江本真治,大峯豊
20260511,12,11,不明,100430,4,平川香織,益田啓司
20260511,12,12,不明,15320,4,澤田尚也,守屋美穂
20260511,14,5,不明,12230,2,佐々木和伸,樫葉次郎
20260511,14,6,不明,75630,3,竹田吉行,宮野仁
20260511,16,1,不明,11820,3,木場悠介,三川昂暁
20260511,16,5,不明,74720,4,村上彰一,西丸敦基
20260511,16,7,不明,23870,3,冨名腰桃奈,品田直樹
20260511,22,4,不明,10590,2,鳥飼眞,中村真
20260511,24,4,不明,30850,4,坂井康嗣,岡暢祐
20260511,24,10,不明,13070,5,山下昂大,小林文彦
20260511,24,12,不明,12610,2,桑原悠,尾崎雄二
20260512,1,2,不明,47810,5,生方靖亜,上田洋平
20260512,3,6,不明,18450,2,向後龍一,佐藤大佑
20260512,3,9,不明,11930,4,和田操拓,渡邉雄朗
20260512,4,3,不明,40580,6,丸岡正典,下河誉史
20260512,4,10,不明,13240,3,三馬崇史,伊藤誠二
20260512,7,11,不明,12480,3,樋江井舞,千葉真弥
20260512,9,9,不明,29090,2,上之晃弘,中亮太
20260512,11,2,不明,18270,5,鈴木峻佑,安東幸治
20260512,11,6,不明,23230,4,寺田空詩,岩田凌
20260512,14,2,不明,10380,2,吉永泰弘,樫葉次郎
20260512,14,5,不明,14190,3,齊藤優,垂水悠
20260512,16,3,不明,11980,3,関根彰人,明石正之
20260512,16,5,不明,24300,5,間野兼礼,尾道佳諭
20260512,18,10,不明,29490,5,吉田一心,西舘健
20260512,20,10,不明,81970,2,清水攻二,山一鉄也
20260512,22,5,不明,14360,2,本岡勝利,吉田宗弘
20260512,23,11,不明,174640,6,深山祐二,中島浩哉
20260513,1,9,不明,13400,4,塚越海斗,畔柳俊吾
20260513,3,6,不明,11000,2,池永太,馬場剛
20260513,3,8,不明,11380,3,岡村仁,北野輝季
20260513,3,9,不明,29960,5,永田秀二,濱野斗馬
20260513,3,11,不明,197220,6,坂元浩仁,池永太
20260513,4,5,不明,13840,3,杉田篤光,野中義生
20260513,4,9,不明,12610,4,三苫晃幸,金子猛志
20260513,7,11,不明,34680,5,中尾優香,原田佑実
20260513,8,4,不明,40370,4,淺香文武,豊田泰洋
20260513,8,5,不明,10410,3,沢田昭宏,尾形栄治
20260513,9,4,不明,16420,3,森野正弘,水谷理人
20260513,9,12,不明,13390,3,山田哲也,永井彪也
20260513,11,4,不明,10560,3,里岡右貴,別府昌樹
20260513,11,6,不明,23860,3,草川壮良,新田智彰
20260513,12,5,不明,18710,4,倉富大誠,村上功祐
20260513,12,7,不明,13400,2,宮迫暢彦,田中太一郎
20260513,12,9,不明,15770,2,平川香織,深川真二
20260513,12,12,不明,16670,4,富永大一,倉富大誠
20260513,14,5,不明,37690,6,長谷川雅和,河野大
20260513,16,10,不明,80410,4,平見真彦,出畑孝典
20260513,18,7,不明,13390,3,樋口範政,川添英正
20260513,19,5,不明,23270,2,加藤優弥,宮田龍馬
20260513,22,3,不明,421190,6,菊地敬介,岡田憲行
20260513,22,12,不明,12300,3,清水敦揮,中村日向
20260513,23,4,不明,10990,4,楠原翔太,長谷川親王
20260514,1,4,不明,10210,2,濱本優一,石岡将太
20260514,1,5,不明,22300,3,作間章,岡瀬正人
20260514,1,6,不明,32830,5,重冨勇哉,野末智一
20260514,2,1,不明,35190,5,安藤裕貴,山崎善庸
20260514,2,5,不明,22650,2,桑原啓,大平誉史明
20260514,2,6,不明,17680,4,荒井輝年,花本夏樹
20260514,2,11,不明,33530,3,薮内瑞希,田口節子
20260514,3,7,不明,11640,2,飛田江己,栗城匠
20260514,3,10,不明,17660,2,是澤孝宏,長田頼宗
20260514,4,2,不明,33810,4,中里優子,古賀繁輝
20260514,4,3,不明,10930,5,吉田慎二郎,寺本昇平
20260514,4,9,不明,11910,3,武田光史,吉川昭男
20260514,4,10,不明,44970,2,今井貴士,吉田慎二郎
20260514,4,11,不明,14420,6,吉田拡郎,宮下元胤
20260514,7,4,不明,26340,3,伊藤栞,河内悠利杏
20260514,7,10,不明,12320,2,喜井つかさ,山本梨菜
20260514,8,2,不明,14510,2,繁野谷圭介,坪井爽佑
20260514,8,4,不明,292980,6,大塚浩二,佐藤博亮
20260514,8,7,不明,73000,4,宮崎心之介,松山将吾
20260514,8,8,不明,11750,6,夏山亮平,河内一馬
20260514,8,12,不明,13520,2,松山将吾,松尾拓
20260514,10,1,不明,11670,4,永田義紘,高野哲史
20260514,10,6,不明,15470,5,北川潤二,上野秀和
20260514,12,5,不明,28600,6,深川真二,畑田汰一
20260514,16,5,不明,10420,4,平見真彦,出畑孝典
20260514,16,9,不明,56220,6,楠原正剛,福田宗平
20260514,18,1,不明,11860,3,田代達也,西舘健
20260514,18,6,不明,11270,4,柳沢一,山崎祥
20260514,19,11,不明,40150,4,松田淳平,中野希一
20260514,23,6,不明,36660,5,日高龍之介,門間雄大
20260514,23,7,不明,21420,3,石井伸長,前川守嗣
20260515,1,3,不明,37010,3,前田光昭,渡辺真至
20260515,1,4,不明,24400,5,中島秀治,中村将隆
20260515,1,8,不明,77370,3,角浜修,村岡賢人
20260515,2,2,不明,23810,4,木下大將,吉永浩則
20260515,2,3,不明,16890,5,石田章央,飯田庄吾
20260515,2,10,不明,26150,3,山田理央,中村尊
20260515,3,3,不明,17100,3,飯山泰,小林泰
20260515,3,6,不明,26410,4,佐藤大佑,平尾崇典
20260515,3,12,不明,10310,5,山口達也,坂元浩仁
20260515,4,9,不明,35980,3,高石梨菜,岸本隆
20260515,7,9,不明,94680,4,鈴木祐美子,黒澤めぐみ
20260515,7,12,不明,21640,4,千葉真弥,山本梨菜
20260515,8,8,不明,61110,4,正木聖賢,畑竜生
20260515,8,11,不明,43470,4,畑竜生,繁野谷圭介
20260515,13,1,不明,109140,4,竹田広樹,佐竹太一
20260515,16,2,不明,22410,3,中村かなえ,細川明人
20260515,16,3,不明,12010,4,木場悠介,西丸敦基
20260515,16,7,不明,26770,4,大廣咲季,後藤翔之
20260515,20,3,不明,10020,4,松江秀徳,大井清貴
20260515,20,4,不明,29450,2,宮村勇哉,田中堅
20260515,20,7,不明,10890,4,坂口貴彦,黒井達矢
20260515,21,5,不明,29010,4,白井英治,吉川元浩
20260515,21,7,不明,22190,4,高倉和士,新開航
20260515,21,11,不明,52960,3,深谷知博,白井英治
20260516,1,10,不明,23930,2,和田拓也,生方靖亜
20260516,2,3,不明,10260,4,田口節子,大崎翔
20260516,2,4,不明,18870,4,鈴谷一平,安藤裕貴
20260516,2,10,不明,13570,4,石田章央,木下大將
20260516,3,6,不明,13890,2,鳥居塚孝博,栗城匠
20260516,3,7,不明,16370,6,西岡顕心,森作雄大
20260516,3,11,不明,22180,3,須藤博倫,西岡顕心
20260516,4,8,不明,17960,3,金子猛志,宮下元胤
20260516,7,2,不明,20890,2,黒澤めぐみ,樋江井舞
20260516,7,9,不明,31140,3,森下愛梨,出口舞有子
20260516,10,4,不明,83750,6,水摩敦,山崎裕司
20260516,10,5,不明,48090,4,山地正樹,山下大輝
20260516,10,7,不明,10750,4,赤岩善生,櫻井優
20260516,10,12,不明,42900,6,宮崎奨,木下翔太
20260516,14,5,不明,10610,5,森口和紀,佐口達也
20260516,17,5,不明,16890,2,河野真也,石原光
20260516,17,9,不明,32500,4,宇佐見淳,桐本康臣
20260516,17,10,不明,23230,2,池田奈津美,大原祥昌
20260516,17,11,不明,30670,5,武富智亮,吉村誠
20260516,20,3,不明,10870,3,三宅健太,岩井繁
20260516,20,11,不明,10340,3,小池公生,常住蓮
20260516,21,3,不明,17400,3,羽野直也,藤原碧生
20260516,21,5,不明,46770,5,桑原悠,定松勇樹
20260516,21,7,不明,17860,4,石本裕武,篠崎仁志
20260517,2,9,不明,18470,2,鈴木孝明,萩原秀人
20260517,2,11,不明,17240,3,小畑実成,服部幸男
20260517,2,12,不明,13770,3,大澤普司,黒野元基
20260517,6,9,不明,41610,2,藤岡俊介,榎幸司
20260517,7,2,不明,11260,2,飯塚響,西岡育未
20260517,14,2,不明,24450,2,金子萌,石川諒
20260517,14,9,不明,10480,2,吉田凌太朗,志道吉和
20260517,15,3,不明,40670,4,多羅尾達之,松尾光広
20260517,15,8,不明,10720,2,平石和男,木谷賢太
20260517,15,11,不明,30990,2,馬袋義則,赤坂俊輔
20260517,19,4,不明,13810,3,加藤優弥,津田陸翔
20260517,20,6,不明,23040,5,齊藤仁,坪口竜也
20260517,20,11,不明,94850,6,山口真喜子,北山康介
20260517,21,1,不明,28730,4,松田大志郎,石本裕武
20260517,21,3,不明,11580,4,原田幸哉,山崎郡
20260518,2,10,不明,33860,3,黒野元基,飯島昌弘
20260518,6,2,不明,12490,6,為本智也,市川美宏
20260518,6,4,不明,13480,3,齋藤達希,藤岡俊介
20260518,6,11,不明,61560,4,柴田大輔,森定晃史
20260518,10,1,不明,14510,4,永田義紘,水摩敦
20260518,10,6,不明,31260,5,松下一也,後藤隼之
20260518,10,7,不明,29120,2,山本浩輔,表憲一
20260518,14,10,不明,13560,3,興津藍,藤原孝斗
20260518,14,11,不明,45820,6,秋元哲,栗原直也
20260518,14,12,不明,65130,6,横澤剛治,吉田凌太朗
20260518,15,7,不明,24630,2,松尾光広,村松栄太
20260518,15,12,不明,131120,5,渡邉翼,太田和美
20260518,17,11,不明,16280,2,中島真二,西村拓也
20260518,20,6,不明,55020,2,柴田友和,相原利章
20260518,21,6,不明,12880,5,松田大志郎,稲田浩二
20260518,21,10,不明,67210,2,深谷知博,末永和也
20260519,1,4,不明,24540,6,加藤翔馬,福田翔吾
20260519,1,10,不明,20200,4,堀本和也,富山弘幸
20260519,2,1,不明,10730,2,杉江浩明,山崎善庸
20260519,2,4,不明,11370,4,北中元樹,入澤友治
20260519,2,11,不明,13520,4,蜂須瑞生,田口節子
20260519,6,3,不明,22650,2,丸山祐也,東口晃
20260519,6,10,不明,14570,3,寺田千恵,湯淺紀香
20260519,8,1,不明,15370,5,石原凪紗,戸塚邦好
20260519,8,4,不明,23100,4,松本博昭,鹿島敏弘
20260519,8,10,不明,14360,5,牧宏次,佐々木和伸
20260519,14,1,不明,23090,6,佐野優都,佐々木康幸
20260519,14,2,不明,22650,4,金子貴志,森口和紀
20260519,14,7,不明,13750,5,田路朋史,金子貴志
20260519,14,8,不明,13440,5,田村慶,浦田晃嗣
20260519,15,4,不明,13160,2,烏野賢太,山下流心
20260519,15,5,不明,13960,5,古結宏,松本弓雄
20260519,15,9,不明,11070,4,谷口知優,平石和男
20260519,16,1,不明,16380,5,森貴洋,島田賢人
20260519,16,5,不明,11030,3,高山敬悟,三嶌こころ
20260519,16,7,不明,35480,4,安田吉宏,森貴洋
20260519,16,8,不明,13800,3,土屋蘭,平山智加
20260519,18,6,不明,13680,2,武井莉里佳,三松直美
20260519,18,8,不明,49250,2,金田幸子,田村美和
20260519,20,4,不明,112070,3,中村守成,小林一樹
20260519,20,11,不明,27540,4,北山康介,齊藤仁
20260519,21,5,不明,23660,5,定松勇樹,深谷知博
20260519,21,6,不明,28080,5,今垣光太郎,仲谷颯仁
20260519,21,7,不明,80460,6,吉田裕平,瓜生正義
20260520,1,3,不明,10120,2,海老澤泰行,広瀬聖仁
20260520,1,12,不明,29060,4,加藤翔馬,杉山裕也
20260520,8,5,不明,38910,3,高井駿弥,楠原翔太
20260520,8,6,不明,24560,6,細川裕子,佐々木翔斗
20260520,9,2,不明,14100,4,森林太,松本庸平
20260520,9,6,不明,24430,2,眞鳥章太,山崎鉄平
20260520,9,11,不明,109280,5,木村紗友希,枝尾賢
20260520,11,4,不明,13130,5,笠原亮,三浦洋次朗
20260520,11,5,不明,31880,2,長田頼宗,溝口海義也
20260520,11,6,不明,16780,3,宗行治哉,島村隆幸
20260520,15,5,不明,14350,4,馬袋義則,山本幸也
20260520,17,10,不明,25020,5,河野真也,宇佐見淳
20260520,20,1,不明,75890,2,岡部哲,笠雅雄
20260520,20,2,不明,16550,2,東健介,佐藤大騎
20260520,20,10,不明,29490,2,後藤美翼,小池公生
20260520,20,11,不明,20520,4,小山勉,宮脇遼太
20260520,21,1,不明,30810,4,辻栄蔵,石丸海渡
20260520,21,4,不明,19180,4,金子賢志,菊地孝平
20260520,21,6,不明,33380,5,高倉和士,馬場貴也
20260520,21,7,不明,10200,4,宮之原輝紀,池田浩二
20260521,1,1,不明,17030,4,相馬翔,木村浩士
20260521,1,8,不明,39280,6,松下誉士,竹田吉行
20260521,9,10,不明,83910,5,山崎鉄平,藤山翔大
20260521,11,6,不明,15600,3,藤原啓史朗,馬野耀
20260521,15,2,不明,21060,3,木村光宏,飯山晃三
20260521,15,5,不明,42450,2,山口隆史,中村魁生
20260521,16,9,不明,53520,5,盛本真輔,塩崎桐加
20260521,16,10,不明,74780,2,三嶌こころ,安田吉宏
20260521,17,6,不明,10660,6,大原祥昌,岩川仁士
20260521,17,8,不明,12300,5,籾山佳岳,高橋英之
20260521,17,10,不明,13440,4,池田奈津美,小林甘寧
20260521,18,10,不明,144070,3,三浦永理,山川美由紀
20260522,1,7,不明,33570,4,福田翔吾,藤田浩人
20260522,5,2,不明,29560,6,中嶋達也,山本兼士
20260522,8,5,不明,86620,2,浦野海,清水敦揮
20260522,8,7,不明,16090,5,秦英悟,小川日紀太
20260522,9,1,不明,13530,5,樋江井舞,眞鳥章太
20260522,9,6,不明,25410,2,数原魁,木村紗友希
20260522,11,1,不明,35720,6,岩瀬裕亮,是澤孝宏
20260522,11,2,不明,15620,3,渡邉優美,村松修二
20260522,11,3,不明,25510,5,佐藤航,石原翼
20260522,11,10,不明,20700,2,浜野孝志,木村仁紀
20260522,11,12,不明,83440,6,上田龍星,坪井康晴
20260522,13,3,不明,11170,2,鐘ヶ江真司,米玉利大悟
20260522,13,9,不明,18100,4,一色颯輝,金子龍斗
20260522,15,7,不明,42840,2,飯山晃三,大場恒季
20260522,16,6,不明,22220,5,乙藤智史,安田吉宏
20260522,16,11,不明,43860,5,井内将太郎,永井彪也
20260522,18,6,不明,20960,3,内山七海,石村日奈那
20260522,19,4,不明,35370,4,大橋純一郎,森野正弘
20260522,19,5,不明,56460,5,小野信樹,谷津幸宏
20260522,19,7,不明,19620,2,西原明生,加藤高史
20260522,19,12,不明,21110,4,森野正弘,君島秀三
20260523,1,1,不明,16990,2,蒲原健太,木村浩士
20260523,1,2,不明,10070,2,藤田浩人,嶋義信
20260523,1,3,不明,18640,5,三角哲男,福田翔吾
20260523,1,4,不明,10400,6,堀本和也,阿波勝哉
20260523,1,11,不明,54160,2,三角哲男,石橋道友
20260523,1,12,不明,16240,2,芹澤克彦,森晋太郎
20260523,5,2,不明,13930,2,渡邉睦広,滝沢芳行
20260523,8,3,不明,12630,3,落合直子,鋤柄貴俊
20260523,8,6,不明,10330,2,鹿島敏弘,横田貴満
20260523,9,7,不明,32970,3,丸尾義孝,長畑友輔
20260523,10,4,不明,18710,3,河合三弘,中村晃朋
20260523,10,7,不明,72950,4,服部達哉,小川知行
20260523,10,11,不明,30580,2,谷村一哉,岡田憲行
20260523,10,12,不明,21290,5,中村泰平,松田祐季
20260523,11,5,不明,13710,5,坪井康晴,渡邉優美
20260523,12,10,不明,21270,4,横川聖志,中越博紀
20260523,13,6,不明,12380,3,一色颯輝,中野希一
20260523,18,6,不明,20520,4,海野ゆかり,福山恵里奈
20260523,19,6,不明,19840,5,小林京平,笹木香吾
20260523,23,12,不明,12460,4,櫻本あゆみ,山口達也
20260524,1,3,不明,14780,4,芹澤克彦,岡谷健吾
20260524,1,4,不明,24040,6,山本英志,竹田吉行
20260524,1,5,不明,32310,6,山田丈,松本一毅
20260524,1,11,不明,17700,3,嶋義信,山本英志
20260524,5,2,不明,28820,3,福嶋智之,杉山喜一
20260524,5,7,不明,11100,2,石川吉鎬,中嶋達也
20260524,8,7,不明,104840,5,福田理,西村豪洋
20260524,9,6,不明,46940,3,松本庸平,中村辰也
20260524,10,7,不明,12450,2,服部達哉,高橋二朗
20260524,11,4,不明,179250,6,山田祐也,浜野孝志
20260524,12,5,不明,95540,3,岡部浩,武重雄介
20260524,13,5,不明,36940,6,津田陸翔,鐘ヶ江真司
20260524,13,12,不明,24550,4,登玉隼百,竹間隆晟
20260524,21,4,不明,12060,3,富田恕生,小池修平
20260524,21,7,不明,128560,5,村田敦,小畑実成
20260524,21,12,不明,38350,4,小池修平,毒島誠
20260524,23,5,不明,20850,3,花本剛,森下愛梨
20260524,23,8,不明,10020,3,福来剛,永松良教
20260524,23,9,不明,10540,3,渡辺浩司,山下友貴
20260524,24,2,不明,23210,3,孫崎百世,大澤真菜
20260524,24,9,不明,15220,6,土屋南,豊田結
20260524,24,10,不明,29000,4,平川香織,安井瑞紀
20260525,3,4,不明,26720,4,菊地敬介,横田海人
20260525,3,5,不明,41350,5,桂林寛,近藤颯斗
20260525,3,8,不明,21860,4,小林一樹,川上聡介
20260525,3,9,不明,14340,6,柏野幸二,西舘健
20260525,3,11,不明,11910,4,寺本重宣,石倉洋行
20260525,5,8,不明,15070,6,天野晶夫,石川吉鎬
20260525,7,1,不明,16480,5,仲航太,松浦勝
20260525,9,4,不明,22880,4,鈴木秀茉,亀本勇樹
20260525,9,8,不明,84170,5,長畑友輔,林美憲
20260525,9,11,不明,11940,3,神里琴音,福島勇樹
20260525,10,12,不明,27650,5,谷村一哉,原田才一郎
20260525,11,1,不明,10900,4,島村隆幸,渡邉優美
20260525,11,6,不明,22340,3,上原崚,権藤俊光
20260525,11,9,不明,12170,3,木村仁紀,坪井康晴
20260525,12,8,不明,33730,4,徳増秀樹,古賀智之
20260525,12,10,不明,10770,3,井上尚悟,金子猛志
20260525,13,3,不明,31230,3,中野希一,屋良龍紀
20260525,17,9,不明,35260,3,森定晃史,牧原崇
20260525,17,12,不明,49330,6,渡邉和将,永田啓二
20260525,21,4,不明,12110,3,上田紗奈,深川麻奈美
20260525,21,8,不明,12950,6,上田紗奈,星栄爾
20260525,23,4,不明,11570,3,妻鳥晋也,佐藤太亮
20260525,23,6,不明,11770,4,村越篤,田添康介
20260525,24,2,不明,27130,6,中村かなえ,来田衣織
20260525,24,6,不明,11850,5,孫崎百世,渡邉真奈美
20260526,3,10,不明,10140,4,永井源,柴田朋哉
20260526,3,11,不明,10710,2,寺本重宣,濱本優一
20260526,6,8,不明,16900,5,山崎郡,瓜生正義
20260526,6,9,不明,10190,5,上條暢嵩,菊地孝平
20260526,6,10,不明,22420,2,宮地元輝,松井繁
20260526,7,11,不明,30190,4,伊藤啓三,原田篤志
20260526,7,12,不明,45320,3,川北浩貴,重成一人
20260526,10,2,不明,12970,2,出畑孝典,原田才一郎
20260526,10,7,不明,33490,5,武田光史,廣部大明
20260526,10,8,不明,33330,5,別府昌樹,大澤誠也
20260526,12,2,不明,11070,2,渡邊伸太郎,黒田誠司
20260526,12,9,不明,33730,3,中井俊祐,吉田一心
20260526,12,11,不明,59780,4,横川聖志,四宮与寛
20260526,13,6,不明,19510,4,中野仁照,松田淳平
20260526,13,7,不明,13360,3,飛田江己,津田陸翔
20260526,15,4,不明,10010,3,平見真彦,橋本明
20260526,17,2,不明,10040,6,永田啓二,村田浩司
20260526,23,3,不明,209780,6,伊藤玲奈,森下愛梨
20260526,23,10,不明,27230,4,山本寛久,富永大一
20260526,24,3,不明,23980,3,門田栞,嶋田有里
20260526,24,6,不明,32680,5,中北涼,伊藤栞
20260527,3,7,不明,11360,4,加木郁,石田勇斗
20260527,3,12,不明,19470,2,石倉洋行,若林義人
20260527,6,2,不明,11150,3,瓜生正義,山崎郡
20260527,6,11,不明,43350,5,丸野一樹,上條暢嵩
20260527,6,12,不明,60460,5,山口剛,西山貴浩
20260527,7,2,不明,21970,4,大久保信一郎,上村宏太
20260527,7,5,不明,45380,4,鈴木峻佑,土井祥伍
20260527,7,6,不明,20900,2,伊藤啓三,村田修次
20260527,7,11,不明,27820,4,沢田昭宏,里岡右貴
20260527,8,3,不明,17890,3,山本光雄,山室展弘
20260527,8,12,不明,58170,6,黒野元基,平尾崇典
20260527,10,7,不明,45810,5,野間大樹,黄金井力良
20260527,10,8,不明,11900,2,深水慎一郎,三川昂暁
20260527,10,9,不明,39890,4,浜崎準也,杉田篤光
20260527,10,12,不明,15240,5,宮田龍馬,谷村一哉
20260527,12,2,不明,13650,4,大西隆洋,眞崎武蔵
20260527,12,5,不明,20420,2,岡部浩,浜先真範
20260527,12,10,不明,27550,3,浜先真範,徳増秀樹
20260527,13,3,不明,15450,4,山口晃朋,森清友翔
20260527,15,1,不明,17080,4,大江純,高橋直哉
20260527,15,3,不明,59270,6,古場輝義,待鳥雄紀
20260527,15,7,不明,12550,5,佐藤大佑,岡部大輝
20260527,15,10,不明,11140,2,椎名豊,今村暢孝
20260527,17,2,不明,42820,5,山下和彦,堀越雄貴
20260527,17,3,不明,11690,5,多田有佑,奥田誠
20260527,17,10,不明,15340,5,坂口貴彦,齊藤優
20260527,18,5,不明,14730,4,山崎裕司,大井清貴
20260527,18,6,不明,38580,6,末永祐輝,森安弘雅
20260527,21,4,不明,57920,6,鶴田勇雄,濱野斗馬
20260527,21,6,不明,16320,3,齊藤廉,服部剛
20260527,24,2,不明,14810,6,平川香織,矢野真梨菜
20260527,24,12,不明,10810,3,平川香織,高田ひかる
20260528,1,2,不明,16810,3,吉村誠,原加央理
20260528,1,7,不明,10780,2,本田愛,入澤友治
20260528,1,8,不明,10520,5,前田将太,上田健太
20260528,2,11,不明,13410,4,尾形栄治,有賀達也
20260528,2,12,不明,11960,5,藤田竜弘,新開航
20260528,3,12,不明,80030,6,柴田朋哉,永井源
20260528,6,8,不明,23950,5,佐藤翼,常住蓮
20260528,7,5,不明,39520,5,金山立樹,沢田昭宏
20260528,7,9,不明,11640,2,上村宏太,竹下大樹
20260528,8,10,不明,31690,6,平尾崇典,野中一平
20260528,10,3,不明,19660,5,黄金井力良,新田泰章
20260528,15,5,不明,54730,2,山本稔太朗,大塚雅治
20260528,17,2,不明,10910,4,藤原早菜,山川雄大
20260528,17,10,不明,12710,6,西野翔太,佐藤謙史朗
20260528,18,8,不明,26870,5,泥谷一毅,渡邊哲也
20260528,21,1,不明,25440,2,西岡育未,鶴田勇雄
20260528,21,3,不明,62230,4,赤井睦,小林泰
20260528,24,1,不明,12310,4,来田衣織,孫崎百世
20260528,24,7,不明,24720,2,関野文,小芦るり華
20260528,24,9,不明,49260,2,孫崎百世,山本梨菜
20260528,24,12,不明,17170,3,渡邉真奈美,安井瑞紀
20260529,2,1,不明,10030,2,白井友晴,八木治樹
20260529,2,6,不明,30840,4,尾道佳諭,下河誉史
20260529,3,1,不明,63020,6,村岡賢,桂林寛
20260529,6,1,不明,28790,4,遠藤エミ,関浩哉
20260529,6,2,不明,50800,4,清水愛海,森高一真
20260529,6,8,不明,74010,3,遠藤エミ,守田俊介
20260529,6,9,不明,40480,6,宮地元輝,菅章哉
20260529,7,5,不明,21450,5,大久保信一郎,杉山貴博
20260529,9,1,不明,19630,3,豊田訓靖,荒川健太
20260529,9,5,不明,15410,4,今坂晃広,仲口博崇
20260529,11,3,不明,10520,5,金子萌,近藤雄一郎
20260529,14,10,不明,37010,2,寺田空詩,宮本夏樹
20260529,14,12,不明,10620,3,黒井達矢,笠原亮
20260529,15,2,不明,18170,4,古田祐貴,新出浩司
20260529,15,7,不明,21450,4,赤岩善生,正木聖賢
20260529,15,9,不明,18660,3,吉田慎二郎,三好勇人
20260529,15,12,不明,17190,3,中野次郎,椎名豊
20260529,17,4,不明,29890,3,上之晃弘,内堀学
20260529,17,5,不明,18850,3,若狭奈美子,藤原早菜
20260529,18,5,不明,14390,5,白神優,喜多那由夏
20260529,18,6,不明,11390,3,中村栄治,新田洋一
20260529,18,7,不明,25470,5,鈴木孝明,岩永節也
20260529,23,10,不明,12260,2,堀本和也,鈴木雅希
20260529,24,3,不明,11370,4,渡邉真奈美,加藤綾
20260529,24,11,不明,34270,5,黒澤めぐみ,井上未都
20260530,3,2,不明,20580,4,畑竜生,香川陽太
20260530,3,6,不明,15060,3,畑竜生,宇土泰就
20260530,6,2,不明,33170,5,白井英治,磯部誠
20260530,6,4,不明,11110,4,原田幸哉,鰐部太空海
20260530,6,7,不明,49520,5,守田俊介,石野貴之
20260530,6,8,不明,35590,3,仲谷颯仁,池田浩二
20260530,6,10,不明,18560,4,定松勇樹,河合佑樹
20260530,6,11,不明,27860,5,上野真之介,遠藤エミ
20260530,7,4,不明,27030,5,川田正人,吉田和仁
20260530,7,5,不明,116120,5,八戸琉楓,鈴木峻佑
20260530,7,10,不明,55970,4,佐藤悠,高野哲史
20260530,7,11,不明,16490,2,川北浩貴,柳沢一
20260530,9,5,不明,21570,3,森竜也,宇佐見淳
20260530,9,7,不明,182120,5,谷勝幸,豊田訓靖
20260530,9,10,不明,54100,4,胡本悟志,興津藍
20260530,9,11,不明,27280,4,宇佐見淳,吉田俊彦
20260530,11,2,不明,54180,2,山崎聖司,原田雄次
20260530,11,6,不明,148590,5,竹田広樹,高山智至
20260530,11,10,不明,29010,4,上原健次郎,長岡良也
20260530,11,12,不明,12150,2,今井貴士,吉川貴仁
20260530,12,8,不明,20460,2,眞鳥章太,小野生奈
20260530,14,6,不明,16900,5,笠原亮,乙津康志
20260530,14,7,不明,28780,4,田中信一郎,喜多須杏奈
20260530,15,4,不明,43930,5,中岡正彦,古田祐貴
20260530,15,9,不明,12290,3,安河内将,塚越海斗
20260530,17,1,不明,14120,3,佐藤謙史朗,山田佑樹
20260530,17,2,不明,41760,4,藤田美代,佐々木英樹
20260530,17,5,不明,14890,3,山川雄大,前沢丈史
20260530,17,9,不明,16650,4,上之晃弘,山下和彦
20260530,17,11,不明,23130,2,藤原早菜,葛原大陽
20260530,18,6,不明,20530,4,新田洋一,嶋田貴支
20260530,18,10,不明,23170,2,渡邊雄一郎,松下一也
20260530,23,6,不明,13740,5,藤田浩人,眞田英二
20260531,1,6,不明,34940,3,本吉正樹,梶野学志
20260531,2,1,不明,25350,6,森弘行,関根彰人
20260531,2,10,不明,15070,4,樅山拓馬,佐竹恒彦
20260531,2,12,不明,24620,4,宮之原輝紀,新開航
20260531,3,6,不明,11730,5,平田健之佑,山田和佐
20260531,3,10,不明,30410,4,桂林寛,外崎悟
20260531,5,5,不明,36520,6,三浦永理,田村美和
20260531,5,8,不明,47980,3,笠野友紀恵,中田夕貴
20260531,6,2,不明,17070,2,宮地元輝,佐藤隆太郎
20260531,6,6,不明,16450,5,今垣光太郎,清水愛海
20260531,7,7,不明,51900,2,熊本英一,繁野谷圭介
20260531,8,7,不明,18740,2,藤森陸斗,加倉侑征
20260531,9,9,不明,14410,3,谷勝幸,平野和明
20260531,11,4,不明,12220,5,春園功太,山崎聖司
20260531,12,3,不明,45250,6,眞鳥章太,酒井俊弘
20260531,12,10,不明,103490,3,東口晃,林美憲
20260531,13,7,不明,11930,3,西丸敦基,三浦裕貴
20260531,13,10,不明,17200,4,三角哲男,篠田優也
20260531,14,2,不明,18890,3,高田綾,神里琴音
20260531,14,9,不明,24090,6,山地正樹,都築正治
20260531,14,11,不明,39610,2,林祐介,寺田空詩
20260531,15,6,不明,97900,5,桑原将光,伊藤誠二
20260531,15,10,不明,30060,3,三好勇人,佃來紀
20260531,18,5,不明,11970,5,山ノ内雅人,山崎裕司
20260531,18,9,不明,49930,6,柳瀬幹太,山ノ内雅人
20260531,20,6,不明,45820,2,田村慶,鳥飼眞
20260531,20,12,不明,168580,6,中村日向,松田大志郎
20260531,23,2,不明,11400,2,新田芳美,郷原章平
20260601,1,8,不明,15550,4,冨名腰桃奈,野口勝弘
20260601,5,9,不明,57190,4,南彩寧,武井莉里佳
20260601,5,11,不明,34300,4,石原凪紗,三浦永理
20260601,11,2,不明,21310,6,佐々木和伸,表健太
20260601,11,11,不明,17790,2,渡部悟,小坂尚哉
20260601,12,2,不明,18960,4,中村将隆,小野桜
20260601,12,5,不明,17060,6,稲田浩二,南佑典
20260601,13,8,不明,22830,3,岩崎正哉,山下昂大
20260601,13,12,不明,13120,4,登みひ果,川野芽唯
20260601,14,3,不明,33760,4,烏野賢太,大場恒季
20260601,19,5,不明,26220,4,中尾彩香,古川誠之
20260601,19,7,不明,15930,4,谷口知優,芦澤望
20260601,19,8,不明,13770,3,東健介,横田貴満
20260601,20,2,不明,16880,5,鳥飼眞,木山誠一
20260601,20,7,不明,10670,3,海野ゆかり,枝尾賢
20260601,23,2,不明,11550,4,眞田英二,太田和美
20260601,23,4,不明,10240,6,中村桃佳,上瀧絢也
20260601,24,1,不明,36220,6,山本兼士,齋藤和政
20260601,24,9,不明,48770,4,齋藤和政,大神康司
20260602,1,3,不明,13150,3,原加央理,増本杏珠
20260602,1,6,不明,11080,2,木幡純也,中村尊
20260602,1,10,不明,33460,3,木幡純也,本田愛
20260602,5,6,不明,16940,4,細川裕子,笠野友紀恵
20260602,9,10,不明,31510,4,馬袋義則,中島孝平
20260602,9,12,不明,91070,6,渡邉睦広,井口佳典
20260602,10,11,不明,11070,3,中本大樹,大島隆乃介
20260602,11,6,不明,26910,4,田代達也,中島昂章
20260602,12,4,不明,12990,4,田中豪,三嶌こころ
20260602,12,10,不明,10550,2,渡辺浩司,西野雄貴
20260602,14,3,不明,28530,3,三嶌さらら,岩崎芳美
20260602,20,4,不明,21320,6,市橋卓士,奥平拓也
20260602,20,8,不明,11260,2,枝尾賢,川原祐明
20260602,20,9,不明,12680,3,村越篤,中村日向
20260602,23,2,不明,13510,2,眞田英二,平石和男
20260602,23,10,不明,10630,4,渡邉優美,平高奈菜
20260603,5,6,不明,15280,2,喜井つかさ,平田さやか
20260603,5,10,不明,10740,2,前田紗希,細川裕子
20260603,11,5,不明,18420,2,永田義紘,上原健次郎
20260603,12,2,不明,19450,4,戸敷晃美,安田政彦
20260603,12,4,不明,10680,3,東口晃,田中豪
20260603,13,12,不明,14110,5,樋口亮,高倉和士
20260603,19,7,不明,16410,5,松江秀徳,中川りな
20260603,19,12,不明,36880,5,上條嘉嗣,田中辰彦
20260603,20,10,不明,23770,2,杉山裕也,市橋卓士
20260603,21,6,不明,22380,5,天野晶夫,滝沢芳行
20260603,21,8,不明,31570,5,中野和裕,柳瀬興志
20260603,21,10,不明,26680,5,松井友汰,横川聖志
20260603,24,9,不明,17820,5,村上宗太郎,山一鉄也
20260604,3,3,不明,48620,6,抹香雄三,崎利仁
20260604,3,7,不明,14650,2,大崎翔,中島秀治
20260604,3,8,不明,12970,2,倉富大誠,鈴木猛
20260604,3,11,不明,62290,5,金子猛志,松尾拓
20260604,3,12,不明,13530,3,西村拓也,福来剛
20260604,5,1,不明,10700,6,山下友貴,薮内瑞希
20260604,5,3,不明,17840,4,藤堂里香,武井莉里佳
20260604,5,4,不明,44720,6,刑部亜里紗,佐藤ほのか
20260604,5,5,不明,24070,6,後藤美翼,松瀬弘美
20260604,7,3,不明,263570,6,富山弘幸,渡邊伸太郎
20260604,7,6,不明,23780,4,小畑実成,福田宗平
20260604,8,2,不明,13680,3,平川香織,松下直也
20260604,10,5,不明,23450,4,島川海輝,森雄利
20260604,10,7,不明,42950,6,福西広太郎,井上慧人
20260604,10,11,不明,40390,4,遠藤圭吾,屋良龍紀
20260604,13,5,不明,17480,2,三村岳人,三角哲男
20260604,13,7,不明,13440,4,片岡恵里,篠田優也
20260604,13,12,不明,17140,4,登みひ果,古結宏
20260604,17,6,不明,13240,4,常住蓮,浜先真範
20260604,17,10,不明,43060,4,石橋道友,赤岩善生
20260604,19,6,不明,11400,4,上原崚,後藤隼之
20260604,19,8,不明,11020,3,渥美卓郎,深川麻奈美
20260604,20,4,不明,38660,4,市橋卓士,海野ゆかり
20260604,20,9,不明,149880,6,金田諭,杉山裕也
20260604,21,10,不明,22950,5,中村泰平,中村辰也
20260604,24,3,不明,11200,2,岡部貴司,澤崎雄哉
20260604,24,4,不明,10650,3,表憲一,村上宗太郎
20260604,24,9,不明,16970,2,山本兼士,笠置博之
20260604,24,11,不明,10100,3,尾嶋一広,田中駿兵
20260605,1,12,不明,11940,5,君島秀三,今垣光太郎
20260605,3,1,不明,14970,5,崎利仁,村田敦
20260605,3,10,不明,25720,5,中島秀治,中村晃朋
20260605,7,1,不明,29050,2,小倉康典,富山弘幸
20260605,7,10,不明,26600,3,富山弘幸,山下和彦
20260605,8,6,不明,302410,6,乃村康友,山下大輝
20260605,10,9,不明,19980,4,谷口丞,中本大樹
20260605,13,2,不明,10660,3,丹下将,下河雅史
20260605,13,3,不明,14750,2,古賀智之,片岡恵里
20260605,17,6,不明,21350,5,上野真之介,佐藤隆太郎
20260605,17,9,不明,10230,4,海野康志郎,永井彪也
20260605,18,4,不明,55350,6,河野主樹,竹田辰也
20260605,18,8,不明,12470,3,仲本舜,福嶋智之
20260605,18,12,不明,13980,4,里岡右貴,茅原悠紀
20260605,19,3,不明,14280,6,深川麻奈美,芦澤望
20260605,19,4,不明,11690,6,中川りな,藤田靖弘
20260605,20,11,不明,38850,3,松田大志郎,重木輝彦
20260605,21,2,不明,19800,2,佐藤世那,森野正弘
20260605,21,5,不明,32540,4,梅原祥平,大瀧明日香
20260606,1,1,不明,36590,5,桑原啓,久保原秀人
20260606,1,2,不明,19490,5,伏田裕隆,野田昇吾
20260606,1,12,不明,119170,3,竹之内極,山口達也
20260606,3,6,不明,12190,4,佐藤駿介,松本弓雄
20260606,6,10,不明,73040,6,柴田朋哉,浜野孝志
20260606,6,12,不明,36010,6,竹田和哉,坪井康晴
20260606,8,4,不明,39490,5,宮地秀祈,志道吉和
20260606,10,3,不明,14920,4,佐藤永梧,飛田江己
20260606,10,8,不明,10030,4,中本大樹,松井貫太
20260606,15,6,不明,186160,5,大廣咲季,中尾優香
20260606,15,12,不明,12200,4,安井瑞紀,平山智加
20260606,17,1,不明,14320,4,大上卓人,石橋道友
20260606,18,9,不明,39480,2,堤啓輔,杉山貴博
20260606,21,1,不明,10680,5,滝沢芳行,楠原翔太
20260606,21,6,不明,11840,3,森野正弘,森林太
20260606,21,11,不明,40680,3,天野晶夫,松井友汰
20260606,24,6,不明,12160,4,高野心吾,三馬崇史
20260607,1,2,不明,13660,3,石川諒,中渡修作
20260607,1,7,不明,77480,4,池田雷太,下出卓矢
20260607,3,1,不明,25410,3,村田敦,藤原孝斗
20260607,3,2,不明,52480,2,坪内実,菊池宏志
20260607,3,3,不明,33020,6,江本真治,小林礼央
20260607,5,5,不明,35840,4,佐竹友樹,樋口喜彦
20260607,5,8,不明,29900,2,守屋大地,森智也
20260607,5,12,不明,33440,3,椎名豊,宮之原輝紀
20260607,6,1,不明,10000,4,松下誉士,鈴木成美
20260607,6,2,不明,14850,4,伊藤尚汰,南野利騰
20260607,7,7,不明,19740,2,鈴木賢一,麻生慎介
20260607,8,6,不明,15780,2,金子貴志,渡邉雄朗
20260607,9,7,不明,31600,6,榎幸司,平岡重典
20260607,9,11,不明,12810,4,北中元樹,市川哲也
20260607,10,2,不明,21010,5,藤森拓海,坂本雄紀
20260607,10,7,不明,10840,6,鰐部太空海,杉山太陽
20260607,15,2,不明,35970,4,森下愛梨,森陽多
20260607,15,4,不明,19790,6,津田裕絵,三嶌さらら
20260607,15,5,不明,102650,4,原田佑実,山川波乙
20260607,17,2,不明,43280,5,小池修平,秋元哲
20260607,18,5,不明,265740,2,大西隆洋,井内将太郎
20260607,24,4,不明,25030,5,小林泰,森定晃史
20260607,24,7,不明,14400,2,金子賢志,山崎裕司
20260608,1,6,不明,80060,6,島崎丈一朗,山口達也
20260608,1,11,不明,10990,3,竹之内極,君島秀三
20260608,6,1,不明,13310,3,萬正嗣,川井萌
20260608,6,2,不明,30050,5,永松良教,塚田修二
20260608,6,5,不明,10600,5,坪井康晴,深見亜由美
20260608,6,6,不明,30390,6,前出達吉,萬正嗣
20260608,6,12,不明,41460,2,藤本佳史,島村隆幸
20260608,8,4,不明,12840,4,仲航太,志道吉和
20260608,8,6,不明,11830,2,宮地秀祈,深井利寿
20260608,8,12,不明,15080,3,石原翼,石渡鉄兵
20260608,9,3,不明,11310,6,権藤俊光,松山裕基
20260608,9,7,不明,23730,4,西舘健,井上茂
20260608,10,1,不明,34040,4,佐藤永梧,畑田汰一
20260608,10,5,不明,13540,5,坂本雄紀,佐藤航
20260608,10,7,不明,13340,3,谷口丞,松井貫太
20260608,10,9,不明,13270,6,佐藤航,中本大樹
20260608,10,10,不明,15300,2,廣瀬凜,島川海輝
20260608,10,11,不明,103980,6,高山敬悟,西丸侑太朗
20260608,10,12,不明,29280,5,飛田江己,中野希一
20260608,17,4,不明,12220,2,新田雄史,船岡洋一郎
20260608,17,12,不明,38550,4,山崎郡,山口剛
20260608,18,7,不明,26570,5,前沢丈史,渡邉真奈美
20260608,18,10,不明,13030,2,松村敏,堤啓輔
20260608,21,1,不明,68550,2,羽野諒,大橋純一郎
20260608,24,3,不明,10620,4,宮本琉正,山崎昂介
20260609,1,10,不明,60650,2,伏田裕隆,君島秀三
20260609,6,9,不明,13730,4,青木幸太郎,重成一人
20260609,7,2,不明,17670,2,大庭元明,赤澤文香
20260609,7,5,不明,17600,5,奈須啓太,大場敏
20260609,11,3,不明,11180,4,石倉洋行,菊池峰晴
20260609,11,8,不明,65570,4,加藤啓太,上野俊樹
20260609,13,2,不明,57740,3,黒井達矢,河合佑樹
20260609,15,1,不明,14760,4,松田真実,大廣咲季
20260609,15,3,不明,11930,6,三嶌さらら,山崎小葉音
20260609,17,11,不明,14470,3,大上卓人,土屋智則
20260609,18,3,不明,59600,3,福田翔吾,谷村一哉
20260609,18,5,不明,11980,4,茅原悠紀,草場康幸
20260609,23,2,不明,16510,5,新井英孝,室田泰史
20260609,23,6,不明,14110,4,木村仁紀,新井英孝
20260609,23,7,不明,15600,5,赤羽克也,木場悠介
20260609,23,8,不明,17180,4,深川真二,岡田憲行
20260609,24,1,不明,54420,4,中里昌志,村松栄太
20260609,24,4,不明,11890,2,小林泰,宮下元胤
20260609,24,6,不明,47660,4,笹木香吾,佐藤大佑
20260609,24,9,不明,10240,6,赤坂俊輔,香川素子
20260609,24,10,不明,92640,6,佐藤大佑,竹井貴史
20260610,1,1,不明,11640,6,山口達也,西田靖
20260610,1,8,不明,20080,2,石川諒,山口達也
20260610,5,3,不明,40970,4,栗原一馬,深水慎一郎
20260610,5,12,不明,14450,4,大場恒季,椎名豊
20260610,6,3,不明,17340,3,松下誉士,山戸信二
20260610,6,8,不明,58390,2,萬正嗣,大串重幸
20260610,6,12,不明,39060,4,竹田和哉,柴田朋哉
20260610,7,5,不明,33310,5,天野友和,倉尾大介
20260610,7,11,不明,14140,6,小山勉,安河内将
20260610,9,2,不明,24890,6,澤大介,伊藤栞
20260610,9,3,不明,11110,4,富永修一,伏見俊介
20260610,9,5,不明,35900,3,平岡重典,松井洪弥
20260610,9,8,不明,44890,6,向後龍一,今出晋二
20260610,11,5,不明,10040,5,木下雄介,松下知幸
20260610,14,3,不明,18630,2,河野大,池田雄一
20260610,14,11,不明,21740,2,宗行治哉,樋口亮
20260610,18,2,不明,56330,5,佐藤謙史朗,田中京介
20260610,18,12,不明,23800,3,前沢丈史,里岡右貴
20260610,23,4,不明,64190,3,新井英孝,篠崎元志
20260610,23,6,不明,20970,2,河村了,久富政弘
20260611,3,6,不明,37980,4,米玉利大悟,城間盛渚
20260611,3,11,不明,11770,4,城間盛渚,藤原仙二
20260611,3,12,不明,16890,3,竹間隆晟,井本昌也
20260611,5,3,不明,62970,4,木村亮太,横井健太
20260611,5,4,不明,30030,4,高橋涼夏,森智也
20260611,7,4,不明,73460,5,都築正治,山田竜一
20260611,7,12,不明,39770,6,天野友和,寺田祥
20260611,9,2,不明,19270,5,齋藤智裕,松山裕基
20260611,9,4,不明,23640,4,湯淺紀香,澤大介
20260611,10,5,不明,24520,3,岸蔭亮,藤田浩人
20260611,10,8,不明,13000,3,東口晃,幸野史明
20260611,10,9,不明,13490,5,長尾章平,上田隆章
20260611,10,10,不明,84550,5,山田和佐,岩津徹郎
20260611,11,8,不明,45950,6,中澤和志,永井源
20260611,11,12,不明,32520,3,田中辰彦,栗城匠
20260611,13,7,不明,10090,2,柳生泰二,新開航
20260611,13,12,不明,11080,3,山田康二,井口佳典
20260611,14,3,不明,10360,3,谷川里江,武井莉里佳
20260611,14,4,不明,13890,2,四宮与寛,深川麻奈美
20260611,14,12,不明,10300,2,山下昂大,川原祐明
20260611,15,6,不明,20730,3,安井瑞紀,小芦るり華
20260611,15,9,不明,21950,5,三嶌こころ,森下愛梨
20260611,15,10,不明,86830,5,来田衣織,門田栞
20260611,16,12,不明,23400,2,佐々木康幸,前田将太
20260611,20,2,不明,126040,2,石倉拓美,神田達也
20260611,23,7,不明,12450,2,木村仁紀,西川新太郎
20260612,3,12,不明,30970,4,樅山拓馬,竹下大樹
20260612,7,5,不明,50020,4,大庭元明,都築正治
20260612,7,9,不明,14730,5,奥田誠,寺田祥
20260612,9,1,不明,82350,2,伊藤喜智,榎幸司
20260612,9,9,不明,10570,3,金田大輔,池田剛規
20260612,13,3,不明,25680,2,森永淳,稲田浩二
20260612,13,8,不明,38460,5,若林将,吉田拡郎
20260612,13,10,不明,17450,5,西岡顕心,黒井達矢
20260612,14,5,不明,10280,6,山下昂大,小林孝弘
20260612,14,10,不明,25530,5,眞鳥章太,佐々木和伸
20260612,16,2,不明,16330,6,笠雅雄,山田佑樹
20260612,20,4,不明,23570,4,尾崎雄二,黄金井力良
20260613,3,12,不明,53650,4,西川拓利,飛田江己
20260613,6,1,不明,14470,2,村岡賢,池田浩美
20260613,6,2,不明,12250,2,待鳥雄紀,中村裕将
20260613,6,3,不明,53400,2,中田竜太,森清友翔
20260613,6,5,不明,22290,3,中本大樹,関根彰人
20260613,6,12,不明,23630,6,塩田北斗,重野哲之
20260613,8,2,不明,11250,4,山崎郡,白神優
20260613,8,9,不明,58100,4,菊地孝平,澤田尚也
20260613,8,11,不明,16940,3,佐々木完太,馬場貴也
20260613,10,6,不明,31910,2,上田隆章,牧山敦也
20260613,10,7,不明,14030,4,岡暢祐,岸蔭亮
20260613,10,8,不明,10060,4,乙藤智史,渡邊哲也
20260613,11,2,不明,136000,3,菊池峰晴,野末智一
20260613,11,10,不明,134480,6,佐々木大河,伊藤将吉
20260613,13,2,不明,14830,2,大峯豊,吉田凌太朗
20260613,13,5,不明,36560,4,渡辺浩司,吉川元浩
20260613,14,8,不明,20470,3,本村大,瀬川大地
20260613,14,9,不明,11900,2,松井賢治,羽田妃希
20260613,14,10,不明,32410,2,吉田和仁,深川麻奈美
20260613,14,12,不明,19800,4,中島秀治,川原祐明
20260613,16,3,不明,73140,6,前川守嗣,角谷健吾
20260613,19,1,不明,13790,2,森貴洋,広次修
20260613,19,6,不明,62050,5,三川昂暁,吉永泰弘
20260613,19,10,不明,25640,3,秋末秦悟,末永祐輝
20260613,20,2,不明,13520,5,服部達哉,山口亮
20260613,20,6,不明,18380,3,神田達也,佐藤悠
20260613,20,11,不明,10670,2,森晋太郎,今井貴士
20260613,22,6,不明,13060,6,長嶋万記,古賀千晶
20260613,23,2,不明,13690,4,山口晃朋,赤羽克也
20260613,23,9,不明,32470,3,上之晃弘,長野壮志郎
20260614,1,3,不明,14450,4,米田隆弘,中里優子
20260614,1,12,不明,25830,5,若林義人,仲口博崇
20260614,3,1,不明,57430,6,網代良芽,坂本一真
20260614,3,11,不明,45520,3,樅山拓馬,西丸侑太朗
20260614,6,5,不明,26090,6,土屋千明,待鳥雄紀
20260614,10,2,不明,23590,2,長尾章平,安田政彦
20260614,10,3,不明,13830,3,小池公生,松本一毅
20260614,10,5,不明,28940,2,中村栄治,作間章
20260614,11,1,不明,14190,4,間嶋仁志,栗城匠
20260614,12,9,不明,10400,5,柳瀬幹太,葛原大陽
20260614,12,10,不明,42180,2,高橋直哉,濱野斗馬
20260614,16,4,不明,70270,5,鈴木裕隆,笠雅雄
20260614,16,8,不明,17100,4,永田秀二,石田勇斗
20260614,20,2,不明,15250,3,松田憲幸,中島昂章
20260614,23,10,不明,17550,3,岡村仁,木村仁紀
20260615,1,1,不明,40060,2,高木圭大,森弘行
20260615,1,3,不明,12400,5,本橋克洋,細川明人
20260615,1,8,不明,11180,6,加木郁,本橋克洋
20260615,1,9,不明,13060,6,若林義人,鈴木孝明
20260615,3,8,不明,12790,2,廣瀬凜,澁川夏
20260615,3,10,不明,21850,3,米玉利大悟,佐藤右京
20260615,6,1,不明,74370,6,堀井涼平,川合理司
20260615,6,5,不明,18980,6,福島勇樹,寺本昇平
20260615,8,9,不明,14670,4,松本純平,菊地孝平
20260615,12,3,不明,29690,4,重富伸也,中村辰也
20260615,12,7,不明,19380,2,滝沢崚,岡村慶太
20260615,19,6,不明,10310,3,北村征嗣,松尾光広
20260615,20,8,不明,15270,4,内山峻輔,加藤政彦
20260615,21,4,不明,49650,6,田村慶,市橋卓士
20260615,21,6,不明,18310,3,北村寧々,山室展弘
20260615,22,12,不明,222920,6,堀之内紀代子,高憧四季
20260616,1,4,不明,11600,3,尾形栄治,小林文彦
20260616,1,5,不明,26460,4,石原凪紗,栗原直也
20260616,1,9,不明,110870,6,森弘行,河野真也
20260616,3,10,不明,28910,5,小玉啓太,石渡翔一郎
20260616,3,12,不明,18220,4,廣瀬凜,竹間隆晟
20260616,8,8,不明,16380,2,白神優,横澤剛治
20260616,8,10,不明,12740,2,池田浩二,中嶋健一郎
20260616,10,1,不明,53010,5,牧山敦也,小池公生
20260616,10,7,不明,34160,4,上田隆章,中村栄治
20260616,16,6,不明,10120,4,木下大將,中越博紀
20260616,18,4,不明,12790,3,山本光雄,佐藤博亮
20260616,18,6,不明,12330,5,森永隆,佐竹太一
20260616,18,10,不明,31100,5,小野勇作,岩川仁士
20260616,19,2,不明,47740,5,長谷川充,森貴洋
20260616,19,11,不明,41920,4,山一鉄也,柴田光
20260616,21,3,不明,30440,4,中嶋誠一郎,鈴木勝博
20260616,21,8,不明,61190,5,倉富大誠,大谷直弘
20260616,21,9,不明,21640,3,木山誠一,中島友和
20260616,21,10,不明,100360,6,北村寧々,石川吉鎬
20260616,22,11,不明,10200,5,高憧四季,竹井奈美
20260617,1,3,不明,12070,5,尾上雅也,菊地敬介
20260617,1,4,不明,10650,3,小林文彦,大澤真菜
20260617,1,7,不明,48900,5,高木圭大,荒川健太
20260617,5,5,不明,11330,2,樋口範政,伯母芳恒
20260617,7,7,不明,26170,6,鳥居塚嶺王,田中和也
20260617,8,8,不明,71980,2,村岡賢人,石本裕武
20260617,8,11,不明,36750,5,佐々木完太,新田雄史
20260617,9,3,不明,12220,5,村上彰一,宮崎奏磨
20260617,9,6,不明,27110,2,丹下将,石井孝之
20260617,9,10,不明,13240,2,山下大輝,横川聖志
20260617,12,5,不明,17710,6,飯山泰,白水勝也
20260617,13,2,不明,25020,4,田中孝明,水口由紀
20260617,13,4,不明,11940,2,和田兼輔,佐藤ほのか
20260617,17,8,不明,20180,5,堤昇,中野和裕
20260617,17,11,不明,21170,5,山本修一,石川真二
20260617,18,1,不明,28370,5,岩川仁士,安河内健
20260617,18,4,不明,64500,5,嶋義信,富永修一
20260617,18,5,不明,64290,6,森永隆,井上恵一
20260617,19,1,不明,10440,2,山崎祥,新出浩司
20260617,21,11,不明,15170,3,川添英正,百武翔
20260617,22,2,不明,16540,2,薮内瑞希,大橋栄里佳
20260617,22,12,不明,11200,4,竹井奈美,小野生奈
20260617,24,1,不明,15420,3,井内将太郎,榎幸司
20260617,24,3,不明,12950,5,宮之原輝紀,武富智亮
20260617,24,4,不明,25110,4,眞鳥章太,谷村一哉
20260617,24,7,不明,17770,2,稲田浩二,末永由楽
20260618,1,4,不明,21370,5,米田隆弘,高木圭大
20260618,1,6,不明,213090,6,大澤真菜,吉田一郎
20260618,2,11,不明,100260,5,木村紗友希,廣中智紗衣
20260618,4,5,不明,13230,2,塚田修二,野相弘司
20260618,4,6,不明,16930,2,田中京介,西田靖
20260618,4,8,不明,14510,3,三浦裕貴,三宅潤
20260618,4,10,不明,19680,2,三好勇人,泥谷一毅
20260618,8,4,不明,26560,3,遠藤エミ,菊地孝平
20260618,8,10,不明,18750,2,中野次郎,鰐部太空海
20260618,13,8,不明,62140,6,香川素子,古澤光紀
20260618,17,1,不明,40850,5,宮嵜隆太郎,木山和幸
20260618,17,12,不明,11340,5,浜野孝志,平田忠則
20260618,18,4,不明,12150,2,照屋厚仁,有賀達也
20260618,18,9,不明,10490,2,笹木香吾,上原崚
20260618,18,10,不明,10490,5,杉山裕也,山本光雄
20260618,20,4,不明,30620,4,菅沼佳昭,長尾京志郎
20260619,2,1,不明,31150,3,原村百那,吉田杏美
20260619,2,10,不明,30060,6,根岸真優,樋口由加里
20260619,4,5,不明,14800,2,内田圭,浦田信義
20260619,4,10,不明,12660,2,三宅潤,畑竜生
20260619,9,3,不明,23930,3,松本弓雄,岡本大
20260619,11,9,不明,14220,4,柴田朋哉,塩崎優司
20260619,13,5,不明,11810,5,吉島祥之,山崎裕司
20260619,17,11,不明,20260,3,川原正明,君島秀三
20260619,18,5,不明,23810,2,有賀達也,嶋義信
20260619,18,6,不明,22650,4,北山康介,後藤隼之
20260619,20,5,不明,77860,3,浦田晃嗣,松井洪弥
20260619,20,12,不明,71790,5,川原愛未,福岡泉水
20260619,21,4,不明,10610,4,山口真喜子,井上遥妃
20260619,21,6,不明,46560,3,若林麗,土井祥伍
20260619,24,6,不明,10260,3,松山将吾,上田健太
20260619,24,10,不明,13590,3,濱野谷憲吾,西橋奈未
20260620,2,6,不明,73320,5,諏訪玲奈,島倉都
20260620,2,8,不明,10800,5,冨名腰桃奈,森下愛梨
20260620,2,9,不明,18970,2,寺田空詩,原村百那
20260620,4,12,不明,11190,2,藤田俊祐,山田祐也
20260620,5,10,不明,27820,3,大澤風葵,青木玄太
20260620,6,6,不明,73350,2,豊田健士郎,柴田友和
20260620,7,5,不明,19780,6,峰重力也,久保原秀人
20260620,7,9,不明,72350,5,渡邉真奈美,楠原翔太
20260620,9,1,不明,16070,2,市川美宏,荒井翔伍
20260620,9,6,不明,16490,2,八木治樹,桑島和宏
20260620,11,5,不明,17190,4,塩崎優司,深尾巴恵
20260620,11,12,不明,24370,2,柴田朋哉,古賀繁輝
20260620,13,11,不明,13730,3,森野正弘,椎名豊
20260620,17,1,不明,12910,2,岩井繁,深井利寿
20260620,17,3,不明,21890,4,大澤普司,松尾宣邦
20260620,17,5,不明,14620,4,浜野孝志,徳増秀樹
20260620,18,4,不明,29220,2,上原崚,松崎祐太郎
20260620,18,7,不明,20970,2,松竹大輔,笹木香吾
20260620,18,8,不明,27210,2,戸塚邦好,中野希一
20260620,20,4,不明,27290,4,小川竜太朗,浦田晃嗣
20260620,20,10,不明,10340,4,武井莉里佳,永田啓二
20260620,20,11,不明,108310,5,谷川将太,柳沢一
20260620,20,12,不明,12730,5,盛本真輔,田中辰彦
20260620,21,4,不明,54960,3,大神康司,市橋卓士
20260620,24,1,不明,16990,4,高田ひかる,眞鳥章太
20260620,24,11,不明,37720,3,河野大,坪井康晴
20260621,2,12,不明,58930,5,黒澤めぐみ,浜田亜理沙
20260621,4,6,不明,31330,2,豊田泰洋,森智也
20260621,5,11,不明,35400,3,庄司孝輔,小坂尚哉
20260621,6,12,不明,50790,3,三浦永理,深川真二
20260621,8,4,不明,10830,3,向井田佑紀,守屋大地
20260621,8,7,不明,21830,4,籾山佳岳,藤丸光一
20260621,9,11,不明,24720,4,古田祐貴,山下大輝
20260621,10,2,不明,117330,4,宇恵有香,守屋美穂
20260621,10,7,不明,37780,3,佐口達也,南野利騰
20260621,15,1,不明,14630,2,江藤敦宏,石井伸長
20260621,15,6,不明,30980,2,竹間隆晟,村上宗太郎
20260621,17,5,不明,88240,6,宮嵜隆太郎,齊藤仁
20260621,17,6,不明,26550,3,深井利寿,鈴木賢一
20260621,17,12,不明,27860,2,黒崎竜也,田頭実
20260621,18,1,不明,55780,3,鈴木雅希,照屋厚仁
20260621,18,3,不明,10170,2,後藤隼之,上原崚
20260621,18,4,不明,16320,4,妻鳥晋也,中野希一
20260621,18,11,不明,15720,3,佐藤博亮,松崎祐太郎
20260621,18,12,不明,26330,5,杉山裕也,森永隆
20260621,24,1,不明,14150,4,中島秀治,中亮太
20260622,2,6,不明,39500,3,山下夏鈴,根岸真優
20260622,5,2,不明,19390,5,松井友汰,小川時光
20260622,5,3,不明,16590,3,安藤裕貴,平瀬城啓
20260622,6,5,不明,14120,4,中村有裕,数原魁
20260622,6,12,不明,47980,6,吉田凌太朗,豊田健士郎
20260622,8,8,不明,13490,2,吉川貴仁,大賀龍之介
20260622,8,9,不明,15610,2,高野哲史,三川昂暁
20260622,10,3,不明,20300,3,塩崎桐加,入海馨
20260622,10,11,不明,11070,5,金子萌,佐口達也
20260622,11,2,不明,36860,5,堂原洋史,坂野さくら
20260622,11,8,不明,81420,6,岡部貴司,日笠勝弘
20260622,13,4,不明,32930,6,森竜也,後藤美翼
20260622,13,7,不明,86040,2,中岡健人,篠原晟弥
20260622,15,4,不明,12320,2,澁川夏,江藤敦宏
20260622,16,3,不明,16140,4,森定晃史,井上茂
20260622,19,1,不明,33170,3,中里昌志,菊池宏志
20260622,22,2,不明,34240,4,宇留田翔平,西村秀樹
20260622,23,3,不明,32760,4,嶋田貴支,岡村将也
20260622,23,4,不明,27410,6,水摩敦,橋本明
20260622,23,6,不明,14040,2,中島昂章,板倉敦史
20260622,24,2,不明,47250,2,河野大,福来剛
20260623,2,11,不明,11960,5,中田夕貴,廣中智紗衣
20260623,8,5,不明,10200,4,溝口海義也,木村浩士
20260623,8,10,不明,25110,5,福島勇樹,溝口海義也
20260623,11,6,不明,30240,3,中井俊祐,山崎義明
20260623,11,11,不明,11910,4,吉川晴人,鈴木博
20260623,11,12,不明,29710,4,中井俊祐,松田大志郎
20260623,14,6,不明,27110,3,丸野一樹,片岡雅裕
20260623,16,2,不明,22900,3,堀本裕也,長尾萌加
20260623,22,1,不明,53400,3,西村秀樹,作間章
20260623,22,12,不明,18870,3,松本一毅,飯山泰
20260624,3,8,不明,14150,2,森作雄大,香川颯太
20260624,3,10,不明,15830,5,寺島吉彦,山田亮太
20260624,4,2,不明,25560,2,原田秀弥,松尾充
20260624,4,12,不明,12020,4,堀之内紀代子,小池修平
20260624,6,6,不明,13130,5,宮崎安奈,櫻本あゆみ
20260624,6,7,不明,29410,5,柴田友和,丸尾義孝
20260624,8,2,不明,11650,5,興津藍,山崎善庸
20260624,9,1,不明,47460,3,小林文彦,麻生慎介
20260624,10,4,不明,66620,2,宮地秀祈,金子和之
20260624,10,7,不明,16130,4,福田翔吾,中村栄治
20260624,11,9,不明,61640,4,吉田光,池田剛規
20260624,12,5,不明,11780,2,高橋淳美,西村歩
20260624,14,5,不明,21050,3,石野貴之,山崎郡
20260624,14,6,不明,35060,5,石渡鉄兵,瓜生正義
20260624,15,2,不明,102980,6,尾道佳諭,佐藤世那
20260624,15,8,不明,10280,4,安河内鈴之介,杉山太陽
20260624,15,9,不明,16180,4,西丸敦基,竹間隆晟
20260624,15,11,不明,11170,3,前田滉,西岡顕心
20260624,15,12,不明,30320,3,杉山太陽,坂本雄紀
20260624,16,2,不明,12500,3,田村美和,川崎公靖
20260624,16,4,不明,17180,3,馬野耀,本田愛
20260624,19,7,不明,11980,3,赤羽克也,今井貴士
20260624,22,5,不明,22980,6,松本博昭,上之晃弘
20260624,23,10,不明,82030,2,大平誉史明,牧山敦也
20260624,23,11,不明,10340,4,藤井公人,山本英志
20260625,1,1,不明,15800,3,渡辺崇,長谷川充
20260625,1,4,不明,28430,5,四宮与寛,下河誉史
20260625,3,10,不明,12280,5,杉山正樹,森作雄大
20260625,4,1,不明,14290,6,松尾充,村田敦
20260625,4,8,不明,14550,3,今坂晃広,向井美鈴
20260625,7,8,不明,15260,5,中里英夫,松山裕基
20260625,7,11,不明,53020,3,尾上雅也,西村拓也
20260625,7,12,不明,47910,4,角谷健吾,中村晃朋
20260625,8,4,不明,12720,2,木村浩士,後藤陽介
20260625,8,7,不明,30280,6,籾山佳岳,濱本優一
20260625,9,4,不明,49180,4,太田和美,近藤稔也
20260625,9,5,不明,41940,2,岸本雄貴,里岡右貴
20260625,9,11,不明,200280,3,大場広孝,松尾拓
20260625,12,2,不明,77830,4,魚谷香織,松瀬弘美
20260625,12,6,不明,10770,4,高橋淳美,土屋南
20260625,15,1,不明,18260,4,仲本舜,尾道佳諭
20260625,15,4,不明,14360,3,大原祥昌,高山敬悟
20260625,15,10,不明,10410,5,高山敬悟,永松良教
20260625,16,5,不明,23580,2,服部幸男,小池公生
20260625,16,9,不明,16360,2,堀本裕也,高橋正男
20260625,16,11,不明,31560,4,木村仁紀,金田諭
20260625,18,6,不明,18450,3,新田芳美,山田和佐
20260625,21,6,不明,10060,4,鳥飼眞,新田洋一
20260625,23,5,不明,102140,5,有山望,北野輝季
20260626,1,2,不明,17790,5,木下大將,神田達也
20260626,1,4,不明,10810,3,上野俊樹,中村真
20260626,1,12,不明,11840,3,山口晃朋,大池佑来
20260626,3,7,不明,72660,6,片橋幸貴,浮田圭浩
20260626,3,11,不明,11130,2,河合三弘,是澤孝宏
20260626,4,2,不明,13140,3,川上清人,仲道大輔
20260626,4,7,不明,13550,5,澤田尚也,松尾光広
20260626,4,9,不明,16800,4,川上清人,清水紀克
20260626,7,10,不明,15930,5,永井源,渡邉俊介
20260626,7,11,不明,10400,5,鈴木孝明,中村晃朋
20260626,9,2,不明,17030,6,麻生慎介,齋藤勇
20260626,12,5,不明,36230,5,前原哉,原田佑実
20260626,13,5,不明,99500,4,眞崎武蔵,川北浩貴
20260626,14,2,不明,21190,5,宮地元輝,中島孝平
20260626,14,7,不明,18110,5,遠藤エミ,篠崎元志
20260626,16,2,不明,23450,4,内田壮,長尾萌加
20260626,18,6,不明,18190,4,山田和佐,高倉孝太
20260626,21,2,不明,26090,5,谷川将太,木山和幸
20260626,21,10,不明,13230,3,谷川祐一,白水勝也
20260626,21,11,不明,13420,5,永田啓二,寺本重宣
20260626,22,11,不明,35580,5,松本一毅,北川幸典
20260626,23,2,不明,65680,5,川田正人,水摩敦
20260626,23,7,不明,27340,3,待鳥雄紀,牧山敦也
20260626,24,3,不明,13990,2,森安弘雅,滝沢芳行
20260626,24,10,不明,61270,2,荒井翔伍,出畑孝典
20260627,1,1,不明,37090,2,下河誉史,寺本昇平
20260627,1,3,不明,10790,5,堀越雄貴,星栄爾
20260627,1,4,不明,12660,4,柴田光,渡辺崇
20260627,1,9,不明,19860,4,佃來紀,堀越雄貴
20260627,2,2,不明,17100,2,笹木香吾,岡部大輝
20260627,2,12,不明,10940,2,石川真二,辻栄蔵
20260627,3,4,不明,10630,2,奥平拓也,角山雄哉
20260627,7,5,不明,15880,5,加藤翔馬,鈴木孝明
20260627,7,12,不明,65200,5,寺嶋雄,楠原正剛
20260627,9,5,不明,39500,2,大谷直弘,市橋卓士
20260627,9,7,不明,31830,4,三品隆浩,川添英正
20260627,12,1,不明,13360,4,大廣咲季,中尾彩香
20260627,12,4,不明,12970,3,山下奈緒,樫葉新心
20260627,13,2,不明,80030,5,浦田信義,岡暢祐
20260627,13,3,不明,14440,4,伊倉光,木場雄二郎
20260627,14,4,不明,40430,5,河合佑樹,佐藤隆太郎
20260627,14,12,不明,66060,4,遠藤エミ,宮地元輝
20260627,17,5,不明,31400,6,庄司孝輔,島村隆幸
20260627,17,9,不明,36090,6,村松修二,中村守成
20260627,18,2,不明,37230,5,新田芳美,上原健次郎
20260627,18,6,不明,29780,3,平田さやか,宮迫暢彦
20260627,18,11,不明,15110,2,山田和佐,松本真広
20260627,21,9,不明,17380,3,岸本隆,乙藤智史
20260627,22,7,不明,13290,3,松田隆司,竹田吉行
20260627,22,11,不明,15210,2,竹田吉行,横澤剛治
20260627,22,12,不明,21270,2,宇留田翔平,橋本久和
20260627,24,1,不明,19640,3,岩永節也,宮地博士
20260627,24,7,不明,100810,3,吉永則雄,照屋厚仁
20260628,1,3,不明,17860,4,四宮与寛,野間大樹
20260628,3,11,不明,12300,5,加藤政彦,山田亮太
20260628,4,6,不明,10270,3,佐竹恒彦,若林義人
20260628,4,10,不明,28260,2,永井聖美,仲道大輔
20260628,5,6,不明,38100,6,杉山貴博,木幡純也
20260628,5,11,不明,13740,5,丹下将,内堀学
20260628,7,2,不明,11960,4,澤大介,森清友翔
20260628,7,3,不明,12030,5,吉田一心,雑賀勇貴
20260628,12,9,不明,501250,6,山下奈緒,関野文
20260628,13,5,不明,75790,5,前田健太郎,瀬川大地
20260628,13,10,不明,28950,3,一瀬明,北山康介
20260628,14,2,不明,15070,3,守田俊介,河合佑樹
20260628,14,9,不明,15820,3,丸野一樹,佐藤隆太郎
20260628,17,4,不明,10020,4,岩崎正哉,大塚浩二
20260628,17,8,不明,14740,4,浦田晃嗣,村松修二
20260628,18,10,不明,35260,4,森智哉,加木郁
20260628,20,9,不明,46210,6,黒澤めぐみ,田中京介
20260628,20,12,不明,23020,3,吉川元浩,松村敏
20260628,24,11,不明,27470,4,荒井翔伍,前田翔
20260629,2,3,不明,13940,2,吉原聖人,信濃由行
20260629,3,2,不明,16070,2,崎利仁,杢野誓良
20260629,3,5,不明,15440,3,荒井輝年,佐々木英樹
20260629,3,6,不明,21990,5,是澤孝宏,品田直樹
20260629,5,1,不明,28870,6,田路朋史,堤昇
20260629,5,6,不明,15870,5,濱野谷憲吾,富永正人
20260629,5,12,不明,21790,4,黒崎竜也,藤山雅弘
20260629,8,6,不明,14890,4,堀本和也,浜野孝志
20260629,9,8,不明,22130,4,多田有佑,山口修路
20260629,10,8,不明,10450,2,中嶋達也,西村豪洋
20260629,10,9,不明,18360,4,三宅潤,豊田泰洋
20260629,10,11,不明,12200,2,渡辺真至,喜井つかさ
20260629,11,3,不明,15150,3,加藤優弥,乃村康友
20260629,11,6,不明,19400,4,山下大輝,鈴木賢一
20260629,11,7,不明,11010,5,市川健太,鳥居塚孝博
20260629,13,4,不明,32660,6,横田貴満,富永大一
20260629,18,2,不明,16300,4,竹腰正樹,蒲原健太
20260629,20,7,不明,30460,5,山崎鉄平,馬場剛
20260629,24,1,不明,13860,3,宮地博士,岩永節也
20260629,24,9,不明,12540,2,渡修平,前田翔
20260629,24,10,不明,12380,2,藤田竜弘,原田篤志
20260630,1,1,不明,29510,3,下河誉史,長谷川充
20260630,1,4,不明,22030,6,大池佑来,木下大將
20260630,1,8,不明,11440,2,中村真,山一鉄也
20260630,1,9,不明,15200,2,堀越雄貴,原豊土
20260630,1,12,不明,57560,3,四宮与寛,河村了
20260630,2,5,不明,15500,2,胡本悟志,吉原聖人
20260630,5,4,不明,10180,4,石塚裕介,伊藤雄二
20260630,5,11,不明,31420,3,松竹大輔,前田聖文
20260630,8,11,不明,181160,6,原加央理,益田啓司
20260630,10,1,不明,10740,3,前川守嗣,土山卓也
20260630,10,5,不明,11970,4,三宅潤,花田凱成
20260630,11,11,不明,19520,3,仲口博崇,中山翔太
20260630,11,12,不明,17400,2,丸尾義孝,下條雄太郎
20260630,13,1,不明,10460,4,田中宏典,西田靖
20260630,13,9,不明,21980,5,中渡修作,杉田篤光
20260630,13,10,不明,12040,2,重野哲之,盛本真輔
20260630,16,1,不明,49450,6,常住蓮,入海馨
20260630,16,11,不明,77630,6,中島秀治,山口達也
20260630,16,12,不明,18350,5,豊田健士郎,守屋美穂
20260630,17,3,不明,19480,6,村岡賢,中岡健人
20260630,17,6,不明,33860,2,坂東満,岩崎正哉
20260630,19,2,不明,15920,2,阪本勇介,中井俊祐
20260630,19,10,不明,10610,3,田中豪,中山将
20260630,20,11,不明,41390,2,鐘ヶ江真司,黒澤めぐみ
20260630,23,5,不明,13550,2,梶山涼斗,山川美由紀
20260630,23,11,不明,29240,5,池田雄一,有賀達也
20260701,2,3,不明,31230,5,岡部大輝,藤生雄人
20260701,2,6,不明,49970,2,高山弘斗,樋口範政
20260701,2,12,不明,11530,4,笹木香吾,田頭実
20260701,5,5,不明,54470,2,黒崎竜也,佐藤航
20260701,5,10,不明,30440,5,井手良太,田路朋史
20260701,6,8,不明,31000,3,米田隆弘,川崎誠志
20260701,6,9,不明,11440,2,井川大作,籾山佳岳
20260701,7,12,不明,16440,3,高田ひかる,川野芽唯
20260701,10,2,不明,16530,2,寺田空詩,森野正弘
20260701,10,7,不明,10670,2,山下智己,岡本大
20260701,11,1,不明,35160,5,大月遊雅,小野信樹
20260701,11,3,不明,12360,3,鳥居塚孝博,加藤優弥
20260701,16,3,不明,12290,5,村上遼,松尾祭
20260701,16,10,不明,37840,3,末永由楽,近江翔吾
20260701,16,12,不明,29430,5,常住蓮,藤原啓史朗
20260701,17,1,不明,11260,2,村岡賢,横川聖志
20260701,17,7,不明,19290,3,加藤雅之,村岡賢
20260701,17,9,不明,10950,4,山本兼士,大橋栄里佳
20260701,17,10,不明,116920,5,深川麻奈美,中亮太
20260701,19,2,不明,14120,4,加藤翔,樋口喜彦
20260701,19,7,不明,22850,6,中山将,富永修一
20260701,20,2,不明,15110,4,大澤誠也,山崎鉄平
20260701,20,12,不明,37250,3,黒澤めぐみ,刑部亜里紗
20260701,22,4,不明,102040,5,中岡駿,豊田訓靖
20260701,23,1,不明,27240,4,村上宗太郎,馬野耀
20260701,23,8,不明,123360,5,若林麗,村上宗太郎
20260701,24,6,不明,57030,2,沢田昭宏,阿波勝哉
20260701,24,11,不明,107160,6,香川陽太,桑原悠
20260701,24,12,不明,114330,5,成貞琳平,山本浩次
20260702,4,4,不明,10000,4,羽野諒,杉山喜一
20260702,4,9,不明,14950,2,松井洪弥,長野壮志郎
20260702,4,12,不明,34730,3,瓜生正義,茅原悠紀
20260702,5,7,不明,29850,5,川原涼,野中義生
20260702,5,10,不明,14060,2,松竹大輔,繁野谷圭介
20260702,6,1,不明,11310,6,椎名豊,芹澤克彦
20260702,7,2,不明,13740,4,長嶋万記,西澤日花里
20260702,7,5,不明,53770,2,岩田凌,森口和紀
20260702,8,5,不明,14020,5,益田啓司,栗山繁洋
20260702,8,6,不明,141430,5,間野兼礼,重成一人
20260702,11,8,不明,12860,3,大月遊雅,吉田和仁
20260702,11,9,不明,17650,4,岡崎凪汰,渡辺空依
20260702,11,11,不明,11370,2,後藤翔之,柴田大輔
20260702,16,1,不明,26410,3,佐藤大佑,平尾崇典
20260702,16,3,不明,12760,4,中島秀治,石原翼
20260702,16,4,不明,11280,5,山本寛久,坂元浩仁
20260702,16,7,不明,17690,2,入海馨,河野大
20260702,16,12,不明,18870,4,松田大志郎,木下翔太
20260702,19,6,不明,11310,3,藤森拓海,木田峰由季
20260702,20,2,不明,34800,4,深川和仁,三松直美
20260702,21,5,不明,31950,2,佐藤右京,尾嶋一広
20260702,21,7,不明,21010,2,北川敏弘,宇土泰就
20260702,21,10,不明,12260,2,小野勇作,今村暢孝
20260702,21,12,不明,15370,3,秦英悟,前田将太
20260702,23,1,不明,123440,3,古賀千晶,竹井奈美
20260702,23,10,不明,26570,4,後藤美翼,大場恒季
20260702,24,5,不明,27950,5,荒井翔伍,滝沢芳行
20260702,24,12,不明,12250,2,平田忠則,杉山裕也
20260703,4,1,不明,26580,5,井本昌也,國弘翔平
20260703,6,2,不明,33030,4,一色凌雅,米田隆弘
20260703,6,11,不明,55000,3,橋本英一,若林義人
20260703,7,9,不明,22430,2,森口和紀,坂本雄紀
20260703,9,1,不明,15330,3,宮地秀祈,松井賢治
20260703,9,2,不明,10600,3,西村豪洋,星野太郎
20260703,11,7,不明,35050,3,小野信樹,竹下大樹
20260703,12,2,不明,21630,5,村田敦,雑賀勇貴
20260703,12,6,不明,41860,3,森智哉,村松栄太
20260703,12,8,不明,36770,3,雑賀勇貴,高濱芳久
20260703,13,5,不明,37310,3,三嶌さらら,幸田智裕
20260703,16,1,不明,13100,3,石原翼,山本寛久
20260703,16,3,不明,11670,5,野中一平,下出卓矢
20260703,16,4,不明,18160,6,篠原晟弥,金田智博
20260703,19,7,不明,36550,4,向井田直弥,浅井翼
20260703,19,8,不明,13650,2,藤丸光一,畔柳俊吾
20260703,20,1,不明,17750,4,亀本勇樹,小野京平
20260703,20,6,不明,26970,6,佐藤太亮,中田元泰
20260703,21,1,不明,31390,5,小林甘寧,東本勝利
20260703,21,3,不明,18250,4,吉川勇作,原田秀弥
20260703,21,11,不明,26380,6,尾嶋一広,溝口海義也
20260703,22,7,不明,51670,4,藤田康生,平田健之佑
20260703,22,8,不明,10890,6,東潤樹,佐藤悠
20260703,23,2,不明,42020,6,古賀千晶,宗行治哉
20260703,23,9,不明,176920,6,大須賀友,大橋由珠
20260703,23,12,不明,16750,3,後藤美翼,安河内将
20260704,1,1,不明,38320,3,小黒竜吾,今泉徹
20260704,1,9,不明,14830,4,幸野史明,佐竹恒彦
20260704,4,6,不明,10560,3,岩津徹郎,今出晋二
20260704,4,12,不明,10650,4,森清友翔,瓜生正義
20260704,7,3,不明,13080,4,澁川夏,岩田凌
20260704,7,5,不明,15490,5,豊田結,横田海人
20260704,8,4,不明,33310,2,三原司,別府昌樹
20260704,8,5,不明,32720,3,酒井陽祐,安東幸治
20260704,9,1,不明,25210,5,都築正治,大原祥昌
20260704,9,11,不明,12710,4,守田俊介,服部幸男
20260704,12,1,不明,48270,3,武田信一,深井利寿
20260704,16,3,不明,24370,5,木下翔太,佐藤大佑
20260704,16,5,不明,18510,4,河野大,野中一平
20260704,16,8,不明,47910,2,石原翼,實森美祐
20260704,18,9,不明,23160,2,松田憲幸,水摩敦
20260704,19,8,不明,30880,6,出畑孝成,佐藤駿介
20260704,21,3,不明,13450,4,小林甘寧,今村暢孝
20260704,21,7,不明,44890,5,宇野博之,山口隆史
20260704,21,8,不明,15170,3,今村暢孝,小野勇作
20260704,21,11,不明,29800,3,今井貴士,石倉洋行
20260704,22,10,不明,23450,3,井上茂,権藤俊光
20260704,23,4,不明,34310,6,竹井奈美,大賀龍之介
20260704,23,8,不明,26170,3,渡辺豊,谷口丞
20260705,4,7,不明,19550,3,福島勇樹,田頭虎親
20260705,4,8,不明,15120,4,茅原悠紀,森定晃史
20260705,5,1,不明,18490,4,河合三弘,加藤政彦
20260705,5,11,不明,22190,5,加藤政彦,石田貴洋
20260705,6,1,不明,14800,5,伊藤紘章,澤崎雄哉
20260705,6,8,不明,23980,3,杉江浩明,小林遼太
20260705,7,4,不明,23800,4,坂本雄紀,平高奈菜
20260705,7,6,不明,20070,3,森口和紀,竹間隆晟
20260705,7,11,不明,97720,2,大山千広,川野芽唯
20260705,9,3,不明,12760,3,赤岩善生,白井友晴
20260705,9,4,不明,41290,4,石川諒,明石正之
20260705,9,9,不明,12340,3,明石正之,杉田篤光
20260705,9,10,不明,30300,5,西村豪洋,石川諒
20260705,13,11,不明,41600,3,島川光男,白水勝也
20260705,16,9,不明,15310,3,河野大,小野生奈
20260705,16,10,不明,11550,4,松田大志郎,中島秀治
20260705,18,2,不明,34040,5,橋本年光,野末智一
20260705,21,2,不明,32520,2,宇土泰就,山崎祥
20260705,21,10,不明,11130,4,小林甘寧,今井貴士
20260705,22,3,不明,35720,2,鈴木智啓,西岡蒼志
20260705,23,5,不明,38150,5,西丸敦基,菊池宏志
20260705,24,1,不明,28260,4,前田光昭,小川知行
20260705,24,4,不明,17750,4,大塚康雅,山本光雄
20260706,1,2,不明,80150,6,國崎良春,吉田宗弘
20260706,1,11,不明,17840,6,三村岳人,藤原仙二
20260706,4,10,不明,23250,2,福島勇樹,佐藤隆太郎
20260706,5,1,不明,14860,4,長畑友輔,加藤高史
20260706,5,5,不明,14600,5,泉啓文,角山雄哉
20260706,5,10,不明,11830,3,岩橋裕馬,桑原将光
20260706,9,2,不明,13770,5,三馬崇史,高野心吾
20260706,9,3,不明,11440,5,岡村将也,待鳥雄紀
20260706,9,5,不明,40680,2,土井祥伍,立間充宏
20260706,9,8,不明,16580,3,杉田篤光,三馬崇史
20260706,9,11,不明,12090,3,佐藤大介,稗田聖也
20260706,12,10,不明,38030,5,宮嵜隆太郎,佐々木和伸
20260706,21,1,不明,18080,4,赤峰和也,渡邉睦広
20260706,21,2,不明,38070,3,金山立樹,西丸侑太朗
20260706,21,5,不明,319360,6,内田壮,原田秀弥
20260706,21,8,不明,22670,4,木下陽介,吉川勇作
20260706,21,12,不明,28270,3,小林甘寧,藤岡俊介
20260706,22,3,不明,23570,4,藤原孝斗,豊田訓靖
20260706,24,11,不明,124530,6,木谷賢太,廣瀬凜
20260707,1,2,不明,12710,3,小林一樹,生方靖亜
20260707,1,5,不明,21320,6,竹田和哉,山本幸也
20260707,2,2,不明,11140,5,仲谷颯仁,磯部誠
20260707,5,1,不明,21770,4,吉永浩則,岩川仁士
20260707,5,6,不明,51110,5,角山雄哉,間嶋仁志
20260707,5,9,不明,20900,3,荒井輝年,品田直樹
20260707,5,11,不明,45250,5,石田貴洋,松下一也
20260707,5,12,不明,10270,3,澤大介,鰐部太空海
20260707,8,1,不明,127190,2,飯塚響,角ひとみ
20260707,8,5,不明,29500,4,西村勝,烏野賢太
20260707,8,9,不明,74510,6,胡本悟志,小宮涼雅
20260707,8,10,不明,10170,3,清水攻二,荒井翔伍
20260707,10,2,不明,20370,6,濱崎誠,村越篤
20260707,10,5,不明,46370,4,樋口範政,高橋勲
20260707,10,11,不明,17160,6,山本修一,佐々木英樹
20260707,11,4,不明,14630,4,谷川里江,山下夏鈴
20260707,11,7,不明,10260,2,土屋南,佐々木裕美
20260707,12,5,不明,28980,2,土屋実沙希,杉山正樹
20260707,12,7,不明,47640,4,中村裕将,深井利寿
20260707,12,12,不明,13740,2,倉尾大介,田村隆信
20260707,13,1,不明,11580,2,中澤宏奈,向所浩二
20260707,13,4,不明,32860,4,今泉友吾,前野竜一
20260707,13,11,不明,24540,4,白水勝也,今泉友吾
20260707,18,3,不明,26580,6,吉田一郎,三苫晃幸
20260707,18,4,不明,36220,5,山崎昂介,徳増秀樹
20260707,20,1,不明,13430,2,伯母芳恒,前田健太郎
20260707,20,8,不明,42460,2,飯島昌弘,土屋智則
20260707,24,1,不明,16940,3,川添英正,前田光昭
20260708,1,2,不明,105060,6,吉田凌太朗,鶴田勇雄
20260708,1,4,不明,39350,3,山口修路,麻生慎介
20260708,1,5,不明,21000,5,中村泰平,藤原仙二
20260708,1,10,不明,10550,3,栗城匠,竹田和哉
20260708,2,3,不明,12270,5,佐藤翼,鹿島敏弘
20260708,2,8,不明,10760,3,池永太,金子和之
20260708,2,10,不明,14020,3,磯部誠,上條暢嵩
20260708,5,5,不明,70440,4,角山雄哉,佐々木翔斗
20260708,5,11,不明,148390,6,小坂宗司,一瀬明
20260708,10,11,不明,16220,2,鳥居塚孝博,中村真
20260708,11,2,不明,22620,4,山下夏鈴,池田紫乃
20260708,11,10,不明,23650,3,南彩寧,堀之内紀代子
20260708,11,12,不明,20310,5,田口節子,清水愛海
20260708,12,10,不明,34060,5,宮嵜隆太郎,武田信一
20260708,12,12,不明,47700,3,森高一真,中辻博訓
20260708,13,7,不明,10820,5,中村かなえ,浜本裕己
20260708,18,2,不明,13070,2,小林孝彰,野末智一
20260708,18,5,不明,71480,4,山崎昂介,若林樹蘭
20260708,18,6,不明,16000,5,小林孝彰,片岡秀樹
20260708,20,1,不明,45030,2,山田和佐,橋本久和
20260708,20,5,不明,36280,4,高橋竜矢,森野正弘
20260708,24,3,不明,16420,5,水谷理人,野村誠
20260709,2,10,不明,13170,3,松田祐季,中田竜太
20260709,2,12,不明,11680,6,丸野一樹,新田雄史
20260709,5,3,不明,23220,6,松下一也,品田直樹
20260709,5,4,不明,25340,5,長畑友輔,泉啓文
20260709,5,7,不明,13440,6,岩橋裕馬,川合理司
20260709,5,11,不明,11730,5,佐々木翔斗,一瀬明
20260709,11,11,不明,46910,3,土屋南,高憧四季
20260709,14,1,不明,13670,5,金子龍斗,丸尾義孝
20260709,14,6,不明,26970,4,上瀧絢也,坪内実
20260709,14,9,不明,10510,4,金子龍斗,汐崎正則
20260709,14,10,不明,36120,6,青木蓮,平瀬城啓
20260709,15,1,不明,10350,4,寺本昇平,長谷川親王
20260709,15,11,不明,64920,3,清水敦揮,中野希一
20260709,18,3,不明,20190,3,表憲一,吉田一郎
20260709,18,6,不明,35460,6,江本真治,橋本年光
20260709,18,9,不明,11200,3,伏田裕隆,山崎昂介
20260710,2,1,不明,11120,6,濱野谷憲吾,河合佑樹
20260710,6,1,不明,20940,5,藤原早菜,倉田郁美
20260710,6,10,不明,18190,6,前川守嗣,藤田竜弘
20260710,6,12,不明,31710,5,山下友貴,長嶋万記
20260710,9,4,不明,16030,4,中嶋達也,石川吉鎬
20260710,9,8,不明,55990,5,中野孝二,中島浩哉
20260710,9,10,不明,30820,4,岡部大輝,谷口知優
20260710,10,5,不明,10730,4,樋口範政,宮地博士
20260710,11,12,不明,141260,5,寺田空詩,井上遥妃
20260710,15,1,不明,11060,2,下田哲也,加藤雅之
20260710,15,3,不明,41530,4,豊田泰洋,細川明人
20260710,15,4,不明,10750,6,岡本大,岸蔭亮
20260710,15,7,不明,13760,3,奥田誠,星栄爾
20260710,16,1,不明,36030,6,福田理,西川拓利
20260710,19,1,不明,13690,3,宮本夏樹,大田直弥
20260710,19,8,不明,10460,5,大澤誠也,照屋厚仁
20260710,20,9,不明,30570,6,小池修平,後藤隼之
20260710,22,12,不明,32750,4,永田啓二,前田将太
20260710,23,3,不明,17040,4,深川和仁,永嶋裕一
20260710,23,8,不明,18490,4,川崎誠志,中岡健人
20260710,23,11,不明,17800,4,松尾拓,渡邉翼
20260711,3,4,不明,21230,4,浅井翼,川崎智稔
20260711,3,11,不明,18280,2,山崎鉄平,山本英志
20260711,4,10,不明,10610,2,品川二千翔,榎幸司
20260711,6,5,不明,44080,2,藤生雄人,前川守嗣
20260711,9,1,不明,17020,5,石原光,亀山雅幸
20260711,9,2,不明,22620,3,山道諄也,中村守成
20260711,9,5,不明,16100,5,松竹大輔,宮脇遼太
20260711,10,2,不明,224220,5,飯山晃三,武田光史
20260711,10,7,不明,50390,5,富山弘幸,森林太
20260711,11,7,不明,35190,3,中曽瑠華,藤堂里香
20260711,14,12,不明,32280,3,青木蓮,鈴木孝明
20260711,16,4,不明,23290,2,畑田汰一,小川時光
20260711,19,9,不明,30250,6,村田浩司,吉川晴人
20260711,22,3,不明,23940,4,下河誉史,笠雅雄
20260711,22,5,不明,23240,5,上野俊樹,小川日紀太
20260711,22,11,不明,234130,4,小松卓司,高倉和士
20260711,23,6,不明,14580,2,深山祐二,松下直也
20260711,23,9,不明,14700,2,森竜也,原村拓也
20260712,2,4,不明,12690,4,菊地孝平,中田竜太
20260712,3,4,不明,18590,4,松井友汰,牧村俊輝
20260712,4,6,不明,16470,6,武井莉里佳,滝沢芳行
20260712,5,1,不明,80400,6,出口舞有子,今井裕梨
20260712,5,5,不明,30530,2,藤本元輝,谷本幸司
20260712,5,6,不明,10500,3,下出卓矢,村上宗太郎
20260712,5,11,不明,10300,2,上原崚,外崎悟
20260712,5,12,不明,58520,5,木村仁紀,平尾崇典
20260712,6,8,不明,27730,5,内山七海,小野桜
20260712,8,4,不明,31280,2,森作広大,泉具巳
20260712,9,10,不明,11100,2,松山将吾,岡部大輝
20260712,10,3,不明,13190,6,桑原啓,谷勝幸
20260712,10,7,不明,23240,3,佐々木英樹,桑原啓
20260712,10,8,不明,15020,3,吉原聖人,一柳和孝
20260712,10,11,不明,93690,6,武田光史,繁野谷圭介
20260712,10,12,不明,10830,2,三角哲男,萩原秀人
20260712,11,7,不明,10350,2,小林愛実,香川素子
20260712,11,10,不明,11730,3,山口真喜子,平川香織
20260712,14,4,不明,10250,3,汐崎正則,深水慎一郎
20260712,14,11,不明,13080,4,笹木香吾,山本梨菜
20260712,15,6,不明,113770,5,山田佑樹,清水敦揮
20260712,15,11,不明,14160,6,久田敏之,松田淳平
20260712,19,3,不明,29850,4,藤田俊祐,酒見峻介
20260712,19,5,不明,10580,5,北山康介,山ノ内雅人
20260712,19,9,不明,11070,2,尾上雅也,大澤風葵
20260712,20,1,不明,20770,2,柳瀬幹太,橋本久和
20260712,20,3,不明,49150,4,伯母芳恒,出畑孝典
20260712,20,9,不明,10300,2,福田翔吾,森野正弘
20260712,23,6,不明,22480,4,渡邉翼,抹香雄三
20260712,23,10,不明,25520,2,草場康幸,吉永則雄
20260713,3,3,不明,10090,4,一色凌雅,齋藤達希
20260713,3,12,不明,74970,5,妹尾忠幸,金子拓矢
20260713,6,2,不明,19300,2,金子良昭,柳橋宏紀
20260713,6,7,不明,42700,4,滝沢織寧,渡邉真奈美
20260713,7,5,不明,16160,3,島田賢人,枝尾賢
20260713,7,8,不明,55430,2,中村有裕,村上遼
20260713,13,3,不明,26130,4,登みひ果,池田浩美
20260713,13,8,不明,20910,4,魚谷香織,池千夏
20260713,13,10,不明,71770,3,西村歩,岩崎芳美
20260713,14,3,不明,16380,2,深水慎一郎,丸尾義孝
20260713,14,5,不明,12280,3,金子龍斗,三宅潤
20260713,14,8,不明,12210,3,石原翼,横田茂
20260713,16,2,不明,19110,5,新井英孝,若林義人
20260713,16,12,不明,75950,6,畑田汰一,西野翔太
20260713,19,3,不明,20800,5,藤田俊祐,相馬翔
20260713,19,5,不明,56000,4,亀本勇樹,服部達哉
20260713,19,7,不明,14110,3,大澤風葵,中島昂章
20260713,23,3,不明,13060,2,川崎誠志,田路朋史
20260713,23,9,不明,17190,6,金田智博,大崎翔
20260714,1,8,不明,38920,3,渡辺豊,池田雄一
20260714,3,10,不明,32410,4,津久井拓也,坪井康晴
20260714,4,9,不明,10230,4,堀本和也,本村大
20260714,5,1,不明,32070,6,平尾崇典,大橋由珠
20260714,6,1,不明,15060,3,本田愛,倉田郁美
20260714,6,3,不明,12530,5,郷原章平,田中堅
20260714,7,2,不明,20430,3,丸岡正典,安達裕樹
20260714,7,6,不明,64950,4,藤山翔大,山田祐也
20260714,9,5,不明,20330,2,佐藤永梧,安河内鈴之介
20260714,9,10,不明,11880,2,亀山雅幸,中野孝二
20260714,13,7,不明,11670,3,細川裕子,山崎小葉音
20260714,15,9,不明,25800,3,細川明人,石岡将太
20260714,21,4,不明,19470,4,谷口丞,藤原啓史朗
20260714,21,6,不明,60840,2,淺田千亜希,高橋英之
20260714,21,8,不明,31170,5,松本一毅,永井聖美
20260714,21,12,不明,18930,2,田中信一郎,寺田祥
20260714,22,1,不明,44910,2,齊藤廉,青木幸太郎
20260714,23,4,不明,12280,5,松尾拓,深山祐二
20260714,24,4,不明,17680,5,畑竜生,黒柳浩孝
20260714,24,5,不明,22180,4,深川真二,吉島祥之
20260714,24,7,不明,11940,3,小林京平,山田亮太
20260714,24,10,不明,21780,2,森晋太郎,広次修
20260715,1,1,不明,43960,4,小林遼太,鳥居塚嶺王
20260715,1,3,不明,16520,6,濱崎直矢,柴田友和
20260715,1,8,不明,28210,2,藤森拓海,渡邉英児
20260715,3,3,不明,10790,4,渡辺空依,堀本翔太
20260715,5,4,不明,10810,4,南野利騰,藤本元輝
20260715,6,1,不明,11500,4,平田さやか,津田裕絵
20260715,6,5,不明,15000,5,本田愛,木村紗友希
20260715,6,7,不明,19170,5,田中堅,柳橋宏紀
20260715,7,10,不明,23110,5,杉山裕也,瓜生正義
20260715,8,4,不明,12630,5,白水勝也,宇野博之
20260715,8,8,不明,11270,4,鈴木猛,上田洋平
20260715,8,10,不明,45420,6,山川雄大,松井洪弥
20260715,8,11,不明,55510,6,佐藤旭,宮下元胤
20260715,12,7,不明,18890,4,藤丸光一,山田真聖
20260715,12,11,不明,31710,4,山口晃朋,北村征嗣
20260715,13,1,不明,11210,3,武藤綾子,登みひ果
20260715,17,1,不明,10870,2,北川幸典,高橋正男
20260715,17,7,不明,98100,6,向井田佑紀,野見山拓己
20260715,18,2,不明,11010,5,秦英悟,作間章
20260715,18,3,不明,47400,3,丹下健,久永祥平
20260715,18,4,不明,20830,3,小畑実成,川原祐明
20260715,18,6,不明,11390,4,越智照浩,崎利仁
20260715,21,3,不明,12240,2,榮田将彦,片岡大地
20260715,21,4,不明,15650,4,内山峻輔,河野大
20260715,21,6,不明,45450,5,高野哲史,明石正之
20260715,21,9,不明,43210,2,樫葉新心,松本博昭
20260715,22,2,不明,54410,2,青木幸太郎,上野俊樹
20260715,23,6,不明,17660,5,田路朋史,桑島和宏
20260715,23,11,不明,11350,3,桑島和宏,中村辰也
20260715,24,3,不明,14440,5,真庭明志,豊田訓靖
20260715,24,4,不明,22190,5,伊藤紘章,渡辺真至
20260715,24,7,不明,26510,5,大塚雅治,佐藤博亮
20260716,3,2,不明,19240,4,山崎義明,宮崎奏磨
20260716,3,3,不明,39410,5,金田大輔,村田敦
20260716,3,11,不明,12500,3,山崎義明,原田篤志
20260716,5,3,不明,18830,5,出口舞有子,蜂須瑞生
20260716,5,4,不明,13330,4,鈴木峻佑,南野利騰
20260716,5,8,不明,24210,3,南野利騰,中村駿平
20260716,5,10,不明,131130,4,村上功祐,赤羽克也
20260716,7,3,不明,13460,3,稲田浩二,永田秀二
20260716,7,5,不明,12800,6,峰竜太,松江秀徳
20260716,7,6,不明,14550,5,山田祐也,海野康志郎
20260716,7,8,不明,22830,6,吉田凌太朗,原田幸哉
20260716,8,6,不明,43080,4,黒田誠司,桑原将光
20260716,11,4,不明,15290,5,篠崎元志,杉山勝匡
20260716,11,11,不明,12870,3,夏山亮平,松下一也
20260716,12,1,不明,15010,4,廣部大明,古場輝義
20260716,12,4,不明,10230,4,嶋田貴支,鈴木章司
20260716,13,4,不明,23070,2,鎌倉涼,大澤真菜
20260716,13,6,不明,18350,3,田中博子,原加央理
20260716,13,7,不明,39860,5,山崎小葉音,大廣咲季
20260716,17,1,不明,34740,5,橋本年光,梶野学志
20260716,17,4,不明,12750,2,高橋正男,今坂晃広
20260716,18,2,不明,65870,4,小畑実成,大平誉史明
20260716,18,4,不明,11820,3,宮地秀祈,藤岡俊介
20260716,18,12,不明,33020,2,大場敏,秦英悟
20260716,21,1,不明,27090,3,明石正之,中村桃佳
20260716,21,10,不明,19410,4,明石正之,土山卓也
20260716,21,11,不明,76730,6,浜野孝志,松尾祭
20260716,24,10,不明,43710,5,小林京平,真庭明志
20260716,24,12,不明,19190,3,吉島祥之,南佑典
20260717,1,3,不明,16500,2,堤啓輔,黒澤めぐみ
20260717,2,6,不明,10550,5,野間大樹,小川知行
20260717,2,7,不明,40730,4,寺嶋雄,田村隆信
20260717,2,12,不明,48310,4,田村隆信,吉川貴仁
20260717,7,9,不明,39780,5,須藤博倫,杉山裕也
20260717,7,11,不明,31840,5,山本寛久,峰竜太
20260717,8,7,不明,20560,2,木下雄介,宇土泰就
20260717,8,8,不明,20420,5,島川光男,花本夏樹
20260717,11,2,不明,16810,3,松田隆司,中本大樹
20260717,11,3,不明,13800,3,麻生慎介,坂東満
20260717,11,5,不明,19890,3,佐竹太一,宇佐見淳
20260717,12,1,不明,50530,6,山田真聖,富田恕生
20260717,13,3,不明,31070,4,武藤綾子,門田栞
20260717,13,5,不明,13620,4,渡邉優美,廣中智紗衣
20260717,16,1,不明,32890,2,角山雄哉,木山誠一
20260717,16,2,不明,23120,4,小宮涼雅,山一鉄也
20260717,16,3,不明,10140,3,服部達哉,谷川祐一
20260717,16,5,不明,14420,3,井川大作,石原光
20260717,17,4,不明,19680,3,大井清貴,石丸海渡
20260717,17,5,不明,13170,5,長尾萌加,前原哉
20260717,17,11,不明,18050,3,今村暢孝,渡邉雄朗
20260717,21,4,不明,42320,4,國分将太郎,三浦敬太
20260717,21,6,不明,13850,6,田中信一郎,犬童千秋
20260717,21,9,不明,43700,2,木山和幸,森定晃史
20260717,24,4,不明,10910,2,黒柳浩孝,萩原知哉
20260717,24,8,不明,13950,3,杉山太陽,永井源
20260717,24,9,不明,17930,5,川島圭司,山下流心
20260717,24,10,不明,17440,3,伊藤紘章,佐藤博亮
20260718,2,3,不明,40480,3,齋藤智裕,岩川仁士
20260718,4,12,不明,22030,5,佐藤翼,石渡鉄兵
20260718,7,1,不明,90330,2,枝尾賢,稲田浩二
20260718,7,2,不明,21380,3,杉山裕也,岡祐臣
20260718,7,12,不明,65350,6,豊田健士郎,瓜生正義
20260718,8,4,不明,13810,4,木下陽介,白水勝也
20260718,8,6,不明,57910,2,待鳥雄紀,小山勉
20260718,9,6,不明,12870,5,砂長知輝,湯淺紀香
20260718,10,2,不明,12210,5,関口智久,武富智亮
20260718,10,12,不明,38030,2,権藤俊光,白井英治
20260718,11,11,不明,44650,3,乙藤智史,飯山泰
20260718,12,7,不明,11700,3,都築正治,藤丸光一
20260718,13,8,不明,21090,5,福岡泉水,平高奈菜
20260718,16,5,不明,28240,4,原村拓也,雑賀勇貴
20260718,16,6,不明,25840,3,門間雄大,太田和美
20260718,16,11,不明,10830,2,木谷賢太,池田雄祐
20260718,17,8,不明,59960,2,西村美智子,平山智加
20260718,18,1,不明,23100,3,大澤大夢,作間章
20260718,18,7,不明,12820,3,森貴洋,井上慧人
20260718,20,10,不明,29180,2,廣瀬篤哉,杉山正樹
20260718,21,3,不明,34840,5,中辻博訓,水摩敦
20260718,21,10,不明,48100,4,富永大一,高野哲史
20260719,1,10,不明,27940,4,籾山佳岳,石倉洋行
20260719,2,9,不明,10850,3,田村隆信,寺嶋雄
20260719,4,3,不明,16360,2,大塚康雅,岡部浩
20260719,5,4,不明,10640,3,徳増秀樹,淺香文武
20260719,5,6,不明,26520,2,前田光昭,宮内直哉
20260719,8,2,不明,16350,2,中島真二,木下陽介
20260719,8,5,不明,32620,4,鈴谷一平,宮下元胤
20260719,8,10,不明,46280,2,島川光男,吉田一郎
20260719,9,12,不明,11640,2,平川香織,高憧四季
20260719,10,1,不明,27270,5,吉田翔悟,坂口周
20260719,10,2,不明,28820,4,坂井滉哉,相原利章
20260719,11,2,不明,12610,2,野長瀬正孝,重富伸也
20260719,11,5,不明,11980,5,久富政弘,飯山泰
20260719,11,8,不明,13450,3,河内一馬,米田隆弘
20260719,11,12,不明,28170,4,米田隆弘,麻生慎介
20260719,12,2,不明,12110,5,山口晃朋,古賀繁輝
20260719,16,2,不明,18680,5,向後龍一,三木晴斗
20260719,16,5,不明,12600,4,尾上雅也,照屋厚仁
20260719,16,7,不明,13010,3,中島昂章,小宮涼雅
20260719,17,3,不明,16410,3,今坂晃広,中尾彩香
20260719,17,4,不明,85480,5,日笠勝弘,大井清貴
20260719,17,11,不明,28770,5,小林甘寧,橋本年光
20260719,18,2,不明,33810,4,伊藤啓三,國崎良春
20260719,18,10,不明,35560,3,小畑実成,川原祐明
20260719,19,5,不明,36750,3,中川りな,今井美亜
20260719,20,6,不明,37690,5,富永夏哉人,向所浩二
20260719,21,3,不明,29110,5,中辻博訓,土山卓也
20260719,21,8,不明,22520,3,松尾祭,芹澤克彦
20260719,21,12,不明,46740,2,藤原啓史朗,田中信一郎
20260720,2,1,不明,17060,4,占部一真,武田信一
20260720,2,5,不明,53030,3,小川知行,田村隆信
20260720,2,12,不明,22640,5,栗城匠,吉川貴仁
20260720,4,4,不明,23110,5,中澤和志,大塚康雅
20260720,4,10,不明,54540,6,山下和彦,大久保信一郎
20260720,9,1,不明,31500,6,大澤風葵,柴田百恵
20260720,9,3,不明,15570,3,藤原仙二,森下愛梨
20260720,9,4,不明,15590,5,仲航太,仲道大輔
20260720,10,5,不明,45930,3,向井田直弥,芝田浩治
20260720,10,8,不明,12270,3,木田峰由季,山崎昂介
20260720,11,4,不明,114330,6,松村康太,佐竹太一
20260720,11,9,不明,30240,5,川崎公靖,松村康太
20260720,12,2,不明,15150,3,上村慎太郎,高橋二朗
20260720,12,6,不明,23300,2,伊藤尚汰,畔柳俊吾
20260720,15,7,不明,74770,2,谷勝幸,島崎丈一朗
20260720,15,12,不明,14430,3,柳生泰二,平本真之
20260720,16,4,不明,50430,5,角山雄哉,廣瀬真也
20260720,16,10,不明,33800,5,烏野賢太,向後龍一
20260720,19,12,不明,52130,6,大山千広,海野ゆかり
20260720,20,8,不明,11670,2,金子和之,牧宏次
20260720,22,4,不明,15200,3,笹木香吾,藤森陸斗
20260720,22,6,不明,172720,6,三馬崇史,加倉侑征
20260721,4,2,不明,31450,4,藤井徹,中野和裕
20260721,4,5,不明,11730,2,富澤祐作,井田涼介
20260721,4,6,不明,29770,4,岡部浩,大久保信一郎
20260721,5,2,不明,14950,3,西田靖,大谷直弘
20260721,9,4,不明,28400,5,石原翼,宮崎安奈
20260721,10,3,不明,74020,6,関口智久,是澤孝宏
20260721,10,9,不明,14410,3,山崎昂介,川上清人
20260721,10,12,不明,23240,3,島田一生,権藤俊光
20260721,12,4,不明,67840,5,竹田広樹,都築正治
20260721,12,9,不明,10590,2,松井賢治,竹田広樹
20260721,12,11,不明,23220,4,古賀繁輝,平田健之佑
20260721,16,2,不明,10080,4,角山雄哉,小宮涼雅
20260721,16,4,不明,11640,4,烏野賢太,井川大作
20260721,16,6,不明,16130,2,鈴木裕隆,向後龍一
20260721,20,10,不明,27060,5,富永夏哉人,西橋奈未
20260721,22,1,不明,161450,5,井上遥妃,西川拓利
20260721,22,4,不明,10350,3,常住蓮,山田理央
20260721,22,8,不明,26750,4,登玉隼百,野田なづき
20260721,22,9,不明,23350,4,津田陸翔,内山七海
20260721,22,11,不明,15510,2,田中宏典,中村日向
20260722,5,12,不明,13880,3,渡邊雄斗,中田竜太
20260722,9,2,不明,25630,4,青木蓮,宇留田翔平
20260722,9,3,不明,11130,3,畑田汰一,仲航太
20260722,10,3,不明,20110,3,是澤孝宏,岩崎正哉
20260722,10,7,不明,31530,5,相原利章,石井伸長
20260722,10,9,不明,11420,5,藤山雅弘,吉田翔悟
20260722,14,2,不明,11590,3,富永修一,金子良昭
20260722,14,6,不明,10310,4,出畑孝成,常盤海心
20260722,15,2,不明,29390,6,青木幸太郎,田代達也
20260722,15,9,不明,38840,2,一柳和孝,田中宏樹
20260722,15,10,不明,14970,3,永嶋裕一,篠田優也
20260722,15,12,不明,19210,3,小林一樹,吉川元浩
20260722,16,1,不明,12850,5,金山立樹,宮野仁
20260722,16,9,不明,17550,4,照屋厚仁,荒井翔伍
20260722,22,4,不明,19960,3,田中宏典,山崎祥
20260722,22,7,不明,16270,3,實森美祐,垂水悠
20260722,22,10,不明,32930,3,山崎祥,品川二千翔
20260722,23,10,不明,14240,5,高岡竜也,冨成謙児
20260722,23,11,不明,201690,4,山口隆史,石本裕武
20260722,24,6,不明,24540,6,三角哲男,橋口真樹
20260722,24,10,不明,36450,5,馬野耀,山本英志
20260722,24,12,不明,14290,4,田中和也,渡辺浩司
20260723,1,9,不明,42420,4,鈴木賢一,近江翔吾
20260723,3,5,不明,31910,6,船岡洋一郎,折下寛法
20260723,3,7,不明,12340,2,赤岩善生,前出達吉
20260723,3,10,不明,19600,4,川崎誠志,石倉洋行
20260723,5,2,不明,11550,2,浦田信義,宮内直哉
20260723,5,3,不明,10940,5,村田敦,後藤隼之
20260723,5,10,不明,59990,4,中村栄治,金田諭
20260723,8,6,不明,13960,5,椎名豊,田路朋史
20260723,8,8,不明,54060,6,鶴田勇雄,高橋真吾
20260723,8,9,不明,10280,3,青木玄太,松本庸平
20260723,9,10,不明,47900,4,楠将太郎,廣瀬凜
20260723,13,3,不明,15730,4,川原涼,金子貴志
20260723,13,6,不明,45670,3,岩橋裕馬,黒崎竜也
20260723,13,12,不明,18100,2,安田政彦,松山将吾
20260723,15,1,不明,187460,5,村越篤,亀本勇樹
20260723,19,2,不明,22800,4,山下奈緒,藤本紗弥香
20260723,21,4,不明,88220,4,高田綾,深井利寿
20260723,21,10,不明,17010,3,山崎鉄平,藤山翔大
20260723,22,1,不明,36910,4,大賀龍之介,井本昌也
20260723,22,5,不明,19900,3,北村寧々,山本梨菜
20260723,22,7,不明,21860,4,宮脇遼太,島川海輝
20260723,23,11,不明,32360,4,奈須啓太,後藤正宗
20260723,24,2,不明,13080,5,山本隆幸,岡暢祐
20260724,1,7,不明,29170,6,滝沢芳行,古賀智之
20260724,2,5,不明,121380,5,小野京平,松井洪弥
20260724,2,7,不明,15400,3,齋藤達希,中村泰平
20260724,2,11,不明,107490,5,三品隆浩,野末智一
20260724,3,4,不明,10320,5,尾嶋一広,宮地博士
20260724,3,7,不明,62410,6,竹之内極,杉山裕也
20260724,6,2,不明,11470,5,出口舞有子,魚谷香織
20260724,6,8,不明,18530,5,村松遥輝,濱崎直矢
20260724,6,11,不明,16350,3,中島友和,丸岡正典
20260724,8,1,不明,110690,2,前田健太郎,原田篤志
20260724,8,5,不明,29690,4,守田俊介,金田幸子
20260724,8,9,不明,52530,3,田路朋史,滝沢崚
20260724,12,1,不明,12960,2,豊田訓靖,大町利克
20260724,13,5,不明,22060,5,石川真二,大田直弥
20260724,14,11,不明,24390,2,宮之原輝紀,有賀達也
20260724,15,7,不明,30260,4,川上剛,野口勝弘
20260724,17,1,不明,26370,3,橋本英一,樋口亮
20260724,17,3,不明,92140,6,守屋大地,松本一毅
20260724,17,10,不明,22240,4,東本勝利,中辻博訓
20260724,19,7,不明,49690,5,森陽多,喜井つかさ
20260724,19,9,不明,38360,5,龍田真白,松田真実
20260724,19,10,不明,20700,6,中川りな,海野ゆかり
20260724,19,12,不明,18760,4,田口節子,片岡恵里
20260724,21,6,不明,10800,3,下條雄太郎,三宅健太
20260724,21,11,不明,18560,5,松田竜馬,松江秀徳
20260724,22,2,不明,14860,3,宮脇遼太,田中駿兵
20260724,23,2,不明,45920,4,松下哲也,川島圭司
20260724,23,6,不明,15430,3,大島隆乃介,豊田祥生
20260724,23,8,不明,35750,3,山田和佐,松下哲也
20260724,24,5,不明,18040,3,佐藤永梧,三村岳人
20260725,1,12,不明,15000,5,近江翔吾,上平真二
20260725,2,10,不明,20510,6,中村泰平,吉田俊彦
20260725,2,12,不明,10260,5,松井洪弥,林美憲
20260725,3,3,不明,18640,5,永井源,高橋龍治
20260725,3,10,不明,74530,5,小林京平,赤岩善生
20260725,4,11,不明,23530,2,寺島美里,浜田亜理沙
20260725,6,1,不明,22610,2,土屋太朗,石原光
20260725,8,1,不明,57390,3,中渡修作,丹下将
20260725,12,3,不明,11490,5,藤本元輝,吉田一心
20260725,12,6,不明,11640,3,香川颯太,山田竜一
20260725,15,3,不明,18030,3,川上剛,中里昌志
20260725,17,1,不明,34130,4,谷口健一,鈴木勝博
20260725,17,6,不明,39500,6,中村将隆,西村豪洋
20260725,17,12,不明,18070,5,谷津幸宏,佐藤博亮
20260725,21,7,不明,15730,3,眞崎武蔵,高田綾
20260725,23,1,不明,14430,2,小森信雄,後藤翔之
20260725,23,5,不明,14020,4,川島圭司,石本裕武
20260725,23,7,不明,16220,4,落合直子,吉田彩乃
20260725,23,12,不明,168620,5,松下哲也,森永淳
20260725,24,1,不明,13140,3,笠雅雄,菊地敬介
20260725,24,6,不明,74040,6,菊地敬介,末永祐輝
20260725,24,12,不明,20670,5,木下大將,井手良太
20260726,2,9,不明,25500,3,　三品　　隆浩,渡辺空依
20260726,2,10,不明,18180,3,　野末　　智一,近藤雄一郎
20260726,3,6,不明,15410,3,　安達　　裕樹,小林京平
20260726,3,10,不明,10200,4,　永井　　　源,大澤普司
20260726,6,12,不明,22590,4,　川北　　浩貴,石丸海渡
20260726,8,6,不明,18780,4,　福田　　　理,四宮与寛
20260726,8,8,不明,90630,6,　佐野　　優都,田中瀬里奈
20260726,12,3,不明,17950,3,　大西　　　賢,川崎智稔
20260726,12,10,不明,16250,2,　平尾　　崇典,吉田一心
20260726,13,5,不明,139720,3,　渡部　　　悟,大野芳顕
20260726,13,12,不明,13260,3,　石川　　真二,中村有裕
20260726,14,4,不明,41050,4,　竹腰　　正樹,興津藍
20260726,14,7,不明,44290,2,　樋口　　喜彦,金子良昭
20260726,20,11,不明,75420,5,　池田　　浩美,上田健太
20260726,21,3,不明,13990,3,　津久井　拓也,松江秀徳
20260726,23,6,不明,37820,3,　山口　　隆史,岡部大輔
20260726,23,9,不明,17890,3,　角浜　　　修,川島圭司
20260727,1,1,不明,27520,3,　小倉　　康典,川辺郭人
20260727,2,1,不明,24620,4,　安藤　　瑠希,塚田修二
20260727,2,3,不明,12180,5,　野末　　智一,谷本幸司
20260727,2,11,不明,17160,4,　森定　　晃史,桐本康臣
20260727,3,10,不明,13140,3,　國分　将太郎,小林泰
20260727,4,6,不明,28520,6,　大豆生田　蒼,喜多須杏奈
20260727,6,3,不明,15560,4,　金児　　隆太,今井裕梨
20260727,6,7,不明,27130,5,　國崎　　良春,井上一輝
20260727,6,11,不明,11860,5,　井上　　一輝,國崎良春
20260727,9,6,不明,16230,4,　尾上　　雅也,鈴木智啓
20260727,10,2,不明,22510,3,　中尾　　彩香,高田ひかる
20260727,10,4,不明,10520,4,　村松　　将平,松村康太
20260727,10,8,不明,19800,4,　向所　　浩二,渡辺豊
20260727,10,9,不明,28910,2,　稗田　　聖也,西尾亮輔
20260727,10,10,不明,12730,3,　野村　　　誠,中尾彩香
20260727,10,11,不明,15130,2,　品田　　直樹,山ノ内雅人
20260727,12,8,不明,10590,5,　吉村　　正明,山下流心
20260727,14,1,不明,10050,5,　富山　　弘幸,有賀達也
20260727,14,4,不明,34260,3,　和田　　拓也,吉永則雄
20260727,14,5,不明,11710,2,　深川　　和仁,上野秀和
20260727,17,3,不明,12160,4,　井内　将太郎,南野利騰
20260727,19,3,不明,18420,4,　仲本　　　舜,飯島誠
20260727,19,8,不明,12540,4,　岡部　　大輝,仲口博崇
20260727,20,2,不明,12710,3,　岩崎　　麗子,小澤学
20260727,20,11,不明,30120,5,　石川　　　諒,寺田祥
20260727,21,1,不明,42170,5,　栗原　　一馬,岡瀬正人
20260727,21,6,不明,31590,3,　高田　　　綾,眞崎武蔵
20260727,21,9,不明,19630,3,　宇田川　信一,寺田千恵
20260728,3,4,不明,12860,5,　赤岩　　善生,永田義紘
20260728,3,5,不明,19440,5,　上原　　　崚,鈴木秀茉
20260728,4,3,不明,16740,4,　根岸　　真優,畑田希咲
20260728,4,4,不明,20440,4,　小林　　愛実,沼田七華
20260728,4,9,不明,28630,4,　大久保　佑香,山下友貴
20260728,9,2,不明,41920,2,　下河　　誉史,土性雅也
20260728,9,4,不明,27450,2,　澤　　　大介,籾山佳岳
20260728,10,1,不明,14720,2,　村松　　将平,稗田聖也
20260728,10,4,不明,41800,2,　山ノ内　雅人,石塚久也
20260728,10,5,不明,24950,2,　村松　　栄太,品田直樹
20260728,11,4,不明,43450,6,　上條　　暢嵩,中田竜太
20260728,11,5,不明,125780,6,　上野　真之介,稲田浩二
20260728,11,12,不明,13370,4,　定松　　勇樹,池田浩二
20260728,15,7,不明,19340,6,　高濱　　芳久,山田雄太
20260728,15,12,不明,10450,2,　川野　　芽唯,高憧四季
20260728,16,10,不明,16830,2,　松下　　一也,宇留田翔平
20260728,17,1,不明,88200,5,　中島　　浩哉,池田剛規
20260728,19,7,不明,37750,6,　岡部　　大輝,平見真彦
20260728,20,3,不明,23430,3,　川口　　貴久,吉川勇作
20260728,21,9,不明,13230,4,　阪本　　勇介,花田凱成
20260728,21,10,不明,13660,4,　吉川　　昭男,岡瀬正人
20260728,24,3,不明,10070,6,　西野　　雄貴,天野誠
20260728,24,12,不明,14800,4,　竹下　　大樹,赤坂俊輔
20260729,4,1,不明,10080,4,　津田　　裕絵,小林愛実
20260729,4,9,不明,10470,3,　鈴木　　成美,土屋千明
20260729,10,5,不明,43280,4,　西村　　秀樹,安井瑞紀
20260729,11,4,不明,11100,3,　遠藤　　エミ,板橋侑我
20260729,15,4,不明,12360,5,　米丸　　乃絵,坂本奈央
20260729,16,6,不明,23320,4,　香川　　陽太,松下一也
20260729,17,5,不明,25760,4,　大神　　康司,森永隆
20260729,17,11,不明,65790,6,　鈴木　　勝博,中村将隆
20260729,17,12,不明,12770,4,　和田　　兼輔,村上遼
20260729,18,12,不明,34350,4,　渡辺　　浩司,田村隆信
20260729,20,3,不明,84870,6,　市川　　健太,山本幸也
20260729,20,8,不明,107900,4,　冨田　　秀幸,上田健太
20260729,22,4,不明,23390,4,　渡邉　　睦広,川崎公靖
20260729,23,4,不明,10930,5,　櫻井　　　優,伏田裕隆
20260729,23,12,不明,51690,5,　木谷　　賢太,加藤翔馬
20260729,24,6,不明,18770,3,　谷川　　将太,平野和明
20260730,4,7,不明,19060,2,　津田　　裕絵,中嶋世奈
20260730,8,2,不明,17930,3,　津田　　陸翔,沼田大都
20260730,8,12,不明,23740,4,　中野　　希一,前田篤哉
20260730,10,5,不明,42550,4,　中島　　昂章,尾崎雄二
20260730,10,8,不明,23660,4,　品田　　直樹,村松将平
20260730,11,2,不明,14010,5,　馬場　　貴也,森高一真
20260730,11,6,不明,25950,5,　遠藤　　エミ,辻栄蔵
20260730,11,8,不明,14950,2,　松井　　　繁,平本真之
20260730,11,12,不明,13080,2,　篠崎　　仁志,茅原悠紀
20260730,15,10,不明,25410,6,　松尾　　夏海,小芦るり華
20260730,16,1,不明,133780,3,　金子　　順一,奥田誠
20260730,16,5,不明,12750,3,　千葉　　真弥,井上慧人
20260730,18,12,不明,25570,2,　高野　　心吾,長尾章平
20260730,22,4,不明,10990,3,　芝田　　京介,宮内由紀英
20260730,22,9,不明,24890,4,　森作　　雄大,乙藤智史
20260730,22,12,不明,14870,3,　山下　　昂大,笠原亮
20260730,24,6,不明,135720,6,　原田　才一郎,藤岡俊介
20260731,1,1,不明,10770,3,　池　　　千夏,島倉都
20260731,1,3,不明,10610,4,　片岡　　恵里,倉田郁美
20260731,1,6,不明,43650,6,　田中　　博子,今井裕梨
20260731,1,8,不明,27500,6,　来田　　衣織,片岡恵里
20260731,1,10,不明,13520,2,　佐々木　裕美,福岡泉水
20260731,5,2,不明,50950,2,　泥谷　　一毅,泉具巳
20260731,6,2,不明,23870,6,　山本　　隆幸,加藤高史
20260731,8,3,不明,13790,2,　杉山　　太陽,横田海人
20260731,10,5,不明,20940,3,　鈴木　　峻佑,石井孝之
20260731,13,3,不明,230690,5,　藤本　　遼磨,水野望美
20260731,13,4,不明,14880,4,　石塚　　裕介,表憲一
20260731,13,10,不明,10140,4,　庄司　　孝輔,谷村一哉
20260731,15,3,不明,110720,6,　原田　　雄次,鈴木猛
20260731,15,9,不明,13420,2,　常住　　　蓮,松尾昂明
20260731,16,3,不明,17850,6,　高倉　　孝太,片橋幸貴
20260731,16,4,不明,26800,3,　金子　　順一,宮武英司
20260731,16,6,不明,15400,3,　今村　　暢孝,今井美亜
20260731,16,12,不明,30920,2,　岸本　　　隆,海野康志郎
20260731,18,4,不明,12860,5,　山本　　浩輔,麻生慎介
20260731,18,6,不明,13920,6,　中島　　秀治,青木蓮
20260731,18,11,不明,79660,4,　青木　　　蓮,宮下元胤
20260731,19,10,不明,33740,2,　杉山　　貴博,坪口竜也
20260731,20,5,不明,23220,4,　高井　　雄基,松尾祭
20260731,22,3,不明,25800,4,　牟田　　奨太,松浦勝
20260731,23,4,不明,18450,5,　加藤　　政彦,高橋英之
20260731,23,7,不明,14160,4,　三好　　勇人,金山立樹
20260731,24,2,不明,26070,5,　谷川　　将太,中井俊祐
20260731,24,9,不明,85670,2,　山崎　　昂介,渡邉雄朗
20260731,24,11,不明,42710,6,　山地　　正樹,深川麻奈美
20260801,5,5,不明,91580,3,　石原　　凪紗,相原利章
20260801,5,12,不明,11510,3,　樅山　　拓馬,土屋智則
20260801,6,1,不明,12870,2,　寺本　　重宣,黒田誠司
20260801,6,3,不明,12680,2,　加藤　　高史,河合三弘
20260801,6,11,不明,52700,5,　横澤　　剛治,北村征嗣
20260801,8,12,不明,48060,2,　大原　　祥昌,塚越海斗
20260801,10,3,不明,12030,4,　伊藤　　玲奈,高田ひかる
20260801,10,12,不明,105110,6,　吉川　　貴仁,篠崎元志
20260801,11,3,不明,20940,3,　片岡　　雅裕,齊藤仁
20260801,11,12,不明,12310,5,　仲谷　　颯仁,磯部誠
20260801,13,1,不明,201040,2,　石村　日奈那,小澤和也
20260801,18,5,不明,10260,2,　山本　　浩輔,楠将太郎
20260801,18,7,不明,22620,2,　安部　　慎一,高野心吾
20260801,20,1,不明,20640,3,　川合　　理司,高橋勲
20260801,20,4,不明,26910,3,　伊藤　　尚汰,藤田浩人
20260801,20,12,不明,12730,5,　柳生　　泰二,宮地元輝
20260801,23,11,不明,21670,4,　河野　　真也,川上剛
20260801,23,12,不明,43320,2,　中辻　　崇人,小坂尚哉
20260802,1,7,不明,113910,5,　冨名腰　桃奈,中川りな
20260802,5,6,不明,87450,6,　藤田　　康生,吉田和仁
20260802,5,7,不明,10450,5,　福来　　　剛,長谷川晴哉
20260802,8,4,不明,10230,3,　若林　　樹蘭,三馬崇史
20260802,11,1,不明,18840,4,　関　　　浩哉,井上忠政
20260802,13,5,不明,40720,3,　米玉利　大悟,庄司孝輔
20260802,15,4,不明,15140,2,　藤田　　美代,中村桃佳
20260802,15,5,不明,29950,4,　金子　　龍斗,渡邉俊介
20260802,15,7,不明,97400,2,　服部　　達哉,谷口知優
20260802,16,1,不明,22400,3,　上田　　隆章,村松修二
20260802,20,3,不明,24950,3,　高橋　　　勲,高田明
20260802,23,3,不明,36100,5,　長谷川　　暖,角谷健吾
20260802,23,5,不明,11030,2,　宇佐見　　淳,石田貴洋
20260802,23,9,不明,34170,2,　小林　　孝弘,高橋英之
20260802,23,12,不明,30920,4,　河野　　真也,中辻崇人
20260803,1,1,不明,44530,6,　藤本　紗弥香,安達美帆
20260803,1,3,不明,22750,5,　山口　真喜子,間庭菜摘
20260803,1,5,不明,11700,3,　佐々木　裕美,樋江井舞
20260803,1,6,不明,10630,5,　今井　　裕梨,仁科さやか
20260803,4,7,不明,102260,5,　古場　　輝義,青木幸太郎
20260803,4,8,不明,18250,2,　木村　　浩士,片岡大地
20260803,4,10,不明,70860,2,　吉島　　祥之,大橋純一郎
20260803,4,12,不明,11430,2,　久田　　敏之,濱野谷憲吾
20260803,5,6,不明,15620,3,　伊藤　　喜智,三角哲男
20260803,5,10,不明,12640,3,　長岡　　良也,杉山正樹
20260803,6,6,不明,20130,5,　吉川　　元浩,林恵祐
20260803,6,9,不明,20110,3,　桑原　　　啓,深水慎一郎
20260803,6,12,不明,13430,2,　寺本　　重宣,吉川元浩
20260803,17,5,不明,12870,5,　田頭　　虎親,浜先真範
20260803,17,6,不明,16830,2,　佐藤　　　航,松本庸平
20260803,19,3,不明,18800,3,　前田　健太郎,白井友晴
20260803,19,6,不明,15890,3,　山本　稔太朗,楠原正剛
20260803,21,1,不明,24690,2,　加藤　　啓太,盛本真輔
20260803,21,2,不明,68770,5,　宮本　　琉正,有賀達也
20260803,21,9,不明,13350,4,　盛本　　真輔,小池哲也
20260803,21,10,不明,38460,5,　丹下　　　健,武富智亮
20260803,22,1,不明,35770,6,　鳥居塚　嶺王,笠原亮
20260803,23,7,不明,49010,5,　三村　　岳人,宇佐見淳
20260804,1,9,不明,10440,4,　佐々木　裕美,清水愛海
20260804,1,12,不明,13870,4,　藤本　紗弥香,加藤綾
20260804,4,2,不明,35930,4,　村越　　　篤,松本純平
20260804,4,3,不明,14220,3,　吉島　　祥之,川口貴久
20260804,5,9,不明,69690,3,　樅山　　拓馬,鶴本崇文
20260804,6,6,不明,77140,4,　北川　　幸典,榮田将彦
20260804,6,12,不明,16220,4,　佐々木　康幸,吉川元浩
20260804,8,1,不明,16910,2,　尾道　　佳諭,中村栄治
20260804,8,11,不明,15620,4,　坂本　　雄紀,鈴木孝明
20260804,10,5,不明,11670,2,　仲道　　大輔,高橋竜矢
20260804,10,6,不明,12130,2,　鈴木　　雅希,森安弘雅
20260804,10,7,不明,18550,4,　守田　　俊介,村田敦
20260804,12,3,不明,18510,4,　石川　　　諒,抹香雄三
20260804,12,6,不明,46800,5,　渡辺　　空依,菊池峰晴
20260804,12,9,不明,10000,3,　鈴木　　裕隆,石川諒
20260804,12,11,不明,28140,3,　岡部　　大輝,高岡竜也
20260804,13,1,不明,29140,2,　表　　　憲一,石村日奈那
20260804,13,2,不明,11110,5,　石塚　　裕介,松尾拓
20260804,13,10,不明,25760,4,　郷原　　章平,森悠稀
20260804,17,2,不明,14790,2,　藤田　　靖弘,大田直弥
20260804,19,6,不明,12480,5,　上平　　真二,森弘行
20260804,21,2,不明,22100,4,　上村　　純一,登玉隼百
20260805,4,4,不明,41440,3,　川口　　貴久,木村浩士
20260805,4,7,不明,20600,5,　宮之原　輝紀,森竜也
20260805,5,2,不明,45230,6,　土屋　　智則,相原利章
20260805,5,7,不明,31440,3,　畔柳　　俊吾,吉村誠
20260805,5,8,不明,28640,3,　小野　　　桜,長谷川晴哉
20260805,12,1,不明,14130,3,　田代　　達也,佐藤大騎
20260805,12,11,不明,18610,4,　山田　　晃大,金子拓矢
20260805,17,10,不明,23020,3,　大田　　直弥,山崎聖司
20260805,19,5,不明,145330,5,　森　　　弘行,松崎祐太郎
20260805,21,8,不明,26000,6,　丸岡　　正典,河上年昭
20260805,21,9,不明,38810,4,　宮本　　琉正,山本英志
20260806,2,1,不明,24720,5,　長畑　　友輔,小川竜太朗
20260806,2,2,不明,15430,4,　向井田　佑紀,中岡健人
20260806,2,9,不明,12680,5,　中村　　晃朋,渡邉健
20260806,4,2,不明,11490,3,　楠原　　翔太,濱野谷憲吾
20260806,4,8,不明,42780,6,　木村　　浩士,吉島祥之
20260806,4,10,不明,54590,4,　深澤　　達徳,秋元哲
20260806,10,11,不明,15910,5,　高橋　　竜矢,梅木敬太
20260806,12,9,不明,15330,5,　亀山　　雅幸,小倉康典
20260806,12,11,不明,16380,3,　沢田　　昭宏,若林将
20260806,14,2,不明,102490,4,　村松　　栄太,竹田吉行
20260806,14,9,不明,13990,3,　小林　　礼央,村上功祐
20260806,17,12,不明,69850,6,　藤原　　菜希,吉川喜継
20260806,18,3,不明,15320,4,　三浦　　永理,寺田千恵
20260806,18,6,不明,30110,5,　藤原　　早菜,蜂須瑞生
20260806,18,7,不明,18830,5,　千葉　　真弥,西村美智子
20260806,19,4,不明,10550,2,　香川　　颯太,豊田訓靖
20260806,19,11,不明,49770,3,　赤岩　　善生,市川哲也
20260806,24,1,不明,17610,2,　高木　　圭大,中島浩哉
20260806,24,7,不明,10130,5,　眞鳥　　康太,吉田一郎
20260807,2,8,不明,25330,3,　栗原　　一馬,三宅健太
20260807,2,9,不明,12690,2,　谷口　　知優,福田翔吾
20260807,2,10,不明,91030,2,　大塚　　浩二,楠将太郎
20260807,2,12,不明,29900,4,　前出　　達吉,森高一真
20260807,4,3,不明,15560,3,　川原　　正明,青木幸太郎
20260807,4,8,不明,31150,3,　川口　　貴久,川原正明
20260807,9,3,不明,18940,4,　南　　　佑典,木村光宏
20260807,10,3,不明,15920,3,　嶋　　　義信,中村魁生
20260807,10,4,不明,10850,3,　土山　　卓也,馬野耀
20260807,10,9,不明,23650,3,　梅木　　敬太,岡崎凪汰
20260807,14,7,不明,11550,3,　菅　　　章哉,三木晴斗
20260807,14,8,不明,15070,4,　畑　　　和宏,山口修路
20260807,14,12,不明,35870,2,　岡部　　　浩,菅章哉
20260807,15,6,不明,16090,5,　谷川　　将太,三好勇人
20260807,15,7,不明,11560,3,　桐本　　康臣,岡田憲行
20260807,15,9,不明,23560,3,　矢野　真梨菜,喜多須杏奈
20260807,17,3,不明,27190,4,　谷本　　幸司,新田洋一
20260807,17,7,不明,27720,2,　松本　　庸平,岡崎恭裕
20260807,17,9,不明,11320,3,　津田　　裕絵,畑竜生
20260807,18,11,不明,24580,3,　内山　　七海,井上遥妃
20260807,18,12,不明,12560,3,　田口　　節子,鎌倉涼
20260807,19,2,不明,23810,4,　豊田　　訓靖,廣中良一
20260807,19,7,不明,61260,5,　横井　　健太,香川颯太
20260807,19,10,不明,112270,5,　木下　　雄介,三浦敬太
20260807,20,8,不明,13950,4,　柴田　　大輔,仲谷颯仁
20260807,24,2,不明,26400,5,　石川　　真二,今井貴士
20260807,24,10,不明,12680,3,　日高　龍之介,高田明
20260808,02,4,不明,33170,4,　加藤　　優弥,星野太郎
20260808,02,6,不明,15720,3,　中村　　晃朋,向井田佑紀
20260808,04,3,不明,10580,2,　星　　　栄爾,三浦裕貴
20260808,04,4,不明,13030,5,　北野　　輝季,松尾宣邦
20260808,09,1,不明,19670,5,　野田　　昇吾,大崎翔
20260808,09,7,不明,10580,5,　松田　　祐季,表健太
20260808,10,10,不明,28260,4,　為本　　智也,森晋太郎
20260808,10,11,不明,13170,3,　竹田　　辰也,守田俊介
20260808,12,4,不明,34800,3,　亀山　　雅幸,高岡竜也
20260808,12,10,不明,23420,3,　北中　　元樹,山田晃大
20260808,14,10,不明,25530,3,　竹田　　吉行,村松栄太
20260808,15,2,不明,16270,3,　野田部　宏子,小林基樹
20260808,15,3,不明,80660,2,　岡　　　暢祐,谷川将太
20260808,15,5,不明,24730,3,　加藤　　　翔,岸本雄貴
20260808,16,2,不明,20090,4,　森　　　智哉,峰重侑治
20260808,16,12,不明,49660,4,　渡邉　　和将,茅原悠紀
20260808,17,10,不明,17620,5,　吉川　　喜継,岡崎恭裕
20260808,17,11,不明,12450,2,　百武　　　翔,石田章央
20260808,17,12,不明,22690,5,　藤原　　菜希,松村敏
20260808,18,1,不明,93090,6,　細川　　裕子,武井莉里佳
20260808,18,3,不明,14970,4,　實森　　美祐,岩崎芳美
20260808,18,5,不明,32090,3,　香川　　素子,松尾夏海
20260808,18,10,不明,20330,2,　安井　　瑞紀,高田ひかる
20260808,18,12,不明,16150,4,　守屋　　美穂,高憧四季
20260808,19,9,不明,13550,2,　中田　　友也,豊田訓靖
20260808,20,2,不明,11940,6,　宮脇　　遼太,柴田直哉
20260808,20,3,不明,20180,2,　土井　　歩夢,池田奈津美
20260808,20,4,不明,15360,5,　植田　　太一,長野壮志郎
20260808,20,7,不明,23550,3,　水摩　　　敦,渡辺浩司
20260808,24,1,不明,24820,6,　栗山　　繁洋,上之晃弘
20260808,24,10,不明,28280,5,　高田　　　明,大神康司
